code,title,description,skills,tasks
11-1011.00,Chief Executives,"Determine and formulate policies and provide overall direction of companies or private and public sector organizations within guidelines set up by a board of directors or similar governing body. Plan, direct, or coordinate operational activities at the highest level of management with the help of subordinate executives and staff managers.","[""reading comprehension"", ""active listening"", ""writing"", ""speaking"", ""critical thinking"", ""monitoring"", ""social perceptiveness"", ""coordination"", ""persuasion"", ""negotiation"", ""complex problem solving"", ""judgment and decision making"", ""systems analysis"", ""systems evaluation"", ""time management"", ""management of financial resources"", ""management of material resources"", ""management of personnel resources""]","[""direct or coordinate an organization's financial or budget activities to fund operations, maximize investments, or increase efficiency."", ""confer with board members, organization officials, or staff members to discuss issues, coordinate activities, or resolve problems."", ""prepare budgets for approval, including those for funding or implementation of programs."", ""direct, plan, or implement policies, objectives, or activities of organizations or businesses to ensure continuing operations, to maximize returns on investments, or to increase productivity."", ""prepare or present reports concerning activities, expenses, budgets, government statutes or rulings, or other items affecting businesses or program services."", ""implement corrective action plans to solve organizational or departmental problems."", ""analyze operations to evaluate performance of a company or its staff in meeting objectives or to determine areas of potential cost reduction, program improvement, or policy change."", ""direct or coordinate activities of businesses or departments concerned with production, pricing, sales, or distribution of products."", ""direct human resources activities, including the approval of human resource plans or activities, the selection of directors or other high-level staff, or establishment or organization of major departments."", ""appoint department heads or managers and assign or delegate responsibilities to them."", ""interpret and explain policies, rules, regulations, or laws to organizations, government or corporate officials, or individuals."", ""review reports submitted by staff members to recommend approval or to suggest changes."", ""negotiate or approve contracts or agreements with suppliers, distributors, federal or state agencies, or other organizational entities.""]"
11-1011.03,Chief Sustainability Officers,"Communicate and coordinate with management, shareholders, customers, and employees to address sustainability issues. Enact or oversee a corporate sustainability strategy.","[""reading comprehension"", ""active listening"", ""writing"", ""speaking"", ""critical thinking"", ""complex problem solving""]","[""monitor and evaluate effectiveness of sustainability programs."", ""develop or execute strategies to address issues such as energy use, resource conservation, recycling, pollution reduction, waste elimination, transportation, education, and building design."", ""develop, or oversee the development of, sustainability evaluation or monitoring systems."", ""supervise employees or volunteers working on sustainability projects."", ""develop sustainability reports, presentations, or proposals for supplier, employee, academia, media, government, public interest, or other groups.""]"
11-1021.00,General and Operations Managers,"Plan, direct, or coordinate the operations of public or private sector organizations, overseeing multiple departments or locations. Duties and responsibilities include formulating policies, managing daily operations, and planning the use of materials and human resources, but are too diverse and general in nature to be classified in any one functional area of management or administration, such as personnel, purchasing, or administrative services. Usually manage through subordinate supervisors. Excludes First-Line Supervisors.","[""reading comprehension"", ""active listening"", ""speaking"", ""monitoring""]","[""review financial statements, sales or activity reports, or other performance data to measure productivity or goal achievement or to identify areas needing cost reduction or program improvement."", ""direct and coordinate activities of businesses or departments concerned with the production, pricing, sales, or distribution of products."", ""direct administrative activities directly related to making products or providing services.""]"
11-2011.00,Advertising and Promotions Managers,"Plan, direct, or coordinate advertising policies and programs or produce collateral materials, such as posters, contests, coupons, or giveaways, to create extra interest in the purchase of a product or service for a department, an entire organization, or on an account basis.","[""active listening"", ""speaking"", ""critical thinking"", ""social perceptiveness""]","[""plan and prepare advertising and promotional material to increase sales of products or services, working with customers, company officials, sales departments, and advertising agencies."", ""inspect layouts and advertising copy, and edit scripts, audio, video, and other promotional material for adherence to specifications.""]"
11-2022.00,Sales Managers,"Plan, direct, or coordinate the actual distribution or movement of a product or service to the customer. Coordinate sales distribution by establishing sales territories, quotas, and goals and establish training programs for sales representatives. Analyze sales statistics gathered by staff to determine sales potential and inventory requirements and monitor the preferences of customers.","[""active listening"", ""speaking"", ""persuasion""]","[""direct and coordinate activities involving sales of manufactured products, services, commodities, real estate, or other subjects of sale."", ""resolve customer complaints regarding sales and service.""]"
11-3021.00,Computer and Information Systems Managers,"Plan, direct, or coordinate activities in such fields as electronic data processing, information systems, systems analysis, and computer programming.","[""reading comprehension"", ""active listening"", ""critical thinking""]","[""direct daily operations of department, analyzing workflow, establishing priorities, developing standards and setting deadlines."", ""meet with department heads, managers, supervisors, vendors, and others, to solicit cooperation and resolve problems."", ""review project plans to plan and coordinate project activity."", ""assign and review the work of systems analysts, programmers, and other computer-related workers.""]"
11-3031.00,Financial Managers,"Plan, direct, or coordinate accounting, investing, banking, insurance, securities, and other financial activities of a branch, office, or department of an establishment.","[""reading comprehension"", ""active listening"", ""speaking"", ""critical thinking""]","[""establish and maintain relationships with individual or business customers or provide assistance with problems these customers may encounter."", ""oversee the flow of cash or financial instruments."", ""plan, direct, or coordinate the activities of workers in branches, offices, or departments of establishments, such as branch banks, brokerage firms, risk and insurance departments, or credit departments.""]"
11-3031.01,Treasurers and Controllers,"Direct financial activities, such as planning, procurement, and investments for all or part of an organization.","[""reading comprehension"", ""speaking"", ""critical thinking"", ""complex problem solving"", ""judgment and decision making"", ""management of financial resources""]","[""evaluate needs for procurement of funds and investment of surpluses and make appropriate recommendations."", ""delegate authority for the receipt, disbursement, banking, protection, and custody of funds, securities, and financial instruments."", ""develop and maintain relationships with banking, insurance, and external accounting personnel to facilitate financial activities."", ""monitor financial activities and details, such as cash flow and reserve levels, to ensure that all legal and regulatory requirements are met."", ""receive, record, and authorize requests for disbursements in accordance with company policies and procedures."", ""develop internal control policies, guidelines, and procedures for activities, such as budget administration, cash and credit management, and accounting."", ""coordinate and direct the financial planning, budgeting, procurement, or investment activities of all or part of an organization."", ""receive cash and checks and make deposits."", ""prepare or direct preparation of financial statements, business activity reports, financial position forecasts, annual budgets, or reports required by regulatory agencies."", ""monitor and evaluate the performance of accounting and other financial staff, recommending and implementing personnel actions, such as promotions and dismissals."", ""analyze the financial details of past, present, and expected operations to identify development opportunities and areas where improvement is needed."", ""conduct or coordinate audits of company accounts and financial transactions to ensure compliance with state and federal requirements and statutes."", ""advise management on short-term and long-term financial objectives, policies, and actions."", ""maintain current knowledge of organizational policies and procedures, federal and state policies and directives, and current accounting standards.""]"
11-3031.03,Investment Fund Managers,"Plan, direct, or coordinate investment strategy or operations for a large pool of liquid assets supplied by institutional investors or individual investors.","[""reading comprehension"", ""active listening"", ""critical thinking""]","[""manage investment funds to maximize return on client investments."", ""select specific investments or investment mixes for purchase by an investment fund."", ""monitor financial or operational performance of individual investments to ensure portfolios meet risk goals."", ""select or direct the execution of trades."", ""develop or implement fund investment policies or strategies."", ""perform or evaluate research, such as detailed company or industry analyses, to inform financial forecasting, decision making, or valuation."", ""present investment information, such as product risks, fees, or fund performance statistics."", ""develop, implement, or monitor security valuation policies."", ""meet with investors to determine investment goals or to discuss investment strategies."", ""attend investment briefings or consult financial media to stay abreast of relevant investment markets.""]"
11-3051.00,Industrial Production Managers,"Plan, direct, or coordinate the work activities and resources necessary for manufacturing products in accordance with cost, quality, and quantity specifications.","[""speaking"", ""critical thinking"", ""monitoring"", ""coordination"", ""judgment and decision making""]","[""set and monitor product standards, examining samples of raw products or directing testing during processing, to ensure finished products are of prescribed quality."", ""direct or coordinate production, processing, distribution, or marketing activities of industrial organizations.""]"
11-3051.01,Quality Control Systems Managers,"Plan, direct, or coordinate quality assurance programs. Formulate quality control policies and control quality of laboratory and production efforts.","[""reading comprehension"", ""quality control analysis"", ""judgment and decision making""]","[""stop production if serious product defects are present."", ""review and update standard operating procedures or quality assurance manuals."", ""monitor performance of quality control systems to ensure effectiveness and efficiency."", ""review quality documentation necessary for regulatory submissions and inspections."", ""analyze quality control test results and provide feedback and interpretation to production management or staff."", ""verify that raw materials, purchased parts or components, in-process samples, and finished products meet established testing and inspection standards."", ""oversee workers including supervisors, inspectors, or laboratory workers engaged in testing activities."", ""direct product testing activities throughout production cycles."", ""instruct staff in quality control and analytical procedures."", ""direct the tracking of defects, test results, or other regularly reported quality control data."", ""participate in the development of product specifications."", ""identify quality problems or areas for improvement and recommend solutions."", ""collect and analyze production samples to evaluate quality.""]"
11-3051.02,Geothermal Production Managers,Manage operations at geothermal power generation facilities. Maintain and monitor geothermal plant equipment for efficient and safe plant operations.,"[""critical thinking""]","[""supervise employees in geothermal power plants or well fields."", ""oversee geothermal plant operations, maintenance, and repairs to ensure compliance with applicable standards or regulations."", ""communicate geothermal plant conditions to employees."", ""identify and evaluate equipment, procedural, or conditional inefficiencies involving geothermal plant systems."", ""perform or direct the performance of preventative maintenance on geothermal plant equipment.""]"
11-3051.04,Biomass Power Plant Managers,"Manage operations at biomass power generation facilities. Direct work activities at plant, including supervision of operations and maintenance staff.","[""speaking"", ""critical thinking""]","[""manage safety programs at power generation facilities."", ""review biomass operations performance specifications to ensure compliance with regulatory requirements."", ""review logs, datasheets, or reports to ensure adequate production levels and safe production environments or to identify abnormalities with power production equipment or processes."", ""supervise operations or maintenance employees in the production of power from biomass, such as wood, coal, paper sludge, or other waste or refuse."", ""supervise biomass plant or substation operations, maintenance, repair, or testing activities.""]"
11-3051.06,Hydroelectric Production Managers,Manage operations at hydroelectric power generation facilities. Maintain and monitor hydroelectric plant equipment for efficient and safe plant operations.,"[""active listening"", ""speaking""]","[""direct operations, maintenance, or repair of hydroelectric power facilities."", ""identify and communicate power system emergencies."", ""maintain records of hydroelectric facility operations, maintenance, or repairs."", ""perform or direct preventive or corrective containment or cleanup to protect the environment."", ""monitor or inspect hydroelectric equipment, such as hydro-turbines, generators, or control systems."", ""inspect hydroelectric facilities, including switchyards, control houses, or relay houses, for normal operation or adherence to safety standards."", ""supervise or monitor hydroelectric facility operations to ensure that generation or mechanical equipment conform to applicable regulations or standards."", ""plan or coordinate hydroelectric production operations to meet customer requirements."", ""check hydroelectric operations for compliance with prescribed operating limits, such as loads, voltages, temperatures, lines, or equipment.""]"
11-3061.00,Purchasing Managers,"Plan, direct, or coordinate the activities of buyers, purchasing officers, and related workers involved in purchasing materials, products, and services. Includes wholesale or retail trade merchandising managers and procurement managers.","[""active listening"", ""speaking"", ""management of personnel resources""]","[""develop and implement purchasing and contract management instructions, policies, and procedures."", ""locate vendors of materials, equipment or supplies, and interview them to determine product availability and terms of sales."", ""prepare bid awards requiring board approval."", ""direct and coordinate activities of personnel engaged in buying, selling, and distributing materials, equipment, machinery, and supplies."", ""review purchase order claims and contracts for conformance to company policy."", ""review, evaluate, and approve specifications for issuing and awarding bids."", ""administer online purchasing systems."", ""prepare and process requisitions and purchase orders for supplies and equipment."", ""interview and hire staff, and oversee staff training."", ""develop cost reduction strategies and savings plans."", ""control purchasing department budgets."", ""resolve vendor or contractor grievances and claims against suppliers."", ""analyze market and delivery systems to assess present and future material availability."", ""participate in the development of specifications for equipment, products, or substitute materials."", ""maintain records of goods ordered and received."", ""represent companies in negotiating contracts and formulating policies with suppliers.""]"
11-3071.04,Supply Chain Managers,"Direct or coordinate production, purchasing, warehousing, distribution, or financial forecasting services or activities to limit costs and improve accuracy, customer service, or safety. Examine existing procedures or opportunities for streamlining activities to meet product distribution needs. Direct the movement, storage, or processing of inventory.","[""reading comprehension"", ""active listening"", ""speaking"", ""monitoring"", ""coordination"", ""judgment and decision making"", ""time management""]","[""determine appropriate equipment and staffing levels to load, unload, move, or store materials."", ""manage activities related to strategic or tactical purchasing, material requirements planning, controlling inventory, warehousing, or receiving."", ""select transportation routes to maximize economy by combining shipments or consolidating warehousing and distribution."", ""define performance metrics for measurement, comparison, or evaluation of supply chain factors, such as product cost or quality."", ""implement new or improved supply chain processes to improve efficiency or performance."", ""develop procedures for coordination of supply chain management with other functional areas, such as sales, marketing, finance, production, or quality assurance."", ""confer with supply chain planners to forecast demand or create supply plans that ensure availability of materials or products."", ""analyze inventories to determine how to increase inventory turns, reduce waste, or optimize customer service."", ""negotiate prices and terms with suppliers, vendors, or freight forwarders."", ""analyze information about supplier performance or procurement program success.""]"
11-3111.00,Compensation and Benefits Managers,"Plan, direct, or coordinate compensation and benefits activities of an organization.","[""reading comprehension"", ""active listening"", ""writing"", ""speaking""]","[""direct preparation and distribution of written and verbal information to inform employees of benefits, compensation, and personnel policies."", ""design, evaluate, and modify benefits policies to ensure that programs are current, competitive, and in compliance with legal requirements."", ""fulfill all reporting requirements of all relevant government rules and regulations, including the employee retirement income security act (erisa)."", ""analyze compensation policies, government regulations, and prevailing wage rates to develop competitive compensation plan."", ""identify and implement benefits to increase the quality of life for employees by working with brokers and researching benefits issues."", ""manage the design and development of tools to assist employees in benefits selection, and to guide managers through compensation decisions."", ""administer, direct, and review employee benefit programs, including the integration of benefit programs following mergers and acquisitions."", ""mediate between benefits providers and employees, such as by assisting in handling employees' benefits-related questions or taking suggestions."", ""plan, direct, supervise, and coordinate work activities of subordinates and staff relating to employment, compensation, labor relations, and employee relations.""]"
11-3121.00,Human Resources Managers,"Plan, direct, or coordinate human resources activities and staff of an organization.","[""reading comprehension"", ""active listening"", ""speaking"", ""judgment and decision making"", ""management of personnel resources""]","[""serve as a link between management and employees by handling questions, interpreting and administering contracts and helping resolve work-related problems."", ""advise managers on organizational policy matters, such as equal employment opportunity and sexual harassment, and recommend needed changes."", ""analyze and modify compensation and benefits policies to establish competitive programs and ensure compliance with legal requirements."", ""perform difficult staffing duties, including dealing with understaffing, refereeing disputes, firing employees, and administering disciplinary procedures."", ""represent organization at personnel-related hearings and investigations."", ""negotiate bargaining agreements and help interpret labor contracts."", ""identify staff vacancies and recruit, interview, and select applicants."", ""plan, direct, supervise, and coordinate work activities of subordinates and staff relating to employment, compensation, labor relations, and employee relations."", ""prepare personnel forecast to project employment needs."", ""provide current and prospective employees with information about policies, job duties, working conditions, wages, opportunities for promotion, and employee benefits."", ""investigate and report on industrial accidents for insurance carriers."", ""administer compensation, benefits, and performance management systems, and safety and recreation programs."", ""analyze statistical data and reports to identify and determine causes of personnel problems and develop recommendations for improvement of organization's personnel policies and practices."", ""plan, organize, direct, control, or coordinate the personnel, training, or labor relations activities of an organization."", ""allocate human resources, ensuring appropriate matches between personnel."", ""oversee the evaluation, classification, and rating of occupations and job positions."", ""plan and conduct new employee orientation to foster positive attitude toward organizational objectives.""]"
11-3131.00,Training and Development Managers,"Plan, direct, or coordinate the training and development activities and staff of an organization.","[""reading comprehension"", ""active listening"", ""speaking"", ""learning strategies"", ""instructing""]","[""analyze training needs to develop new training programs or modify and improve existing programs."", ""evaluate instructor performance and the effectiveness of training programs, providing recommendations for improvement."", ""plan, develop, and provide training and staff development programs, using knowledge of the effectiveness of methods such as classroom training, demonstrations, on-the-job training, meetings, conferences, and workshops."", ""confer with management and conduct surveys to identify training needs based on projected production processes, changes, and other factors."", ""conduct orientation sessions and arrange on-the-job training for new hires."", ""train instructors and supervisors in techniques and skills for training and dealing with employees."", ""develop and organize training manuals, multimedia visual aids, and other educational materials."", ""prepare training budget for department or organization.""]"
11-9021.00,Construction Managers,"Plan, direct, or coordinate, usually through subordinate supervisory personnel, activities concerned with the construction and maintenance of structures, facilities, and systems. Participate in the conceptual development of a construction project and oversee its organization, scheduling, budgeting, and implementation. Includes managers in specialized construction fields, such as carpentry or plumbing.","[""coordination"", ""management of personnel resources""]","[""plan, schedule, or coordinate construction project activities to meet deadlines."", ""prepare and submit budget estimates, progress reports, or cost tracking reports."", ""interpret and explain plans and contract terms to representatives of the owner or developer, including administrative staff, workers, or clients."", ""direct and supervise construction or related workers."", ""prepare contracts or negotiate revisions to contractual agreements with architects, consultants, clients, suppliers, or subcontractors."", ""confer with supervisory personnel, owners, contractors, or design professionals to discuss and resolve matters, such as work procedures, complaints, or construction problems."", ""plan, organize, or direct activities concerned with the construction or maintenance of structures, facilities, or systems."", ""study job specifications to determine appropriate construction methods."", ""inspect or review projects to monitor compliance with building and safety codes or other regulations."", ""investigate damage, accidents, or delays at construction sites to ensure that proper construction procedures are being followed."", ""implement new or modified plans in response to delays, bad weather, or construction site emergencies.""]"
11-9031.00,"Education and Childcare Administrators, Preschool and Daycare","Plan, direct, or coordinate academic or nonacademic activities of preschools or childcare centers and programs, including before- and after-school care.","[""reading comprehension"", ""active listening"", ""speaking"", ""critical thinking"", ""monitoring"", ""coordination""]","[""confer with parents and staff to discuss educational activities and policies and students' behavioral or learning problems."", ""monitor students' progress and provide students and teachers with assistance in resolving any problems."", ""recruit, hire, train, and evaluate primary and supplemental staff and recommend personnel actions for programs and services."", ""teach classes or courses or provide direct care to children."", ""set educational standards and goals and help establish policies, procedures, and programs to carry them out."", ""determine the scope of educational program offerings and prepare drafts of program schedules and descriptions to estimate staffing and facility requirements."", ""determine allocations of funds for staff, supplies, materials, and equipment and authorize purchases."", ""direct and coordinate activities of teachers or administrators at daycare centers, schools, public agencies, or institutions."", ""prepare and maintain attendance, activity, planning, accounting, or personnel reports and records for officials and agencies, or direct preparation and maintenance activities.""]"
11-9032.00,"Education Administrators, Kindergarten through Secondary","Plan, direct, or coordinate the academic, administrative, or auxiliary activities of kindergarten, elementary, or secondary schools.","[""reading comprehension"", ""active listening"", ""writing"", ""speaking"", ""critical thinking"", ""learning strategies"", ""monitoring"", ""social perceptiveness"", ""coordination"", ""complex problem solving"", ""judgment and decision making"", ""management of personnel resources""]","[""evaluate curricula, teaching methods, and programs to determine their effectiveness, efficiency, and use, and to ensure compliance with federal, state, and local regulations."", ""observe teaching methods and examine learning materials to evaluate and standardize curricula and teaching techniques and to determine areas for improvement."", ""counsel and provide guidance to students regarding personal, academic, vocational, or behavioral issues."", ""collaborate with teachers to develop and maintain curriculum standards, develop mission statements, and set performance goals and objectives."", ""direct and coordinate activities of teachers, administrators, and support staff at schools, public agencies, and institutions."", ""recruit, hire, train, and evaluate primary and supplemental staff."", ""confer with parents and staff to discuss educational activities, policies, and student behavior or learning problems."", ""enforce discipline and attendance rules."", ""create school improvement plans, using student performance data.""]"
11-9033.00,"Education Administrators, Postsecondary","Plan, direct, or coordinate student instruction, administration, and services, as well as other research and educational activities, at postsecondary institutions, including universities, colleges, and junior and community colleges.","[""reading comprehension"", ""active listening"", ""writing"", ""speaking"", ""critical thinking"", ""monitoring"", ""instructing"", ""time management""]","[""design or use assessments to monitor student learning outcomes.""]"
11-9041.00,Architectural and Engineering Managers,"Plan, direct, or coordinate activities in such fields as architecture and engineering or research and development in these fields.","[""reading comprehension"", ""active listening"", ""writing"", ""speaking"", ""complex problem solving""]","[""manage the coordination and overall integration of technical activities in architecture or engineering projects."", ""direct, review, or approve project design changes.""]"
11-9071.00,Gambling Managers,"Plan, direct, or coordinate gambling operations in a casino. May formulate house rules.","[""critical thinking"", ""management of personnel resources""]","[""resolve customer complaints regarding problems, such as payout errors."", ""remove suspected cheaters, such as card counters or other players who may have systems that shift the odds of winning to their favor."", ""track supplies of money to tables and perform any required paperwork."", ""explain and interpret house rules, such as game rules or betting limits."", ""prepare work schedules and station arrangements and keep attendance records."", ""monitor staffing levels to ensure that games and tables are adequately staffed for each shift, arranging for staff rotations and breaks and locating substitute employees as necessary."", ""maintain familiarity with all games used at a facility, as well as strategies or tricks employed in those games."", ""train new workers or evaluate their performance."", ""market or promote the casino to bring in business."", ""interview and hire workers."", ""direct the distribution of complimentary hotel rooms, meals, or other discounts or free items given to players, based on their length of play and betting totals."", ""establish policies on issues, such as the type of gambling offered and the odds, the extension of credit, or the serving of food and beverages.""]"
11-9081.00,Lodging Managers,"Plan, direct, or coordinate activities of an organization or department that provides lodging and other accommodations.","[""active listening"", ""speaking"", ""social perceptiveness"", ""service orientation"", ""management of personnel resources""]","[""answer inquiries pertaining to hotel policies and services, and resolve occupants' complaints."", ""participate in financial activities, such as the setting of room rates, the establishment of budgets, and the allocation of funds to departments."", ""confer and cooperate with other managers to ensure coordination of hotel activities."", ""greet and register guests."", ""monitor the revenue activity of the hotel or facility."", ""manage and maintain temporary or permanent lodging facilities."", ""train staff members."", ""observe and monitor staff performance to ensure efficient operations and adherence to facility's policies and procedures."", ""coordinate front-office activities of hotels or motels, and resolve problems."", ""inspect guest rooms, public areas, and grounds for cleanliness and appearance."", ""assign duties to workers, and schedule shifts."", ""receive and process advance registration payments, mail letters of confirmation, or return checks when registrations cannot be accepted."", ""interview and hire applicants."", ""purchase supplies, and arrange for outside services, such as deliveries, laundry, maintenance and repair, and trash collection."", ""collect payments and record data pertaining to funds and expenditures."", ""develop and implement policies and procedures for the operation of a department or establishment."", ""prepare required paperwork pertaining to departmental functions.""]"
11-9111.00,Medical and Health Services Managers,"Plan, direct, or coordinate medical and health services in hospitals, clinics, managed care organizations, public health agencies, or similar organizations.","[""reading comprehension"", ""active listening"", ""writing"", ""speaking"", ""critical thinking"", ""monitoring"", ""social perceptiveness"", ""complex problem solving"", ""judgment and decision making"", ""time management"", ""management of personnel resources""]","[""direct, supervise and evaluate work activities of medical, nursing, technical, clerical, service, maintenance, and other personnel."", ""develop and maintain computerized record management systems to store and process data, such as personnel activities and information, and to produce reports."", ""plan, implement, and administer programs and services in a health care or medical facility, including personnel administration, training, and coordination of medical, nursing and physical plant staff."", ""conduct and administer fiscal operations, including accounting, planning budgets, authorizing expenditures, establishing rates for services, and coordinating financial reporting."", ""maintain awareness of advances in medicine, computerized diagnostic and treatment equipment, data processing technology, government regulations, health insurance changes, and financing options."", ""establish work schedules and assignments for staff, according to workload, space, and equipment availability."", ""monitor the use of diagnostic services, inpatient beds, facilities, and staff to ensure effective use of resources and assess the need for additional staff, equipment, and services."", ""direct or conduct recruitment, hiring, and training of personnel."", ""manage change in integrated health care delivery systems, such as work restructuring, technological innovations, and shifts in the focus of care."", ""maintain communication between governing boards, medical staff, and department heads by attending board meetings and coordinating interdepartmental functioning.""]"
11-9121.00,Natural Sciences Managers,"Plan, direct, or coordinate activities in such fields as life sciences, physical sciences, mathematics, statistics, and research and development in these fields.","[""reading comprehension"", ""active listening"", ""science"", ""critical thinking"", ""monitoring""]","[""hire, supervise, or evaluate engineers, technicians, researchers, or other staff."", ""design or coordinate successive phases of problem analysis, solution proposals, or testing."", ""plan or direct research, development, or production activities."", ""review project activities and prepare and review research, testing, or operational reports."", ""confer with scientists, engineers, regulators, or others to plan or review projects or to provide technical assistance.""]"
11-9121.01,Clinical Research Coordinators,"Plan, direct, or coordinate clinical research projects. Direct the activities of workers engaged in clinical research projects to ensure compliance with protocols and overall clinical objectives. May evaluate and analyze clinical data.","[""reading comprehension"", ""active listening"", ""writing""]","[""schedule subjects for appointments, procedures, or inpatient stays as required by study protocols."", ""perform specific protocol procedures such as interviewing subjects, taking vital signs, and performing electrocardiograms."", ""assess eligibility of potential subjects through methods such as screening interviews, reviews of medical records, or discussions with physicians and nurses."", ""prepare study-related documentation, such as protocol worksheets, procedural manuals, adverse event reports, institutional review board documents, or progress reports."", ""inform patients or caregivers about study aspects and outcomes to be expected."", ""record adverse event and side effect data and confer with investigators regarding the reporting of events to oversight agencies."", ""monitor study activities to ensure compliance with protocols and with all relevant local, federal, and state regulatory and institutional polices."", ""oversee subject enrollment to ensure that informed consent is properly obtained and documented."", ""maintain required records of study activity including case report forms, drug dispensation records, or regulatory forms."", ""identify protocol problems, inform investigators of problems, or assist in problem resolution efforts, such as protocol revisions."", ""review proposed study protocols to evaluate factors such as sample collection processes, data management plans, or potential subject risks."", ""collaborate with investigators to prepare presentations or reports of clinical study procedures, results, and conclusions."", ""track enrollment status of subjects and document dropout information such as dropout causes and subject contact efforts."", ""code, evaluate, or interpret collected study data."", ""direct the requisition, collection, labeling, storage, or shipment of specimens."", ""instruct research staff in scientific and procedural aspects of studies including standards of care, informed consent procedures, or documentation procedures.""]"
11-9121.02,Water Resource Specialists,"Design or implement programs and strategies related to water resource issues such as supply, quality, and regulatory compliance issues.","[""reading comprehension"", ""active listening"", ""writing"", ""speaking"", ""critical thinking""]","[""perform hydrologic, hydraulic, or water quality modeling."", ""analyze storm water systems to identify opportunities for water resource improvements.""]"
11-9131.00,Postmasters and Mail Superintendents,"Plan, direct, or coordinate operational, administrative, management, and support services of a U.S. post office; or coordinate activities of workers engaged in postal and related work in assigned post office.","[""reading comprehension"", ""active listening"", ""speaking"", ""social perceptiveness"", ""coordination"", ""time management""]","[""monitor employees' work schedules and attendance for payroll purposes."", ""organize and supervise activities, such as the processing of incoming and outgoing mail."", ""resolve customer complaints."", ""prepare employee work schedules."", ""direct and coordinate operational, management, and supportive services of one or a number of postal facilities."", ""hire and train employees, and evaluate their performance."", ""prepare and submit detailed and summary reports of post office activities to designated supervisors.""]"
11-9141.00,"Property, Real Estate, and Community Association Managers","Plan, direct, or coordinate the selling, buying, leasing, or governance activities of commercial, industrial, or residential real estate properties. Includes managers of homeowner and condominium associations, rented or leased housing units, buildings, or land (including rights-of-way).","[""speaking""]","[""prepare detailed budgets and financial reports for properties."", ""manage and oversee operations, maintenance, administration, and improvement of commercial, industrial, or residential properties."", ""plan, schedule, and coordinate general maintenance, major repairs, and remodeling or construction projects for commercial or residential properties."", ""direct collection of monthly assessments, rental fees, and deposits and payment of insurance premiums, mortgage, taxes, and incurred operating expenses."", ""meet with clients to negotiate management and service contracts, determine priorities, and discuss the financial and operational status of properties."", ""direct and coordinate the activities of staff and contract personnel and evaluate their performance."", ""prepare and administer contracts for provision of property services, such as cleaning, maintenance, and security services."", ""market vacant space to prospective tenants through leasing agents, advertising, or other methods."", ""act as liaisons between on-site managers or tenants and owners."", ""investigate complaints, disturbances, and violations and resolve problems, following management rules and regulations."", ""inspect grounds, facilities, and equipment routinely to determine necessity of repairs or maintenance.""]"
11-9151.00,Social and Community Service Managers,"Plan, direct, or coordinate the activities of a social service program or community outreach organization. Oversee the program or organization's budget and policies regarding participant involvement, program requirements, and benefits. Work may involve directing social workers, counselors, or probation officers.","[""social perceptiveness"", ""service orientation""]","[""establish and oversee administrative procedures to meet objectives set by boards of directors or senior management."", ""direct activities of professional and technical staff members and volunteers."", ""evaluate the work of staff and volunteers to ensure that programs are of appropriate quality and that resources are used effectively."", ""participate in the determination of organizational policies regarding such issues as participant eligibility, program requirements, and program benefits."", ""prepare and maintain records and reports, such as budgets, personnel records, or training manuals."", ""provide direct service and support to individuals or clients, such as handling a referral for child advocacy issues, conducting a needs evaluation, or resolving complaints."", ""establish and maintain relationships with other agencies and organizations in community to meet community needs and to ensure that services are not duplicated.""]"
11-9161.00,Emergency Management Directors,"Plan and direct disaster response or crisis management activities, provide disaster preparedness training, and prepare emergency plans and procedures for natural (e.g., hurricanes, floods, earthquakes), wartime, or technological (e.g., nuclear power plant emergencies or hazardous materials spills) disasters or hostage situations.","[""reading comprehension"", ""active listening"", ""writing"", ""speaking"", ""critical thinking"", ""monitoring"", ""social perceptiveness"", ""coordination"", ""service orientation"", ""complex problem solving"", ""judgment and decision making""]","[""consult with officials of local and area governments, schools, hospitals, and other institutions to determine their needs and capabilities in the event of a natural disaster or other emergency."", ""develop and maintain liaisons with municipalities, county departments, and similar entities to facilitate plan development, response effort coordination, and exchanges of personnel and equipment."", ""coordinate disaster response or crisis management activities, such as ordering evacuations, opening public shelters, and implementing special needs plans and programs."", ""prepare emergency situation status reports that describe response and recovery efforts, needs, and preliminary damage assessments."", ""maintain and update all resource materials associated with emergency preparedness plans."", ""prepare plans that outline operating procedures to be used in response to disasters or emergencies, such as hurricanes, nuclear accidents, and terrorist attacks, and in recovery from these events."", ""develop and perform tests and evaluations of emergency management plans in accordance with state and federal regulations."", ""collaborate with other officials to prepare and analyze damage assessments following disasters or emergencies."", ""design and administer emergency or disaster preparedness training courses that teach people how to effectively respond to major emergencies and disasters."", ""keep informed of activities or changes that could affect the likelihood of an emergency, response efforts, or plan implementation."", ""inspect facilities and equipment, such as emergency management centers and communications equipment, to determine their operational and functional capabilities in emergency situations."", ""review emergency plans of individual organizations, such as medical facilities, to ensure their adequacy."", ""keep informed of federal, state, and local regulations affecting emergency plans, and ensure that plans adhere to those regulations.""]"
11-9171.00,Funeral Home Managers,"Plan, direct, or coordinate the services or resources of funeral homes. Includes activities such as determining prices for services or merchandise and managing the facilities of funeral homes.","[""service orientation""]","[""consult with families or friends of the deceased to arrange funeral details, such as obituary notice wording, casket selection, or plans for services."", ""schedule funerals, burials, or cremations."", ""deliver death certificates to medical facilities or offices to obtain signatures from legally authorized persons."", ""offer counsel and comfort to families and friends of the deceased."", ""monitor funeral service operations to ensure that they comply with applicable policies, regulations, and laws."", ""direct and supervise work of embalmers, funeral attendants, death certificate clerks, cosmetologists, or other staff."", ""complete and maintain records, such as state-required documents, tracking documents, or product inventories."", ""sell funeral services, products, or merchandise to clients.""]"
11-9179.02,Spa Managers,"Plan, direct, or coordinate activities of a spa facility. Coordinate programs, schedule and direct staff, and oversee financial activities.","[""speaking"", ""monitoring"", ""coordination""]","[""respond to customer inquiries or complaints."", ""schedule guest appointments."", ""maintain client databases."", ""coordinate facility schedules to maximize usage and efficiency."", ""perform accounting duties, such as recording daily cash flow, preparing bank deposits, or generating financial statements."", ""monitor operations to ensure compliance with applicable health, safety, or hygiene standards."", ""plan or direct spa services and programs."", ""develop or implement marketing strategies."", ""sell products, services, or memberships."", ""recruit, interview, or hire employees."", ""assess employee performance and suggest ways to improve work."", ""inventory products and order new supplies."", ""establish spa budgets and financial goals."", ""inform staff of job responsibilities, performance expectations, client service standards, or corporate policies and guidelines.""]"
11-9199.01,Regulatory Affairs Managers,"Plan, direct, or coordinate production activities of an organization to ensure compliance with regulations and standard operating procedures.","[""reading comprehension"", ""active listening"", ""writing"", ""speaking""]","[""develop regulatory strategies and implementation plans for the preparation and submission of new products."", ""review all regulatory agency submission materials to ensure timeliness, accuracy, comprehensiveness, or compliance with regulatory standards."", ""direct the preparation and submission of regulatory agency applications, reports, or correspondence."", ""investigate product complaints and prepare documentation and submissions to appropriate regulatory agencies as necessary."", ""provide responses to regulatory agencies regarding product information or issues."", ""represent organizations before domestic or international regulatory agencies on major policy matters or decisions regarding company products."", ""provide regulatory guidance to departments or development project teams regarding design, development, evaluation, or marketing of products."", ""manage activities such as audits, regulatory agency inspections, or product recalls."", ""communicate regulatory information to multiple departments and ensure that information is interpreted correctly."", ""maintain current knowledge of relevant regulations, including proposed and final rules."", ""formulate or implement regulatory affairs policies and procedures to ensure that regulatory compliance is maintained or enhanced.""]"
11-9199.02,Compliance Managers,"Plan, direct, or coordinate activities of an organization to ensure compliance with ethical or regulatory standards.","[""reading comprehension"", ""critical thinking""]","[""report violations of compliance or regulatory standards to duly authorized enforcement agencies as appropriate or required."", ""identify compliance issues that require follow-up or investigation."", ""discuss emerging compliance issues to ensure that management and employees are informed about compliance reporting systems, policies, and practices."", ""file appropriate compliance reports with regulatory agencies."", ""maintain documentation of compliance activities, such as complaints received or investigation outcomes."", ""consult with corporate attorneys as necessary to address difficult legal compliance issues."", ""conduct or direct the internal investigation of compliance issues."", ""provide employee training on compliance related topics, policies, or procedures."", ""serve as a confidential point of contact for employees to communicate with management, seek clarification on issues or dilemmas, or report irregularities."", ""verify that all regulatory policies and procedures have been documented, implemented, and communicated."", ""disseminate written policies and procedures related to compliance activities."", ""prepare management reports regarding compliance operations and progress."", ""conduct periodic internal reviews or audits to ensure that compliance procedures are followed."", ""keep informed regarding pending industry changes, trends, or best practices.""]"
11-9199.08,Loss Prevention Managers,"Plan and direct policies, procedures, or systems to prevent the loss of assets. Determine risk exposure or potential liability, and develop risk control measures.","[""reading comprehension"", ""active listening"", ""speaking""]","[""coordinate or conduct internal investigations of problems such as employee theft and violations of corporate loss prevention policies."", ""administer systems and programs to reduce loss, maintain inventory control, or increase safety."", ""review loss prevention exception reports and cash discrepancies to ensure adherence to guidelines."", ""train loss prevention staff, retail managers, or store employees on loss control and prevention measures."", ""investigate or interview individuals suspected of shoplifting or internal theft."", ""provide recommendations and solutions in crisis situations such as workplace violence, protests, and demonstrations."", ""identify potential for loss and develop strategies to eliminate it.""]"
11-9199.09,Wind Energy Operations Managers,"Manage wind field operations, including personnel, maintenance activities, financial activities, and planning.","[""active listening""]","[""supervise employees or subcontractors to ensure quality of work or adherence to safety regulations or policies."", ""train or coordinate the training of employees in operations, safety, environmental issues, or technical issues."", ""track and maintain records for wind operations, such as site performance, downtime events, parts usage, or substation events."", ""oversee the maintenance of wind field equipment or structures, such as towers, transformers, electrical collector systems, roadways, or other site assets."", ""prepare wind field operational budgets."", ""develop relationships and communicate with customers, site managers, developers, land owners, authorities, utility representatives, or residents."", ""maintain operations records, such as work orders, site inspection forms, or other documentation."", ""recruit or select wind operations employees, contractors, or subcontractors."", ""provide technical support to wind field customers, employees, or subcontractors.""]"
11-9199.10,Wind Energy Development Managers,"Lead or manage the development and evaluation of potential wind energy business opportunities, including environmental studies, permitting, and proposals. May also manage construction of projects.","[""critical thinking""]","[""coordinate or direct development, energy assessment, engineering, or construction activities to ensure that wind project needs and objectives are met."", ""manage wind project costs to stay within budget limits."", ""lead or support negotiations involving tax agreements or abatements, power purchase agreements, land use, or interconnection agreements.""]"
11-9199.11,Brownfield Redevelopment Specialists and Site Managers,Plan and direct cleanup and redevelopment of contaminated properties for reuse. Does not include properties sufficiently contaminated to qualify as Superfund sites.,"[""reading comprehension"", ""speaking"", ""critical thinking"", ""monitoring"", ""coordination"", ""complex problem solving"", ""judgment and decision making""]","[""identify environmental contamination sources."", ""coordinate on-site activities for environmental cleanup or remediation projects to ensure compliance with environmental laws, standards, regulations, or other requirements."", ""identify and apply for project funding."", ""plan or implement brownfield redevelopment projects to ensure safety, quality, and compliance with applicable standards or requirements."", ""estimate costs for environmental cleanup and remediation of land redevelopment projects.""]"
13-1011.00,"Agents and Business Managers of Artists, Performers, and Athletes","Represent and promote artists, performers, and athletes in dealings with current or prospective employers. May handle contract negotiation and other business matters for clients.","[""reading comprehension"", ""active listening"", ""speaking"", ""persuasion"", ""negotiation""]","[""collect fees, commissions, or other payments, according to contract terms."", ""send samples of clients' work and other promotional material to potential employers to obtain auditions, sponsorships, or endorsement deals."", ""keep informed of industry trends and deals.""]"
13-1022.00,"Wholesale and Retail Buyers, Except Farm Products","Buy merchandise or commodities, other than farm products, for resale to consumers at the wholesale or retail level, including both durable and nondurable goods. Analyze past buying trends, sales records, price, and quality of merchandise to determine value and yield. Select, order, and authorize payment for merchandise according to contractual agreements. May conduct meetings with sales personnel and introduce new products. May negotiate contracts. Includes assistant wholesale and retail buyers of nonfarm products.","[""negotiation""]","[""buy merchandise or commodities for resale to wholesale or retail consumers."", ""negotiate prices, discount terms, or transportation arrangements with suppliers."", ""examine, select, order, or purchase merchandise consistent with quality, quantity, specification requirements, or other factors, such as environmental soundness."", ""recommend mark-up rates, mark-down rates, or merchandise selling prices."", ""obtain information about customer needs or preferences by conferring with sales or purchasing personnel.""]"
13-1023.00,"Purchasing Agents, Except Wholesale, Retail, and Farm Products","Purchase machinery, equipment, tools, parts, supplies, or services necessary for the operation of an establishment. Purchase raw or semifinished materials for manufacturing. May negotiate contracts.","[""reading comprehension"", ""negotiation""]","[""monitor and follow applicable laws and regulations."", ""prepare purchase orders, solicit bid proposals, and review requisitions for goods and services."", ""negotiate, renegotiate, and administer contracts with suppliers, vendors, and other representatives."", ""purchase the highest quality merchandise at the lowest possible price and in correct amounts."", ""analyze price proposals, financial reports, and other data and information to determine reasonable prices."", ""formulate policies and procedures for bid proposals and procurement of goods and services."", ""hire, train, or supervise purchasing clerks, buyers, and expediters."", ""maintain and review computerized or manual records of purchased items, costs, deliveries, product performance, and inventories."", ""research and evaluate suppliers, based on price, quality, selection, service, support, availability, reliability, production and distribution capabilities, and the supplier's reputation and history."", ""confer with staff, users, and vendors to discuss defective or unacceptable goods or services and determine corrective action.""]"
13-1031.00,"Claims Adjusters, Examiners, and Investigators",Review settled claims to determine that payments and settlements are made in accordance with company practices and procedures. Confer with legal counsel on claims requiring litigation. May also settle insurance claims.,"[""reading comprehension"", ""active listening"", ""critical thinking""]","[""examine claims forms and other records to determine insurance coverage."", ""analyze information gathered by investigation and report findings and recommendations."", ""pay and process claims within designated authority level."", ""investigate, evaluate, and settle claims, applying technical knowledge and human relations skills to effect fair and prompt disposal of cases and to contribute to a reduced loss ratio."", ""verify and analyze data used in settling claims to ensure that claims are valid and that settlements are made according to company practices and procedures."", ""review police reports, medical treatment records, medical bills, or physical property damage to determine the extent of liability."", ""investigate and assess damage to property and create or review property damage estimates."", ""interview or correspond with agents and claimants to correct errors or omissions and to investigate questionable claims."", ""interview or correspond with claimants, witnesses, police, physicians, or other relevant parties to determine claim settlement, denial, or review."", ""enter claim payments, reserves and new claims on computer system, inputting concise yet sufficient file documentation."", ""resolve complex, severe exposure claims, using high service oriented file handling."", ""adjust reserves or provide reserve recommendations to ensure that reserve activities are consistent with corporate policies."", ""confer with legal counsel on claims requiring litigation."", ""examine claims investigated by insurance adjusters, further investigating questionable claims to determine whether to authorize payments."", ""maintain claim files, such as records of settled claims and an inventory of claims requiring detailed analysis."", ""refer questionable claims to investigator or claims adjuster for investigation or settlement."", ""collect evidence to support contested claims in court."", ""contact or interview claimants, doctors, medical specialists, or employers to get additional information.""]"
13-1041.00,Compliance Officers,"Examine, evaluate, and investigate eligibility for or conformity with laws and regulations governing contract compliance of licenses and permits, and perform other compliance and enforcement inspection and analysis activities not classified elsewhere.","[""reading comprehension""]","[""warn violators of infractions or penalties."", ""evaluate applications, records, or documents to gather information about eligibility or liability issues."", ""advise licensees or other individuals or groups concerning licensing, permit, or passport regulations."", ""prepare reports of activities, evaluations, recommendations, or decisions."", ""report law or regulation violations to appropriate boards or agencies."", ""confer with or interview officials, technical or professional specialists, or applicants to obtain information or to clarify facts relevant to licensing decisions.""]"
13-1041.01,Environmental Compliance Inspectors,"Inspect and investigate sources of pollution to protect the public and environment and ensure conformance with Federal, State, and local regulations and ordinances.","[""reading comprehension"", ""critical thinking""]","[""determine the nature of code violations and actions to be taken, and issue written notices of violation, participating in enforcement hearings, as necessary."", ""prepare, organize, and maintain inspection records."", ""investigate complaints and suspected violations regarding illegal dumping, pollution, pesticides, product quality, or labeling laws."", ""determine which sites and violation reports to investigate, and coordinate compliance and enforcement activities with other government agencies."", ""interview individuals to determine the nature of suspected violations and to obtain evidence of violations."", ""inform individuals and groups of pollution control regulations and inspection findings, and explain how problems can be corrected."", ""verify that hazardous chemicals are handled, stored, and disposed of in accordance with regulations."", ""learn and observe proper safety precautions, rules, regulations, and practices so that unsafe conditions can be recognized and proper safety protocols implemented."", ""monitor follow-up actions in cases where violations were found, and review compliance monitoring reports."", ""examine permits, licenses, applications, and records to ensure compliance with licensing requirements."", ""prepare written, oral, tabular, and graphic reports summarizing requirements and regulations, including enforcement and chain of custody documentation."", ""observe and record field conditions, gathering, interpreting, and reporting data such as flow meter readings and chemical levels.""]"
13-1041.03,Equal Opportunity Representatives and Officers,"Monitor and evaluate compliance with equal opportunity laws, guidelines, and policies to ensure that employment practices and contracting arrangements give equal opportunity without regard to race, religion, color, national origin, sex, age, or disability.","[""reading comprehension"", ""active listening"", ""speaking"", ""critical thinking"", ""social perceptiveness""]","[""investigate employment practices or alleged violations of laws to document and correct discriminatory factors."", ""prepare reports related to investigations of equal opportunity complaints."", ""interview persons involved in equal opportunity complaints to verify case information."", ""study equal opportunity complaints to clarify issues."", ""interpret civil rights laws and equal opportunity regulations for individuals or employers."", ""meet with persons involved in equal opportunity complaints to arbitrate and settle disputes."", ""develop guidelines for nondiscriminatory employment practices."", ""monitor the implementation and impact of guidelines for nondiscriminatory employment practices."", ""coordinate, monitor, or revise complaint procedures to ensure timely processing and review of complaints."", ""provide information, technical assistance, or training to supervisors, managers, or employees on topics such as employee supervision, hiring, grievance procedures, or staff development.""]"
13-1041.04,Government Property Inspectors and Investigators,Investigate or inspect government property to ensure compliance with contract agreements and government regulations.,"[""reading comprehension"", ""active listening"", ""writing"", ""speaking"", ""critical thinking"", ""judgment and decision making""]","[""prepare correspondence, reports of inspections or investigations, or recommendations for action."", ""examine records, reports, or other documents to establish facts or detect discrepancies.""]"
13-1041.06,Coroners,"Direct activities such as autopsies, pathological and toxicological analyses, and inquests relating to the investigation of deaths occurring within a legal jurisdiction to determine cause of death or to fix responsibility for accidental, violent, or unexplained deaths.","[""reading comprehension"", ""speaking"", ""critical thinking""]","[""complete death certificates, including the assignment of cause and manner of death."", ""perform medicolegal examinations and autopsies, conducting preliminary examinations of the body to identify victims, locate signs of trauma, and identify factors that would indicate time of death."", ""interview persons present at death scenes to obtain information useful in determining the manner of death."", ""observe and record the positions and conditions of bodies and related evidence."", ""provide information concerning the circumstances of death to relatives of the deceased."", ""remove or supervise removal of bodies from death scenes, using the proper equipment and supplies, and arrange for transportation to morgues."", ""inquire into the cause, manner, and circumstances of human deaths and establish the identities of deceased persons."", ""observe, record, and preserve any objects or personal property related to deaths, including objects such as medication containers and suicide notes."", ""complete reports and forms required to finalize cases."", ""arrange for the next of kin to be notified of deaths."", ""locate and document information regarding the next of kin, including their relationship to the deceased and the status of notification attempts."", ""collect and document any pertinent medical history information."", ""inventory personal effects recovered from bodies, such as jewelry or wallets."", ""direct activities of workers conducting autopsies, performing pathological and toxicological analyses, and preparing documents for permanent records."", ""coordinate the release of personal effects to authorized persons and facilitate the disposition of unclaimed corpses and personal effects."", ""witness and certify deaths that are the result of a judicial order."", ""testify at inquests, hearings, and court trials."", ""confer with officials of public health and law enforcement agencies to coordinate interdepartmental activities.""]"
13-1041.07,Regulatory Affairs Specialists,"Coordinate and document internal regulatory processes, such as internal audits, inspections, license renewals, or registrations. May compile and prepare materials for submission to regulatory agencies.","[""active listening"", ""writing"", ""speaking""]","[""coordinate efforts associated with the preparation of regulatory documents or submissions."", ""communicate with regulatory agencies regarding pre-submission strategies, potential regulatory pathways, compliance test requirements, or clarification and follow-up of submissions under review."", ""prepare or direct the preparation of additional information or responses as requested by regulatory agencies."", ""coordinate, prepare, or review regulatory submissions for domestic or international projects."", ""prepare or maintain technical files as necessary to obtain and sustain product approval."", ""interpret regulatory rules or rule changes and ensure that they are communicated through corporate policies and procedures."", ""determine the types of regulatory submissions or internal documentation that are required in situations such as proposed device changes or labeling changes."", ""coordinate recall or market withdrawal activities as necessary."", ""advise project teams on subjects such as premarket regulatory requirements, export and labeling requirements, or clinical study compliance issues."", ""review adverse drug reactions and file all related reports in accordance with regulatory agency guidelines."", ""review product promotional materials, labeling, batch records, specification sheets, or test methods for compliance with applicable regulations and policies."", ""identify relevant guidance documents, international standards, or consensus standards."", ""provide technical review of data or reports to be incorporated into regulatory submissions to assure scientific rigor, accuracy, and clarity of presentation."", ""review clinical protocols to ensure collection of data needed for regulatory submissions."", ""provide pre-, ongoing, and post-inspection follow-up assistance to governmental inspectors."", ""maintain current knowledge base of existing and emerging regulations, standards, or guidance documents.""]"
13-1041.08,Customs Brokers,Prepare customs documentation and ensure that shipments meet all applicable laws to facilitate the import and export of goods. Determine and track duties and taxes payable and process payments on behalf of client. Sign documents under a power of attorney. Represent clients in meetings with customs officials and apply for duty refunds and tariff reclassifications. Coordinate transportation and storage of imported goods.,"[""active listening""]","[""prepare and process import and export documentation according to customs regulations, laws, or procedures."", ""clear goods through customs and to their destinations for clients."", ""pay, or arrange for payment of, taxes and duties on shipments."", ""calculate duty and tariff payments owed on shipments."", ""request or compile necessary import documentation, such as customs invoices, certificates of origin, and cargo-control documents."", ""classify goods according to tariff coding system."", ""stay abreast of changes in import or export laws or regulations by reading current literature, attending meetings or conferences, or conferring with colleagues."", ""sign documents on behalf of clients, using powers of attorney."", ""advise customers on import and export restrictions, tariff systems, insurance requirements, quotas, or other customs-related matters."", ""post bonds for the products being imported or assist clients in obtaining bonds."", ""quote duty and tax rates on goods to be imported, based on federal tariffs and excise taxes."", ""arrange for transportation, warehousing, or product distribution of imported or exported products."", ""monitor or trace the location of goods."", ""confer with officials in various agencies to facilitate clearance of goods through customs and quarantine.""]"
13-1051.00,Cost Estimators,"Prepare cost estimates for product manufacturing, construction projects, or services to aid management in bidding on or determining price of product or service. May specialize according to particular service performed or type of product manufactured.","[""reading comprehension"", ""mathematics""]","[""analyze blueprints and other documentation to prepare time, cost, materials, and labor estimates."", ""confer with engineers, architects, owners, contractors, and subcontractors on changes and adjustments to cost estimates."", ""collect historical cost data to estimate costs for current or future products."", ""assess cost effectiveness of products, projects or services, tracking actual costs relative to bids as the project develops."", ""consult with clients, vendors, personnel in other departments, or construction foremen to discuss and formulate estimates and resolve issues."", ""establish and maintain tendering process, and conduct negotiations."", ""prepare estimates for use in selecting vendors or subcontractors."", ""prepare estimates used by management for purposes such as planning, organizing, and scheduling work.""]"
13-1071.00,Human Resources Specialists,"Recruit, screen, interview, or place individuals within an organization. May perform other activities in multiple human resources areas.","[""reading comprehension"", ""active listening"", ""speaking""]","[""interpret and explain human resources policies, procedures, laws, standards, or regulations."", ""hire employees and process hiring-related paperwork."", ""maintain current knowledge of equal employment opportunity (eeo) and affirmative action guidelines and laws, such as the americans with disabilities act (ada)."", ""prepare or maintain employment records related to events, such as hiring, termination, leaves, transfers, or promotions, using human resources management system software."", ""address employee relations issues, such as harassment allegations, work complaints, or other employee concerns."", ""review employment applications and job orders to match applicants with job requirements."", ""inform job applicants of details such as duties and responsibilities, compensation, benefits, schedules, working conditions, or promotion opportunities."", ""select qualified job applicants or refer them to managers, making hiring recommendations when appropriate."", ""schedule or conduct new employee orientations."", ""maintain and update human resources documents, such as organizational charts, employee handbooks or directories, or performance evaluation forms.""]"
13-1075.00,Labor Relations Specialists,"Resolve disputes between workers and managers, negotiate collective bargaining agreements, or coordinate grievance procedures to handle employee complaints.","[""reading comprehension"", ""active listening"", ""writing"", ""speaking"", ""critical thinking"", ""negotiation""]","[""negotiate collective bargaining agreements."", ""investigate and evaluate union complaints or arguments to determine viability."", ""propose resolutions for collective bargaining or other labor or contract negotiations."", ""draft contract proposals or counter-proposals for collective bargaining or other labor negotiations."", ""interpret contractual agreements for employers and employees engaged in collective bargaining or other labor relations processes."", ""prepare evidence for disciplinary hearings, including preparing witnesses to testify."", ""mediate discussions between employer and employee representatives in attempt to reconcile differences."", ""review employer practices or employee data to ensure compliance with contracts on matters such as wages, hours, or conditions of employment."", ""recommend collective bargaining strategies, goals, or objectives."", ""monitor company or workforce adherence to labor agreements.""]"
13-1081.00,Logisticians,"Analyze and coordinate the ongoing logistical functions of a firm or organization. Responsible for the entire life cycle of a product, including acquisition, distribution, internal allocation, delivery, and final disposal of resources.","[""critical thinking""]","[""maintain and develop positive business relationships with a customer's key personnel involved in, or directly relevant to, a logistics activity."", ""develop an understanding of customers' needs and take actions to ensure that such needs are met."", ""manage subcontractor activities, reviewing proposals, developing performance specifications, and serving as liaisons between subcontractors and organizations."", ""develop proposals that include documentation for estimates."", ""review logistics performance with customers against targets, benchmarks, and service agreements."", ""direct availability and allocation of materials, supplies, and finished products."", ""redesign the movement of goods to maximize value and minimize costs."", ""explain proposed solutions to customers, management, or other interested parties through written proposals and oral presentations."", ""direct team activities, establishing task priorities, scheduling and tracking work assignments, providing guidance, and ensuring the availability of resources."", ""perform managerial duties such as hiring and training employees and overseeing facility needs or requirements.""]"
13-1081.01,Logistics Engineers,"Design or analyze operational solutions for projects such as transportation optimization, network modeling, process and methods analysis, cost containment, capacity enhancement, routing and shipment optimization, or information management.","[""reading comprehension"", ""active listening"", ""writing"", ""complex problem solving"", ""judgment and decision making"", ""systems analysis""]","[""propose logistics solutions for customers."", ""develop logistic metrics, internal analysis tools, or key performance indicators for business units."", ""conduct logistics studies or analyses, such as time studies, zero-base analyses, rate analyses, network analyses, flow-path analyses, or supply chain analyses."", ""identify cost-reduction or process-improvement logistic opportunities."", ""review contractual commitments, customer specifications, or related information to determine logistics or support requirements."", ""evaluate effectiveness of current or future logistical processes."", ""prepare logistic strategies or conceptual designs for production facilities.""]"
13-1081.02,Logistics Analysts,"Analyze product delivery or supply chain processes to identify or recommend changes. May manage route activity including invoicing, electronic bills, and shipment tracing.","[""reading comprehension"", ""critical thinking""]","[""maintain databases of logistics information."", ""remotely monitor the flow of vehicles or inventory, using web-based logistics information systems to track vehicles or containers."", ""communicate with or monitor service providers, such as ocean carriers, air freight forwarders, global consolidators, customs brokers, or trucking companies."", ""track product flow from origin to final delivery."", ""interpret data on logistics elements, such as availability, maintainability, reliability, supply chain management, strategic sourcing or distribution, supplier management, or transportation."", ""recommend improvements to existing or planned logistics processes."", ""apply analytic methods or tools to understand, predict, or control logistics operations or processes."", ""prepare reports on logistics performance measures."", ""enter logistics-related data into databases.""]"
13-1111.00,Management Analysts,"Conduct organizational studies and evaluations, design systems and procedures, conduct work simplification and measurement studies, and prepare operations and procedures manuals to assist management in operating more efficiently and effectively. Includes program analysts and management consultants.","[""reading comprehension"", ""active listening"", ""writing"", ""speaking"", ""critical thinking"", ""complex problem solving"", ""judgment and decision making""]","[""gather and organize information on problems or procedures."", ""confer with personnel concerned to ensure successful functioning of newly implemented systems or procedures."", ""analyze data gathered and develop solutions or alternative methods of proceeding."", ""document findings of study and prepare recommendations for implementation of new systems, procedures, or organizational changes."", ""plan study of work problems and procedures, such as organizational change, communications, information flow, integrated production methods, inventory control, or cost analysis."", ""interview personnel and conduct on-site observation to ascertain unit functions, work performed, and methods, equipment, and personnel used.""]"
13-1121.00,"Meeting, Convention, and Event Planners","Coordinate activities of staff, convention personnel, or clients to make arrangements for group meetings, events, or conventions.","[""reading comprehension"", ""active listening"", ""speaking""]","[""consult with customers to determine objectives and requirements for events, such as meetings, conferences, and conventions."", ""review event bills for accuracy and approve payment."", ""coordinate services for events, such as accommodation and transportation for participants, facilities, catering, signage, displays, special needs requirements, printing and event security."", ""arrange the availability of audio-visual equipment, transportation, displays, and other event needs."", ""confer with staff at a chosen event site to coordinate details."", ""inspect event facilities to ensure that they conform to customer requirements."", ""maintain records of event aspects, including financial details."", ""monitor event activities to ensure compliance with applicable regulations and laws, satisfaction of participants, and resolution of any problems that arise."", ""negotiate contracts with such service providers and suppliers as hotels, convention centers, and speakers."", ""evaluate and select providers of services according to customer requirements."", ""plan and develop programs, agendas, budgets, and services according to customer requirements.""]"
13-1131.00,Fundraisers,"Organize activities to raise funds or otherwise solicit and gather monetary donations or other gifts for an organization. May design and produce promotional materials. May also raise awareness of the organization's work, goals, and financial needs.","[""reading comprehension"", ""active listening"", ""writing"", ""speaking"", ""persuasion""]","[""identify and build relationships with potential donors."", ""secure commitments of participation or donation from individuals or corporate donors."", ""write and send letters of thanks to donors."", ""solicit cash or in-kind donations or sponsorships from individual, business, or government donors."", ""create or update donor databases."", ""develop strategies to encourage new or increased contributions."", ""develop or implement fundraising activities, such as annual giving campaigns or direct mail programs."", ""compile or develop materials to submit to granting or other funding organizations."", ""conduct research to identify the goals, net worth, charitable donation history, or other data related to potential donors, potential investors, or general donor markets."", ""develop fundraising activity plans that maximize participation or contributions and minimize costs."", ""direct or supervise fundraising staff, including volunteer staff members.""]"
13-1151.00,Training and Development Specialists,Design or conduct work-related training and development programs to improve individual skills or organizational performance. May analyze organizational training needs or evaluate training effectiveness.,"[""active listening"", ""speaking"", ""learning strategies"", ""social perceptiveness"", ""instructing""]","[""present information with a variety of instructional techniques or formats, such as role playing, simulations, team exercises, group discussions, videos, or lectures."", ""obtain, organize, or develop training procedure manuals, guides, or course materials, such as handouts or visual materials."", ""evaluate modes of training delivery, such as in-person or virtual, to optimize training effectiveness, training costs, or environmental impacts."", ""offer specific training programs to help workers maintain or improve job skills."", ""assess training needs through surveys, interviews with employees, focus groups, or consultation with managers, instructors, or customer representatives."", ""monitor, evaluate, or record training activities or program effectiveness."", ""design, plan, organize, or direct orientation and training programs for employees or customers."", ""develop alternative training methods if expected improvements are not seen."", ""evaluate training materials prepared by instructors, such as outlines, text, or handouts.""]"
13-1161.00,Market Research Analysts and Marketing Specialists,"Research conditions in local, regional, national, or online markets. Gather information to determine potential sales of a product or service, or plan a marketing or advertising campaign. May gather information on competitors, prices, sales, and methods of marketing and distribution. May employ search marketing tactics, analyze web metrics, and develop recommendations to increase search engine ranking and visibility to target markets.","[""reading comprehension"", ""writing"", ""critical thinking""]","[""prepare reports of findings, illustrating data graphically and translating complex findings into written text."", ""collect and analyze data on customer demographics, preferences, needs, and buying habits to identify potential markets and factors affecting product demand."", ""conduct research on consumer opinions and marketing strategies, collaborating with marketing professionals, statisticians, pollsters, and other professionals."", ""measure and assess customer and employee satisfaction."", ""devise and evaluate methods and procedures for collecting data, such as surveys, opinion polls, or questionnaires, or arrange to obtain existing data."", ""measure the effectiveness of marketing, advertising, and communications programs and strategies.""]"
13-1199.04,Business Continuity Planners,"Develop, maintain, or implement business continuity and disaster recovery strategies and solutions, including risk assessments, business impact analyses, strategy selection, and documentation of business continuity and disaster recovery procedures. Plan, conduct, and debrief regular mock-disaster exercises to test the adequacy of existing plans and strategies, updating procedures and plans regularly. Act as a coordinator for continuity efforts after a disruption event.","[""speaking"", ""complex problem solving"", ""judgment and decision making""]","[""develop emergency management plans for recovery decision making and communications, continuity of critical departmental processes, or temporary shut-down of non-critical departments to ensure continuity of operation and governance."", ""develop disaster recovery plans for physical locations with critical assets, such as data centers."", ""test documented disaster recovery strategies and plans."", ""analyze impact on, and risk to, essential business functions or information systems to identify acceptable recovery time periods and resource requirements."", ""write reports to summarize testing activities, including descriptions of goals, planning, scheduling, execution, results, analysis, conclusions, and recommendations."", ""review existing disaster recovery, crisis management, or business continuity plans."", ""create scenarios to reestablish operations from various types of business disruptions."", ""establish, maintain, or test call trees to ensure appropriate communication during disaster."", ""conduct or oversee contingency plan integration and operation."", ""identify opportunities for strategic improvement or mitigation of business interruption and other risks caused by business, regulatory, or industry-specific change initiatives.""]"
13-1199.05,Sustainability Specialists,"Address organizational sustainability issues, such as waste stream management, green building practices, and green procurement plans.","[""reading comprehension"", ""writing"", ""speaking""]","[""develop sustainability project goals, objectives, initiatives, or strategies in collaboration with other sustainability professionals."", ""monitor or track sustainability indicators, such as energy usage, natural resource usage, waste generation, and recycling."", ""assess or propose sustainability initiatives, considering factors such as cost effectiveness, technical feasibility, and acceptance."", ""provide technical or administrative support for sustainability programs or issues."", ""review and revise sustainability proposals or policies.""]"
13-2052.00,Personal Financial Advisors,"Advise clients on financial plans using knowledge of tax and investment strategies, securities, insurance, pension plans, and real estate. Duties include assessing clients' assets, liabilities, cash flow, insurance coverage, tax status, and financial objectives. May also buy and sell financial assets for clients.","[""reading comprehension"", ""active listening"", ""speaking""]","[""interview clients to determine their current income, expenses, insurance coverage, tax status, financial objectives, risk tolerance, or other information needed to develop a financial plan."", ""analyze financial information obtained from clients to determine strategies for meeting clients' financial objectives."", ""answer clients' questions about the purposes and details of financial plans and strategies."", ""review clients' accounts and plans regularly to determine whether life changes, economic changes, environmental concerns, or financial performance indicate a need for plan reassessment."", ""manage client portfolios, keeping client plans up-to-date."", ""recommend to clients strategies in cash management, insurance coverage, investment planning, or other areas to help them achieve their financial goals."", ""recommend financial products, such as stocks, bonds, mutual funds, or insurance."", ""implement financial planning recommendations, or refer clients to someone who can assist them with plan implementation."", ""contact clients periodically to determine any changes in their financial status."", ""prepare or interpret for clients information, such as investment performance reports, financial document summaries, or income projections."", ""explain to clients the personal financial advisor's responsibilities and the types of services to be provided.""]"
13-2061.00,Financial Examiners,"Enforce or ensure compliance with laws and regulations governing financial and securities institutions and financial and real estate transactions. May examine, verify, or authenticate records.","[""reading comprehension"", ""active listening"", ""writing"", ""speaking"", ""critical thinking""]","[""direct and participate in formal and informal meetings with bank directors, trustees, senior management, counsels, outside accountants, and consultants to gather information and discuss findings."", ""recommend actions to ensure compliance with laws and regulations, or to protect solvency of institutions."", ""prepare reports, exhibits, and other supporting schedules that detail an institution's safety and soundness, compliance with laws and regulations, and recommended solutions to questionable financial conditions."", ""resolve problems concerning the overall financial integrity of banking institutions including loan investment portfolios, capital, earnings, and specific or large troubled accounts."", ""investigate activities of institutions to enforce laws and regulations and to ensure legality of transactions and operations or financial solvency."", ""review balance sheets, operating income and expense accounts, and loan documentation to confirm institution assets and liabilities."", ""plan, supervise, and review work of assigned subordinates."", ""review audit reports of internal and external auditors to monitor adequacy of scope of reports or to discover specific weaknesses in internal routines.""]"
13-2071.00,Credit Counselors,"Advise and educate individuals or organizations on acquiring and managing debt. May provide guidance in determining the best type of loan and explain loan requirements or restrictions. May help develop debt management plans or student financial aid packages. May advise on credit issues, or provide budget, mortgage, bankruptcy, or student financial aid counseling.","[""speaking""]","[""calculate clients' available monthly income to meet debt obligations."", ""explain services or policies to clients, such as debt management program rules, advantages and disadvantages of using services, or creditor concession policies."", ""create debt management plans, spending plans, or budgets to assist clients to meet financial goals."", ""prioritize client debt repayment to avoid dire consequences, such as bankruptcy or foreclosure or to reduce overall costs, such as by paying high-interest or short-term loans first."", ""assess clients' overall financial situations by reviewing income, assets, debts, expenses, credit reports, or other financial information."", ""recommend strategies for clients to meet their financial goals, such as borrowing money through loans or loan programs, declaring bankruptcy, making budget adjustments, or enrolling in debt management plans."", ""explain general financial topics to clients, such as credit report ratings, bankruptcy laws, consumer protection laws, wage attachments, or collection actions."", ""interview clients by telephone or in person to gather financial information."", ""estimate time for debt repayment, given amount of debt, interest rates, and available funds."", ""prepare written documents to establish contracts with or communicate financial recommendations to clients."", ""maintain or update records of client account activity, including financial transactions, counseling session notes, correspondence, document images, or client inquiries."", ""negotiate with creditors on behalf of clients to arrange for payment adjustments, interest rate reductions, time extensions, or payment plans."", ""advise clients on housing matters, such as housing rental, homeownership, mortgage delinquency, or foreclosure prevention."", ""create action plans to assist clients in obtaining permanent housing via rent or mortgage programs."", ""advise clients or respond to inquiries about financial matters in person or via phone, email, web site, or internet chat."", ""review changes to financial, family, or employment situations to determine whether changes to existing debt management plans, spending plans, or budgets are needed."", ""recommend educational materials or resources to clients on matters, such as financial planning, budgeting, or credit.""]"
13-2072.00,Loan Officers,"Evaluate, authorize, or recommend approval of commercial, real estate, or credit loans. Advise borrowers on financial status and payment methods. Includes mortgage loan officers and agents, collection analysts, loan servicing officers, loan underwriters, and payday loan officers.","[""active listening"", ""speaking""]","[""meet with applicants to obtain information for loan applications and to answer questions about the process."", ""analyze applicants' financial status, credit, and property evaluations to determine feasibility of granting loans."", ""approve loans within specified limits, and refer loan applications outside those limits to management for approval."", ""explain to customers the different types of loans and credit options that are available, as well as the terms of those services."", ""submit applications to credit analysts for verification and recommendation."", ""review loan agreements to ensure that they are complete and accurate according to policy."", ""review and update credit and loan files."", ""obtain and compile copies of loan applicants' credit histories, corporate financial statements, and other financial information.""]"
13-2081.00,"Tax Examiners and Collectors, and Revenue Agents",Determine tax liability or collect taxes from individuals or business firms according to prescribed laws and regulations.,"[""reading comprehension"", ""active listening"", ""speaking""]","[""send notices to taxpayers when accounts are delinquent."", ""confer with taxpayers or their representatives to discuss the issues, laws, and regulations involved in returns, and to resolve problems with returns."", ""notify taxpayers of any overpayment or underpayment, and either issue a refund or request further payment."", ""maintain records for each case, including contacts, telephone numbers, and actions taken."", ""contact taxpayers by mail or telephone to address discrepancies and to request supporting documentation."", ""answer questions from taxpayers and assist them in completing tax forms.""]"
13-2082.00,Tax Preparers,Prepare tax returns for individuals or small businesses.,"[""reading comprehension""]","[""use all appropriate adjustments, deductions, and credits to keep clients' taxes to a minimum."", ""compute taxes owed or overpaid, using adding machines or personal computers, and complete entries on forms, following tax form instructions and tax tables."", ""interview clients to obtain additional information on taxable income and deductible expenses and allowances."", ""review financial records, such as income statements and documentation of expenditures to determine forms needed to prepare tax returns."", ""prepare or assist in preparing simple to complex tax returns for individuals or small businesses."", ""check data input or verify totals on forms prepared by others to detect errors in arithmetic, data entry, or procedures."", ""furnish taxpayers with sufficient information and advice to ensure correct tax form completion."", ""consult tax law handbooks or bulletins to determine procedures for preparation of atypical returns."", ""explain federal and state tax laws to individuals and companies."", ""answer questions and provide future tax planning to clients."", ""calculate form preparation fees according to return complexity and processing time required.""]"
13-2099.01,Financial Quantitative Analysts,"Develop quantitative techniques to inform securities investing, equities investing, pricing, or valuation of financial instruments. Develop mathematical or statistical models for risk management, asset optimization, pricing, or relative value analysis.","[""reading comprehension"", ""mathematics"", ""critical thinking""]","[""apply mathematical or statistical techniques to address practical issues in finance, such as derivative valuation, securities trading, risk management, or financial market regulation."", ""research or develop analytical tools to address issues such as portfolio construction or optimization, performance measurement, attribution, profit and loss measurement, or pricing models."", ""interpret results of financial analysis procedures."", ""develop core analytical capabilities or model libraries, using advanced statistical, quantitative, or econometric techniques.""]"
13-2099.04,"Fraud Examiners, Investigators and Analysts","Obtain evidence, take statements, produce reports, and testify to findings regarding resolution of fraud allegations. May coordinate fraud detection and prevention activities.","[""reading comprehension"", ""active listening"", ""writing"", ""speaking"", ""critical thinking"", ""complex problem solving""]","[""gather financial documents related to investigations."", ""interview witnesses or suspects and take statements."", ""prepare written reports of investigation findings."", ""document all investigative activities."", ""create and maintain logs, records, or databases of information about fraudulent activity."", ""coordinate investigative efforts with law enforcement officers and attorneys."", ""lead, or participate in, fraud investigation teams."", ""testify in court regarding investigation findings."", ""prepare evidence for presentation in court."", ""recommend actions in fraud cases."", ""review reports of suspected fraud to determine need for further investigation."", ""design, implement, or maintain fraud detection tools or procedures."", ""analyze financial data to detect irregularities in areas such as billing trends, financial relationships, and regulatory compliance procedures."", ""maintain knowledge of current events and trends in such areas as money laundering and criminal tools and techniques."", ""evaluate business operations to identify risk areas for fraud."", ""conduct in-depth investigations of suspicious financial activity, such as suspected money-laundering efforts.""]"
15-1211.00,Computer Systems Analysts,"Analyze science, engineering, business, and other data processing problems to develop and implement solutions to complex applications problems, system administration issues, or network concerns. Perform systems management and integration functions, improve existing computer systems, and review computer system capabilities, workflow, and schedule limitations. May analyze or recommend commercially available software.","[""speaking""]","[""troubleshoot program and system malfunctions to restore normal functioning."", ""provide staff and users with assistance solving computer-related problems, such as malfunctions and program problems."", ""test, maintain, and monitor computer programs and systems, including coordinating the installation of computer programs and systems.""]"
15-1211.01,Health Informatics Specialists,"Apply knowledge of nursing and informatics to assist in the design, development, and ongoing modification of computerized health care systems. May educate staff and assist in problem solving to promote the implementation of the health care system.","[""reading comprehension"", ""active listening"", ""writing"", ""speaking"", ""critical thinking"", ""complex problem solving""]","[""translate nursing practice information between nurses and systems engineers, analysts, or designers, using object-oriented models or other techniques."", ""use informatics science to design or implement health information technology applications for resolution of clinical or health care administrative problems."", ""develop or implement policies or practices to ensure the privacy, confidentiality, or security of patient information."", ""analyze and interpret patient, nursing, or information systems data to improve nursing services."", ""identify, collect, record, or analyze data relevant to the nursing care of patients."", ""apply knowledge of computer science, information science, nursing, and informatics theory to nursing practice, education, administration, or research, in collaboration with other health informatics specialists."", ""develop, implement, or evaluate health information technology applications, tools, processes, or structures to assist nurses with data management."", ""design, develop, select, test, implement, and evaluate new or modified informatics solutions, data structures, and decision-support mechanisms to support patients, health care professionals, and their information management and human-computer and human-technology interactions within health care contexts."", ""disseminate information about nursing informatics science and practice to the profession, other health care professions, nursing students, and the public.""]"
15-1212.00,Information Security Analysts,"Plan, implement, upgrade, or monitor security measures for the protection of computer networks and information. Assess system vulnerabilities for security risks and propose and implement risk mitigation strategies. May ensure appropriate security controls are in place that will safeguard digital files and vital electronic infrastructure. May respond to computer security breaches and viruses.","[""reading comprehension""]","[""develop plans to safeguard computer files against accidental or unauthorized modification, destruction, or disclosure and to meet emergency data processing needs."", ""monitor current reports of computer viruses to determine when to update virus protection systems."", ""encrypt data transmissions and erect firewalls to conceal confidential information as it is being transmitted and to keep out tainted digital transfers."", ""perform risk assessments and execute tests of data processing system to ensure functioning of data processing activities and security measures."", ""modify computer security files to incorporate new software, correct errors, or change individual access status."", ""review violations of computer security procedures and discuss procedures with violators to ensure violations are not repeated.""]"
15-1221.00,Computer and Information Research Scientists,"Conduct research into fundamental computer and information science as theorists, designers, or inventors. Develop solutions to problems in the field of computer hardware and software.","[""critical thinking"", ""complex problem solving"", ""judgment and decision making""]","[""analyze problems to develop solutions involving computer hardware and software.""]"
15-1241.00,Computer Network Architects,"Design and implement computer and information networks, such as local area networks (LAN), wide area networks (WAN), intranets, extranets, and other data communications networks. Perform network modeling, analysis, and planning, including analysis of capacity needs for network infrastructures. May also design network and computer security measures. May research and recommend network and data communications hardware and software.","[""reading comprehension"", ""critical thinking""]","[""develop disaster recovery plans."", ""develop or recommend network security measures, such as firewalls, network security audits, or automated security probes."", ""develop and implement solutions for network problems."", ""maintain networks by performing activities such as file addition, deletion, or backup."", ""coordinate network operations, maintenance, repairs, or upgrades.""]"
15-1251.00,Computer Programmers,"Create, modify, and test the code and scripts that allow computer applications to run. Work from specifications drawn up by software and web developers or other individuals. May develop and write computer programs to store, locate, and retrieve specific documents, data, and information.","[""programming""]","[""write, analyze, review, and rewrite programs, using workflow chart and diagram, and applying knowledge of computer capabilities, subject matter, and symbolic logic."", ""correct errors by making appropriate changes and rechecking the program to ensure that the desired results are produced."", ""perform or direct revision, repair, or expansion of existing programs to increase operating efficiency or adapt to new requirements."", ""write, update, and maintain computer programs or software packages to handle specific jobs such as tracking inventory, storing or retrieving data, or controlling other equipment."", ""consult with managerial, engineering, and technical personnel to clarify program intent, identify problems, and suggest changes.""]"
15-1253.00,Software Quality Assurance Analysts and Testers,"Develop and execute software tests to identify software problems and their causes. Test system modifications to prepare for implementation. Document software and application defects using a bug tracking system and report defects to software or web developers. Create and maintain databases of known defects. May participate in software design reviews to provide input on functional requirements, operational characteristics, product designs, and schedules.","[""reading comprehension""]","[""identify, analyze, and document problems with program function, output, online screen, or content."", ""document software defects, using a bug tracking system, and report defects to software developers."", ""develop testing programs that address areas such as database impacts, software scenarios, regression testing, negative testing, error or bug retests, or usability."", ""design test plans, scenarios, scripts, or procedures."", ""document test procedures to ensure replicability and compliance with standards."", ""provide feedback and recommendations to developers on software usability and functionality."", ""install, maintain, or use software testing programs."", ""test system modifications to prepare for implementation."", ""create or maintain databases of known test defects."", ""develop or specify standards, methods, or procedures to determine product quality or release readiness."", ""monitor bug resolution efforts and track successes."", ""update automated test scripts to ensure currency."", ""participate in product design reviews to provide input on functional requirements, product designs, schedules, or potential problems."", ""plan test schedules or strategies in accordance with project scope or delivery dates.""]"
15-1254.00,Web Developers,"Develop and implement websites, web applications, application databases, and interactive web interfaces. Evaluate code to ensure that it is properly structured, meets industry standards, and is compatible with browsers and devices. Optimize website performance, scalability, and server-side code and processes. May develop website infrastructure and integrate websites with other computer applications.","[""programming""]","[""write supporting code for web applications or web sites."", ""design, build, or maintain web sites, using authoring or scripting languages, content creation tools, management tools, and digital media."", ""back up files from web sites to local directories for instant recovery in case of problems."", ""select programming languages, design tools, or applications."", ""evaluate code to ensure that it is valid, is properly structured, meets industry standards, and is compatible with browsers, devices, or operating systems."", ""develop databases that support web applications and web sites."", ""perform web site tests according to planned schedules, or after any web site or product revision."", ""perform or direct web site updates.""]"
15-1255.01,Video Game Designers,"Design core features of video games. Specify innovative game and role-play mechanics, story lines, and character biographies. Create and maintain design documentation. Guide and collaborate with production staff to produce games as designed.","[""programming""]","[""balance and adjust gameplay experiences to ensure the critical and commercial success of the product."", ""devise missions, challenges, or puzzles to be encountered in game play."", ""create core game features, including storylines, role-play mechanics, and character biographies for a new video game or game franchise."", ""solicit, obtain, and integrate feedback from design and technical staff into original game design."", ""conduct regular design reviews throughout the game development process."", ""develop and maintain design level documentation, including mechanics, guidelines, and mission outlines."", ""document all aspects of formal game design, using mock-up screenshots, sample menu layouts, gameplay flowcharts, and other graphical devices."", ""provide feedback to designers and other colleagues regarding game design features."", ""create and manage documentation, production schedules, prototyping goals, and communication plans in collaboration with production staff."", ""provide feedback to production staff regarding technical game qualities or adherence to original design."", ""create gameplay prototypes for presentation to creative and technical staff and management."", ""guide design discussions between development teams.""]"
15-1299.01,Web Administrators,"Manage web environment design, deployment, development and maintenance activities. Perform testing and quality assurance of web sites and web applications.","[""critical thinking""]","[""monitor systems for intrusions or denial of service attacks, and report security breaches to appropriate personnel."", ""identify or document backup or recovery plans."", ""back up or modify applications and related data to provide for disaster recovery."", ""correct testing-identified problems, or recommend actions for their resolution."", ""identify, standardize, and communicate levels of access and security."", ""determine sources of web page or server problems, and take action to correct such problems."", ""implement updates, upgrades, and patches in a timely manner to limit loss of service."", ""implement web site security measures, such as firewalls or message encryption."", ""collaborate with development teams to discuss, analyze, or resolve usability issues."", ""test issues such as system integration, performance, and system security on a regular schedule or after any major program modifications."", ""perform user testing or usage analyses to determine web sites' effectiveness or usability."", ""document application and web site changes or change procedures."", ""track, compile, and analyze web site usage data.""]"
15-1299.08,Computer Systems Engineers/Architects,"Design and develop solutions to complex applications problems, system administration issues, or network concerns. Perform systems management and integration functions.","[""reading comprehension"", ""active listening"", ""critical thinking""]","[""communicate with staff or clients to understand specific system requirements."", ""investigate system component suitability for specified purposes, and make recommendations regarding component use."", ""provide customers or installation teams guidelines for implementing secure systems."", ""direct the analysis, development, and operation of complete computer systems."", ""direct the installation of operating systems, network or application software, or computer or network hardware."", ""monitor system operation to detect potential problems.""]"
15-1299.09,Information Technology Project Managers,"Plan, initiate, and manage information technology (IT) projects. Lead and guide the work of technical staff. Serve as liaison between business and technical aspects of projects. Plan project stages and assess business implications for each stage. Monitor progress to assure deadlines, standards, and cost targets are met.","[""reading comprehension"", ""active listening"", ""writing"", ""critical thinking"", ""coordination"", ""time management""]","[""manage project execution to ensure adherence to budget, schedule, and scope."", ""confer with project personnel to identify and resolve problems."", ""monitor or track project milestones and deliverables."", ""submit project deliverables, ensuring adherence to quality standards."", ""assess current or future customer needs and priorities by communicating directly with customers, conducting surveys, or other methods."", ""initiate, review, or approve modifications to project plans."", ""schedule and facilitate meetings related to information technology projects."", ""direct or coordinate activities of project personnel."", ""develop implementation plans that include analyses such as cost-benefit or return on investment (roi)."", ""identify need for initial or supplemental project resources."", ""develop or update project plans for information technology projects including information such as project objectives, technologies, systems, information specifications, schedules, funding, and staffing."", ""perform risk assessments to develop response strategies."", ""prepare project status reports by collecting, analyzing, and summarizing information and trends.""]"
15-2011.00,Actuaries,"Analyze statistical data, such as mortality, accident, sickness, disability, and retirement rates and construct probability tables to forecast risk and liability for payment of future benefits. May ascertain insurance rates required and cash reserves necessary to ensure payment of future benefits.","[""reading comprehension"", ""active listening"", ""mathematics"", ""critical thinking"", ""complex problem solving"", ""judgment and decision making"", ""systems evaluation""]","[""ascertain premium rates required and cash reserves and liabilities necessary to ensure payment of future benefits."", ""collaborate with programmers, underwriters, accounts, claims experts, and senior management to help companies develop plans for new lines of business or improvements to existing business."", ""analyze statistical information to estimate mortality, accident, sickness, disability, and retirement rates."", ""design, review, and help administer insurance, annuity and pension plans, determining financial soundness and calculating premiums."", ""determine, or help determine, company policy, and explain complex technical matters to company executives, government officials, shareholders, policyholders, or the public."", ""construct probability tables for events such as fires, natural disasters, and unemployment, based on analysis of statistical data and other pertinent information.""]"
15-2021.00,Mathematicians,"Conduct research in fundamental mathematics or in application of mathematical techniques to science, management, and other fields. Solve problems in various fields using mathematical methods.","[""reading comprehension"", ""mathematics"", ""critical thinking"", ""active learning"", ""complex problem solving""]","[""address the relationships of quantities, magnitudes, and forms through the use of numbers and symbols."", ""disseminate research by writing reports, publishing papers, or presenting at professional conferences."", ""maintain knowledge in the field by reading professional journals, talking with other mathematicians, and attending professional conferences."", ""apply mathematical theories and techniques to the solution of practical problems in business, engineering, the sciences, or other fields."", ""conduct research to extend mathematical knowledge in traditional areas, such as algebra, geometry, probability, and logic."", ""develop mathematical or statistical models of phenomena to be used for analysis or for computational simulation.""]"
15-2031.00,Operations Research Analysts,"Formulate and apply mathematical modeling and other optimizing methods to develop and interpret information that assists management with decisionmaking, policy formulation, or other managerial functions. May collect and analyze data and develop decision support software, services, or products. May develop and supply optimal time, cost, or logistics networks for program evaluation, review, or implementation.","[""reading comprehension"", ""active listening"", ""writing"", ""speaking"", ""mathematics"", ""critical thinking"", ""complex problem solving""]","[""present the results of mathematical modeling and data analysis to management or other end users."", ""define data requirements, and gather and validate information, applying judgment and statistical tests."", ""perform validation and testing of models to ensure adequacy, and reformulate models, as necessary."", ""prepare management reports defining and evaluating problems and recommending solutions."", ""collaborate with others in the organization to ensure successful implementation of chosen problem solutions."", ""formulate mathematical or simulation models of problems, relating constants and variables, restrictions, alternatives, conflicting objectives, and their numerical parameters."", ""observe the current system in operation, and gather and analyze information about each of the component problems, using a variety of sources."", ""analyze information obtained from management to conceptualize and define operational problems."", ""study and analyze information about alternative courses of action to determine which plan will offer the best outcomes."", ""collaborate with senior managers and decision makers to identify and solve a variety of problems and to clarify management objectives."", ""specify manipulative or computational methods to be applied to models.""]"
15-2041.00,Statisticians,"Develop or apply mathematical or statistical theory and methods to collect, organize, interpret, and summarize numerical data to provide usable information. May specialize in fields such as biostatistics, agricultural statistics, business statistics, or economic statistics. Includes mathematical and survey statisticians.","[""reading comprehension"", ""mathematics"", ""critical thinking""]","[""analyze and interpret statistical data to identify significant differences in relationships among sources of information."", ""evaluate the statistical methods and procedures used to obtain data to ensure validity, applicability, efficiency, and accuracy."", ""report results of statistical analyses, including information in the form of graphs, charts, and tables."", ""determine whether statistical methods are appropriate, based on user needs or research questions of interest."", ""prepare data for processing by organizing information, checking for inaccuracies, and adjusting and weighting the raw data."", ""develop and test experimental designs, sampling techniques, and analytical methods."", ""identify relationships and trends in data, as well as any factors that could affect the results of research."", ""present statistical and nonstatistical results, using charts, bullets, and graphs, in meetings or conferences to audiences such as clients, peers, and students."", ""design research projects that apply valid scientific techniques, and use information obtained from baselines or historical data to structure uncompromised and efficient analyses."", ""adapt statistical methods to solve specific problems in many fields, such as economics, biology, and engineering."", ""evaluate sources of information to determine any limitations, in terms of reliability or usability."", ""process large amounts of data for statistical modeling and graphic analysis, using computers.""]"
15-2041.01,Biostatisticians,Develop and apply biostatistical theory and methods to the study of life sciences.,"[""reading comprehension"", ""speaking"", ""mathematics"", ""science"", ""critical thinking"", ""active learning"", ""complex problem solving"", ""judgment and decision making""]","[""draw conclusions or make predictions, based on data summaries or statistical analyses."", ""analyze clinical or survey data, using statistical approaches such as longitudinal analysis, mixed-effect modeling, logistic regression analyses, and model-building techniques."", ""write detailed analysis plans and descriptions of analyses and findings for research protocols or reports."", ""calculate sample size requirements for clinical studies."", ""read current literature, attend meetings or conferences, and talk with colleagues to keep abreast of methodological or conceptual developments in fields such as biostatistics, pharmacology, life sciences, and social sciences."", ""design research studies in collaboration with physicians, life scientists, or other professionals."", ""prepare tables and graphs to present clinical data or results."", ""write program code to analyze data with statistical analysis software."", ""provide biostatistical consultation to clients or colleagues."", ""review clinical or other medical research protocols and recommend appropriate statistical analyses."", ""develop or implement data analysis algorithms."", ""determine project plans, timelines, or technical objectives for statistical aspects of biological research studies."", ""prepare statistical data for inclusion in reports to data monitoring committees, federal regulatory agencies, managers, or clients."", ""plan or direct research studies related to life sciences."", ""prepare articles for publication or presentation at professional conferences.""]"
15-2051.01,Business Intelligence Analysts,Produce financial and market intelligence by querying data repositories and generating periodic reports. Devise methods for identifying data patterns and trends in available information sources.,"[""reading comprehension""]","[""generate standard or custom reports summarizing business, financial, or economic data for review by executives, managers, clients, and other stakeholders."", ""maintain or update business intelligence tools, databases, dashboards, systems, or methods."", ""manage timely flow of business intelligence information to users.""]"
15-2051.02,Clinical Data Managers,"Apply knowledge of health care and database management to analyze clinical data, and to identify and report trends.","[""critical thinking""]","[""design and validate clinical databases, including designing or testing logic checks."", ""process clinical data, including receipt, entry, verification, or filing of information."", ""generate data queries, based on validation checks or errors and omissions identified during data entry, to resolve identified problems."", ""develop project-specific data management plans that address areas such as coding, reporting, or transfer of data, database locks, and work flow processes."", ""monitor work productivity or quality to ensure compliance with standard operating procedures."", ""prepare appropriate formatting to data sets as requested.""]"
17-1011.00,"Architects, Except Landscape and Naval","Plan and design structures, such as private residences, office buildings, theaters, factories, and other structural property.","[""reading comprehension"", ""speaking"", ""critical thinking"", ""operations analysis""]","[""develop final construction plans that include aesthetic representations of the structure or details for its construction."", ""prepare scale drawings or architectural designs, using computer-aided design or other tools."", ""prepare information regarding design, structure specifications, materials, color, equipment, estimated costs, or construction time."", ""consult with clients to determine functional or spatial requirements of structures."", ""meet with clients to review or discuss architectural drawings."", ""monitor the work of specialists, such as electrical engineers, mechanical engineers, interior designers, or sound specialists to ensure optimal form or function of designs or final structures."", ""integrate engineering elements into unified architectural designs."", ""plan layouts of structural architectural projects."", ""conduct periodic on-site observations of construction work to monitor compliance with plans."", ""prepare contract documents for building contractors."", ""plan or design structures such as residences, office buildings, theatres, factories, or other structural properties in accordance with environmental, safety, or other regulations."", ""direct activities of technicians engaged in preparing drawings or specification documents.""]"
17-1012.00,Landscape Architects,"Plan and design land areas for projects such as parks and other recreational facilities, airports, highways, hospitals, schools, land subdivisions, and commercial, industrial, and residential sites.","[""reading comprehension"", ""active listening""]","[""prepare graphic representations or drawings of proposed plans or designs."", ""confer with clients, engineering personnel, or architects on landscape projects."", ""integrate existing land features or landscaping into designs."", ""inspect landscape work to ensure compliance with specifications, evaluate quality of materials or work, or advise clients or construction personnel."", ""analyze data on conditions such as site location, drainage, or structure location for environmental reports or landscaping plans.""]"
17-1021.00,Cartographers and Photogrammetrists,"Research, study, and prepare maps and other spatial data in digital or graphic form for one or more purposes, such as legal, social, political, educational, and design purposes. May work with Geographic Information Systems (GIS). May design and evaluate algorithms, data structures, and user interfaces for GIS and mapping systems. May collect, analyze, and interpret geographic information provided by geodetic surveys, aerial photographs, and satellite data.","[""reading comprehension""]","[""compile data required for map preparation, including aerial photographs, survey notes, records, reports, and original maps."", ""delineate aerial photographic detail, such as control points, hydrography, topography, and cultural features, using precision stereoplotting apparatus or drafting instruments."", ""prepare and alter trace maps, charts, tables, detailed drawings, and three-dimensional optical models of terrain using stereoscopic plotting and computer graphics equipment."", ""study legal records to establish boundaries of local, national, and international properties."", ""inspect final compositions to ensure completeness and accuracy."", ""revise existing maps and charts, making all necessary corrections and adjustments."", ""identify, scale, and orient geodetic points, elevations, and other planimetric or topographic features, applying standard mathematical formulas."", ""collect information about specific features of the earth, using aerial photography and other digital remote sensing techniques.""]"
17-1022.00,Surveyors,"Make exact measurements and determine property boundaries. Provide data relevant to the shape, contour, gravitation, location, elevation, or dimension of land or land features on or near the earth's surface for engineering, mapmaking, mining, land evaluation, construction, and other purposes.","[""mathematics""]","[""direct or conduct surveys to establish legal boundaries for properties, based on legal deeds and titles."", ""prepare and maintain sketches, maps, reports, and legal descriptions of surveys to describe, certify, and assume liability for work performed."", ""write descriptions of property boundary surveys for use in deeds, leases, or other legal documents."", ""verify the accuracy of survey data, including measurements and calculations conducted at survey sites."", ""search legal records, survey records, and land titles to obtain information about property boundaries in areas to be surveyed."", ""record the results of surveys, including the shape, contour, location, elevation, and dimensions of land or land features."", ""prepare, or supervise preparation of, all data, charts, plots, maps, records, and documents related to surveys."", ""compute geodetic measurements and interpret survey data to determine positions, shapes, and elevations of geomorphic and topographic features."", ""calculate heights, depths, relative positions, property lines, and other characteristics of terrain."", ""plan and conduct ground surveys designed to establish baselines, elevations, and other geodetic measurements."", ""establish fixed points for use in making maps, using geodetic and engineering instruments."", ""determine longitudes and latitudes of important features and boundaries in survey areas, using theodolites, transits, levels, and satellite-based global positioning systems (gps)."", ""train assistants and helpers, and direct their work in such activities as performing surveys or drafting maps."", ""coordinate findings with the work of engineering and architectural personnel, clients, and others concerned with projects."", ""analyze survey objectives and specifications to prepare survey proposals or to direct others in survey proposal preparation.""]"
17-1022.01,Geodetic Surveyors,"Measure large areas of the Earth's surface using satellite observations, global navigation satellite systems (GNSS), light detection and ranging (LIDAR), or related sources.","[""reading comprehension"", ""mathematics""]","[""analyze control or survey data to ensure adherence to project specifications or land survey standards."", ""conduct surveys to determine exact positions, measurement of points, elevations, lines, areas, volumes, contours, or other features of land surfaces."", ""calculate the exact horizontal and vertical position of points on the earth's surface."", ""maintain databases of geodetic and related information, including coordinate, descriptive, or quality assurance data."", ""verify the mathematical correctness of newly collected survey data."", ""compute horizontal and vertical coordinates of control networks, using direct leveling or other geodetic survey techniques, such as triangulation, trilateration, and traversing, to establish features of the earth's surface."", ""plan or direct the work of geodetic surveying staff, providing technical consultation as needed."", ""assess the quality of control data to determine the need for additional survey data for engineering, construction, or other projects."", ""distribute compiled geodetic data to government agencies or the general public."", ""request additional survey data when field collection errors occur or engineering surveying specifications are not maintained.""]"
17-2011.00,Aerospace Engineers,"Perform engineering duties in designing, constructing, and testing aircraft, missiles, and spacecraft. May conduct basic and applied research to evaluate adaptability of materials and equipment to aircraft design and manufacture. May recommend improvements in testing equipment and techniques.","[""reading comprehension"", ""science"", ""critical thinking""]","[""formulate mathematical models or other methods of computer analysis to develop, evaluate, or modify design, according to customer engineering requirements."", ""plan or conduct experimental, environmental, operational, or stress tests on models or prototypes of aircraft or aerospace systems or equipment.""]"
17-2021.00,Agricultural Engineers,"Apply knowledge of engineering technology and biological science to agricultural problems concerned with power and machinery, electrification, structures, soil and water conservation, and processing of agricultural products.","[""reading comprehension"", ""active listening"", ""writing"", ""speaking""]","[""prepare reports, sketches, working drawings, specifications, proposals, and budgets for proposed sites or systems.""]"
17-2031.00,Bioengineers and Biomedical Engineers,"Apply knowledge of engineering, biology, chemistry, computer science, and biomechanical principles to the design, development, and evaluation of biological, agricultural, and health systems and products, such as artificial organs, prostheses, instrumentation, medical information systems, and health management and care delivery systems.","[""reading comprehension"", ""active listening"", ""writing"", ""speaking""]","[""evaluate the safety, efficiency, and effectiveness of biomedical equipment."", ""prepare technical reports, data summary documents, or research articles for scientific publication, regulatory submissions, or patent applications."", ""design or develop medical diagnostic or clinical instrumentation, equipment, or procedures, using the principles of engineering and biobehavioral sciences."", ""conduct research, along with life scientists, chemists, and medical scientists, on the engineering aspects of the biological systems of humans and animals."", ""adapt or design computer hardware or software for medical science uses.""]"
17-2041.00,Chemical Engineers,"Design chemical plant equipment and devise processes for manufacturing chemicals and products, such as gasoline, synthetic rubber, plastics, detergents, cement, paper, and pulp, by applying principles and technology of chemistry, physics, and engineering.","[""science"", ""critical thinking"", ""complex problem solving""]","[""monitor and analyze data from processes and experiments."", ""develop safety procedures to be employed by workers operating equipment or working in close proximity to ongoing chemical reactions."", ""develop processes to separate components of liquids or gases or generate electrical currents, using controlled chemical processes."", ""troubleshoot problems with chemical manufacturing processes."", ""evaluate chemical equipment and processes to identify ways to optimize performance or to ensure compliance with safety and environmental regulations."", ""conduct research to develop new and improved chemical manufacturing processes."", ""perform laboratory studies of steps in manufacture of new products and test proposed processes in small-scale operation, such as a pilot plant.""]"
17-2051.00,Civil Engineers,"Perform engineering duties in planning, designing, and overseeing construction and maintenance of building structures and facilities, such as roads, railroads, airports, bridges, harbors, channels, dams, irrigation projects, pipelines, power plants, and water and sewage systems.","[""active listening""]","[""direct engineering activities, ensuring compliance with environmental, safety, or other governmental regulations."", ""manage and direct the construction, operations, or maintenance activities at project site."", ""inspect project sites to monitor progress and ensure conformance to design specifications and safety or sanitation standards.""]"
17-2051.01,Transportation Engineers,"Develop plans for surface transportation projects, according to established engineering standards and state or federal construction policy. Prepare designs, specifications, or estimates for transportation facilities. Plan modifications of existing streets, highways, or freeways to improve traffic flow.","[""reading comprehension"", ""writing"", ""speaking"", ""critical thinking""]","[""design or prepare plans for new transportation systems or parts of systems, such as airports, commuter trains, highways, streets, bridges, drainage structures, or roadway lighting."", ""check construction plans, design calculations, or cost estimations to ensure completeness, accuracy, or conformity to engineering standards or practices."", ""prepare administrative, technical, or statistical reports on traffic-operation matters, such as accidents, safety measures, or pedestrian volume or practices."", ""plan alteration or modification of existing transportation structures to improve safety or function."", ""confer with contractors, utility companies, or government agencies to discuss plans, specifications, or work schedules."", ""present data, maps, or other information at construction-related public hearings or meetings.""]"
17-2051.02,Water/Wastewater Engineers,"Design or oversee projects involving provision of potable water, disposal of wastewater and sewage, or prevention of flood-related damage. Prepare environmental documentation for water resources, regulatory program compliance, data management and analysis, and field work. Perform hydraulic modeling and pipeline design.","[""reading comprehension"", ""writing"", ""critical thinking"", ""judgment and decision making""]","[""provide technical direction or supervision to junior engineers, engineering or computer-aided design (cad) technicians, or other technical personnel."", ""review and critique proposals, plans, or designs related to water or wastewater treatment systems."", ""design domestic or industrial water or wastewater treatment plants, including advanced facilities with sequencing batch reactors (sbr), membranes, lift stations, headworks, surge overflow basins, ultraviolet disinfection systems, aerobic digesters, sludge lagoons, or control buildings."", ""evaluate the operation and maintenance of water or wastewater systems to identify ways to improve their efficiency.""]"
17-2061.00,Computer Hardware Engineers,"Research, design, develop, or test computer or computer-related equipment for commercial, industrial, military, or scientific use. May supervise the manufacturing and installation of computer or computer-related equipment and components.","[""reading comprehension"", ""critical thinking""]","[""update knowledge and skills to keep up with rapid advancements in computer technology."", ""design and develop computer hardware and support peripherals, including central processing units (cpus), support logic, microprocessors, custom integrated circuits, and printers and disk drives."", ""confer with engineering staff and consult specifications to evaluate interface between hardware and software and operational and performance requirements of overall system."", ""build, test, and modify product prototypes, using working models or theoretical models constructed with computer simulation."", ""write detailed functional specifications that document the hardware development process and support hardware introduction.""]"
17-2071.00,Electrical Engineers,"Research, design, develop, test, or supervise the manufacturing and installation of electrical equipment, components, or systems for commercial, industrial, military, or scientific use.","[""reading comprehension"", ""writing"", ""critical thinking""]","[""design, implement, maintain, or improve electrical instruments, equipment, facilities, components, products, or systems for commercial, industrial, or domestic purposes."", ""oversee project production efforts to assure projects are completed on time and within budget.""]"
17-2072.00,"Electronics Engineers, Except Computer","Research, design, develop, or test electronic components and systems for commercial, industrial, military, or scientific use employing knowledge of electronic theory and materials properties. Design electronic circuits and components for use in fields such as telecommunications, aerospace guidance and propulsion control, acoustics, or instruments and controls.","[""reading comprehension"", ""critical thinking"", ""complex problem solving""]","[""design electronic components, software, products, or systems for commercial, industrial, medical, military, or scientific applications."", ""operate computer-assisted engineering or design software or equipment to perform electronics engineering tasks.""]"
17-2081.00,Environmental Engineers,"Research, design, plan, or perform engineering duties in the prevention, control, and remediation of environmental hazards using various engineering disciplines. Work may include waste treatment, site remediation, or pollution control technology.","[""reading comprehension"", ""active listening"", ""writing"", ""speaking"", ""critical thinking"", ""monitoring""]","[""design, or supervise the design of, systems, processes, or equipment for control, management, or remediation of water, air, or soil quality."", ""assess the existing or potential environmental impact of land use projects on air, water, or land."", ""collaborate with environmental scientists, planners, hazardous waste technicians, engineers, experts in law or business, or other specialists to address environmental problems."", ""advise corporations or government agencies of procedures to follow in cleaning up contaminated sites to protect people and the environment."", ""develop proposed project objectives and targets and report to management on progress in attaining them."", ""monitor progress of environmental improvement programs.""]"
17-2111.00,"Health and Safety Engineers, Except Mining Safety Engineers and Inspectors","Promote worksite or product safety by applying knowledge of industrial processes, mechanics, chemistry, psychology, and industrial health and safety laws. Includes industrial product safety engineers.","[""reading comprehension""]","[""investigate industrial accidents, injuries, or occupational diseases to determine causes and preventive measures."", ""conduct research to evaluate safety levels for products."", ""evaluate product designs for safety."", ""conduct or coordinate worker training in areas such as safety laws and regulations, hazardous condition monitoring, and use of safety equipment."", ""maintain and apply knowledge of current policies, regulations, and industrial processes."", ""recommend procedures for detection, prevention, and elimination of physical, chemical, or other product hazards."", ""report or review findings from accident investigations, facilities inspections, or environmental testing."", ""evaluate potential health hazards or damage that could occur from product misuse."", ""evaluate adequacy of actions taken to correct health inspection violations.""]"
17-2111.02,Fire-Prevention and Protection Engineers,"Research causes of fires, determine fire protection methods, and design or recommend materials or equipment such as structural components or fire-detection equipment to assist organizations in safeguarding life and property against fire, explosion, and related hazards.","[""reading comprehension"", ""critical thinking""]","[""advise architects, builders, and other construction personnel on fire prevention equipment and techniques and on fire code and standard interpretation and compliance."", ""inspect buildings or building designs to determine fire protection system requirements and potential problems in areas such as water supplies, exit locations, and construction materials."", ""design fire detection equipment, alarm systems, and fire extinguishing devices and systems."", ""prepare and write reports detailing specific fire prevention and protection issues, such as work performed, revised codes or standards, and proposed review schedules."", ""consult with authorities to discuss safety regulations and to recommend changes as necessary.""]"
17-2112.01,Human Factors Engineers and Ergonomists,"Design objects, facilities, and environments to optimize human well-being and overall system performance, applying theory, principles, and data regarding the relationship between humans and respective technology. Investigate and analyze characteristics of human behavior and performance as it relates to the use of technology.","[""reading comprehension"", ""active listening"", ""writing"", ""speaking"", ""critical thinking"", ""complex problem solving""]","[""collect data through direct observation of work activities or witnessing the conduct of tests."", ""conduct interviews or surveys of users or customers to collect information on topics, such as requirements, needs, fatigue, ergonomics, or interfaces."", ""advocate for end users in collaboration with other professionals, including engineers, designers, managers, or customers."", ""inspect work sites to identify physical hazards."", ""prepare reports or presentations summarizing results or conclusions of human factors engineering or ergonomics activities, such as testing, investigation, or validation."", ""recommend workplace changes to improve health and safety, using knowledge of potentially harmful factors, such as heavy loads or repetitive motions."", ""perform functional, task, or anthropometric analysis, using tools, such as checklists, surveys, videotaping, or force measurement."", ""provide technical support to clients through activities, such as rearranging workplace fixtures to reduce physical hazards or discomfort or modifying task sequences to reduce cycle time."", ""assess the user-interface or usability characteristics of products."", ""establish system operating or training requirements to ensure optimized human-machine interfaces."", ""integrate human factors requirements into operational hardware."", ""review health, safety, accident, or worker compensation records to evaluate safety program effectiveness or to identify jobs with high incidence of injury."", ""design or evaluate human work systems, using human factors engineering and ergonomic principles to optimize usability, cost, quality, safety, or performance."", ""write, review, or comment on documents, such as proposals, test plans, or procedures."", ""train users in task techniques or ergonomic principles.""]"
17-2112.02,Validation Engineers,"Design or plan protocols for equipment or processes to produce products meeting internal and external purity, safety, and quality requirements.","[""reading comprehension"", ""writing"", ""speaking"", ""critical thinking""]","[""study product characteristics or customer requirements to determine validation objectives and standards."", ""analyze validation test data to determine whether systems or processes have met validation criteria or to identify root causes of production problems."", ""develop validation master plans, process flow diagrams, test cases, or standard operating procedures."", ""prepare detailed reports or design statements, based on results of validation and qualification tests or reviews of procedures and protocols."", ""maintain validation test equipment."", ""conduct validation or qualification tests of new or existing processes, equipment, or software in accordance with internal protocols or external standards."", ""communicate with regulatory agencies regarding compliance documentation or validation results."", ""prepare, maintain, or review validation and compliance documentation, such as engineering change notices, schematics, or protocols."", ""recommend resolution of identified deviations from established product or process standards.""]"
17-2112.03,Manufacturing Engineers,"Design, integrate, or improve manufacturing systems or related processes. May work with commercial or industrial designers to refine product designs to increase producibility and decrease costs.","[""reading comprehension"", ""mathematics"", ""complex problem solving""]","[""troubleshoot new or existing product problems involving designs, materials, or processes."", ""investigate or resolve operational problems, such as material use variances or bottlenecks."", ""identify opportunities or implement changes to improve manufacturing processes or products or to reduce costs, using knowledge of fabrication processes, tooling and production equipment, assembly methods, quality control standards, or product design, materials and parts."", ""apply continuous improvement methods, such as lean manufacturing, to enhance manufacturing quality, reliability, or cost-effectiveness."", ""provide technical expertise or support related to manufacturing.""]"
17-2121.00,Marine Engineers and Naval Architects,"Design, develop, and evaluate the operation of marine vessels, ship machinery, and related equipment, such as power supply and propulsion systems.","[""reading comprehension"", ""active listening"", ""speaking"", ""critical thinking""]","[""design complete hull and superstructure according to specifications and test data, in conformity with standards of safety, efficiency, and economy."", ""supervise other engineers and crew members and train them for routine and emergency duties."", ""study design proposals and specifications to establish basic characteristics of craft, such as size, weight, speed, propulsion, displacement, and draft."", ""perform monitoring activities to ensure that ships comply with international regulations and standards for life-saving equipment and pollution preventatives."", ""oversee construction and testing of prototype in model basin and develop sectional and waterline curves of hull to establish center of gravity, ideal hull form, and buoyancy and stability data."", ""evaluate performance of craft during dock and sea trials to determine design changes and conformance with national and international standards."", ""prepare plans, estimates, design and construction schedules, and contract specifications, including any special provisions.""]"
17-2131.00,Materials Engineers,"Evaluate materials and develop machinery and processes to manufacture materials for use in products that must meet specialized design and performance specifications. Develop new uses for known materials. Includes those engineers working with composite materials or specializing in one type of material, such as graphite, metal and metal alloys, ceramics and glass, plastics and polymers, and naturally occurring materials. Includes metallurgists and metallurgical engineers, ceramic engineers, and welding engineers.","[""reading comprehension"", ""active listening"", ""science"", ""complex problem solving""]","[""analyze product failure data and laboratory test results to determine causes of problems and develop solutions."", ""design and direct the testing or control of processing procedures."", ""monitor material performance, and evaluate its deterioration."", ""conduct or supervise tests on raw materials or finished products to ensure their quality."", ""evaluate technical specifications and economic factors relating to process or product design objectives."", ""modify properties of metal alloys, using thermal and mechanical treatments."", ""determine appropriate methods for fabricating and joining materials."", ""guide technical staff in developing materials for specific uses in projected products or devices.""]"
17-2141.01,Fuel Cell Engineers,"Design, evaluate, modify, or construct fuel cell components or systems for transportation, stationary, or portable applications.","[""reading comprehension"", ""critical thinking""]","[""plan or conduct experiments to validate new materials, optimize startup protocols, reduce conditioning time, or examine contaminant tolerance."", ""provide technical consultation or direction related to the development or production of fuel cell systems."", ""characterize component or fuel cell performances by generating operating maps, defining operating conditions, identifying design refinements, or executing durability assessments.""]"
17-2141.02,Automotive Engineers,"Develop new or improved designs for vehicle structural members, engines, transmissions, or other vehicle systems, using computer-assisted design technology. Direct building, modification, or testing of vehicle or components.","[""reading comprehension"", ""critical thinking"", ""complex problem solving""]","[""conduct or direct system-level automotive testing."", ""provide technical direction to other engineers or engineering support personnel."", ""perform failure, variation, or root cause analyses."", ""calibrate vehicle systems, including control algorithms or other software systems.""]"
17-2151.00,"Mining and Geological Engineers, Including Mining Safety Engineers","Conduct subsurface surveys to identify the characteristics of potential land or mining development sites. May specify the ground support systems, processes, and equipment for safe, economical, and environmentally sound extraction or underground construction activities. May inspect areas for unsafe geological conditions, equipment, and working conditions. May design, implement, and coordinate mine safety programs.","[""reading comprehension"", ""writing"", ""speaking"", ""critical thinking"", ""complex problem solving"", ""judgment and decision making""]","[""prepare technical reports for use by mining, engineering, and management personnel."", ""inspect mining areas for unsafe structures, equipment, and working conditions.""]"
17-2161.00,Nuclear Engineers,"Conduct research on nuclear engineering projects or apply principles and theory of nuclear science to problems concerned with release, control, and use of nuclear energy and nuclear waste disposal.","[""reading comprehension"", ""active listening"", ""writing"", ""mathematics"", ""science"", ""critical thinking"", ""monitoring"", ""complex problem solving"", ""judgment and decision making""]","[""design or develop nuclear equipment, such as reactor cores, radiation shielding, or associated instrumentation or control mechanisms."", ""monitor nuclear facility operations to identify any design, construction, or operation practices that violate safety regulations and laws or could jeopardize safe operations."", ""initiate corrective actions or order plant shutdowns in emergency situations."", ""examine accidents to obtain data for use in design of preventive measures."", ""direct operating or maintenance activities of nuclear power plants to ensure efficiency and conformity to safety standards."", ""design or oversee construction or operation of nuclear reactors, power plants, or nuclear fuels reprocessing and reclamation systems."", ""direct environmental compliance activities associated with nuclear plant operations or maintenance."", ""write operational instructions to be used in nuclear plant operation or nuclear fuel or waste handling and disposal."", ""prepare technical reports of findings or recommendations, based on synthesized analyses of test results."", ""prepare environmental impact statements, reports, or presentations for regulatory or other agencies.""]"
17-2171.00,Petroleum Engineers,Devise methods to improve oil and gas extraction and production and determine the need for new or modified tool designs. Oversee drilling and offer technical advice.,"[""reading comprehension"", ""critical thinking""]","[""specify and supervise well modification and stimulation programs to maximize oil and gas recovery."", ""monitor production rates, and plan rework processes to improve production."", ""maintain records of drilling and production operations.""]"
17-2199.03,"Energy Engineers, Except Wind and Solar","Design, develop, or evaluate energy-related projects or programs to reduce energy costs or improve energy efficiency during the designing, building, or remodeling stages of construction. May specialize in electrical systems; heating, ventilation, and air-conditioning (HVAC) systems; green buildings; lighting; air quality; or energy procurement.","[""reading comprehension"", ""critical thinking""]","[""identify and recommend energy savings strategies to achieve more energy-efficient operation."", ""conduct energy audits to evaluate energy use and to identify conservation and cost reduction measures."", ""monitor and analyze energy consumption."", ""monitor energy related design or construction issues, such as energy engineering, energy management, or sustainable design."", ""inspect or monitor energy systems, including heating, ventilating, and air conditioning (hvac) or daylighting systems to determine energy use or potential energy savings.""]"
17-2199.06,Microsystems Engineers,"Research, design, develop, or test microelectromechanical systems (MEMS) devices.","[""reading comprehension"", ""active listening"", ""critical thinking""]","[""create schematics and physical layouts of integrated microelectromechanical systems (mems) components or packaged assemblies consistent with process, functional, or package constraints.""]"
17-2199.07,Photonics Engineers,"Design technologies specializing in light information or light energy, such as laser or fiber optics technology.","[""critical thinking""]","[""analyze system performance or operational requirements."", ""develop optical or imaging systems, such as optical imaging products, optical components, image processes, signal process technologies, or optical systems."", ""develop or test photonic prototypes or models.""]"
17-2199.08,Robotics Engineers,"Research, design, develop, or test robotic applications.","[""critical thinking""]","[""review or approve designs, calculations, or cost estimates."", ""process or interpret signals or sensor data.""]"
17-2199.09,Nanosystems Engineers,"Design, develop, or supervise the production of materials, devices, or systems of unique molecular or macromolecular composition, applying principles of nanoscale physics and electrical, chemical, or biological engineering.","[""reading comprehension"", ""speaking"", ""science"", ""critical thinking""]","[""provide scientific or technical guidance or expertise to scientists, engineers, technologists, technicians, or others, using knowledge of chemical, analytical, or biological processes as applied to micro and nanoscale systems."", ""supervise technologists or technicians engaged in nanotechnology research or production."", ""conduct research related to a range of nanotechnology topics, such as packaging, heat transfer, fluorescence detection, nanoparticle dispersion, hybrid systems, liquid systems, nanocomposites, nanofabrication, optoelectronics, or nanolithography."", ""synthesize, process, or characterize nanomaterials, using advanced tools or techniques.""]"
17-2199.11,Solar Energy Systems Engineers,"Perform site-specific engineering analysis or evaluation of energy efficiency and solar projects involving residential, commercial, or industrial customers. Design solar domestic hot water and space heating systems for new and existing structures, applying knowledge of structural energy requirements, local climates, solar technology, and thermodynamics.","[""reading comprehension"", ""critical thinking""]","[""conduct engineering site audits to collect structural, electrical, and related site information for use in the design of residential or commercial solar power systems."", ""create plans for solar energy system development, monitoring, and evaluation activities."", ""design or coordinate design of photovoltaic (pv) or solar thermal systems, including system components, for residential and commercial buildings."", ""provide technical direction or support to installation teams during installation, start-up, testing, system commissioning, or performance monitoring."", ""create electrical single-line diagrams, panel schedules, or connection diagrams for solar electric systems, using computer-aided design (cad) software."", ""perform computer simulation of solar photovoltaic (pv) generation system performance or energy production to optimize efficiency.""]"
17-3024.00,Electro-Mechanical and Mechatronics Technologists and Technicians,"Operate, test, maintain, or adjust unmanned, automated, servomechanical, or electromechanical equipment. May operate unmanned submarines, aircraft, or other equipment to observe or record visual information at sites such as oil rigs, crop fields, buildings, or for similar infrastructure, deep ocean exploration, or hazardous waste removal. May assist engineers in testing and designing robotics equipment.","[""operations monitoring""]","[""test performance of electromechanical assemblies, using test instruments such as oscilloscopes, electronic voltmeters, or bridges."", ""install or program computer hardware or machine or instrumentation software in microprocessor-based systems."", ""read blueprints, schematics, diagrams, or technical orders to determine methods and sequences of assembly."", ""modify, maintain, or repair electrical, electronic, or mechanical components, equipment, or systems to ensure proper functioning."", ""inspect parts for surface defects."", ""install electrical or electronic parts and hardware in housings or assemblies, using soldering equipment and hand tools.""]"
17-3024.01,Robotics Technicians,"Build, install, test, or maintain robotic equipment or related automated production systems.","[""troubleshooting"", ""repairing""]","[""make repairs to robots or peripheral equipment, such as replacement of defective circuit boards, sensors, controllers, encoders, or servomotors."", ""troubleshoot robotic systems, using knowledge of microprocessors, programmable controllers, electronics, circuit analysis, mechanics, sensor or feedback systems, hydraulics, or pneumatics."", ""install, program, or repair programmable controllers, robot controllers, end-of-arm tools, or conveyors."", ""maintain service records of robotic equipment or automated production systems."", ""modify computer-controlled robot movements."", ""perform preventive or corrective maintenance on robotic systems or components."", ""align, fit, or assemble components, using hand tools, power tools, fixtures, templates, or microscopes.""]"
19-1011.00,Animal Scientists,"Conduct research in the genetics, nutrition, reproduction, growth, and development of domestic farm animals.","[""reading comprehension"", ""writing"", ""science"", ""critical thinking"", ""complex problem solving"", ""judgment and decision making""]","[""study nutritional requirements of animals and nutritive values of animal feed materials."", ""write up or orally communicate research findings to the scientific community, producers, and the public."", ""develop improved practices in feeding, housing, sanitation, or parasite and disease control of animals."", ""advise producers about improved products and techniques that could enhance their animal production efforts."", ""conduct research concerning animal nutrition, breeding, or management to improve products or processes."", ""study effects of management practices, processing methods, feed, or environmental conditions on quality and quantity of animal products, such as eggs and milk.""]"
19-1012.00,Food Scientists and Technologists,"Use chemistry, microbiology, engineering, and other sciences to study the principles underlying the processing and deterioration of foods; analyze food content to determine levels of vitamins, fat, sugar, and protein; discover new food sources; research ways to make processed foods safe, palatable, and healthful; and apply food science knowledge to determine best ways to process, package, preserve, store, and distribute food.","[""reading comprehension"", ""active listening"", ""writing""]","[""inspect food processing areas to ensure compliance with government regulations and standards for sanitation, safety, quality, and waste management."", ""check raw ingredients for maturity or stability for processing, and finished products for safety, quality, and nutritional value."", ""develop new or improved ways of preserving, processing, packaging, storing, and delivering foods, using knowledge of chemistry, microbiology, and other sciences.""]"
19-1013.00,Soil and Plant Scientists,"Conduct research in breeding, physiology, production, yield, and management of crops and agricultural plants or trees, shrubs, and nursery stock, their growth in soils, and control of pests; or study the chemical, physical, biological, and mineralogical composition of soils as they relate to plant or crop growth. May classify and map soils and investigate effects of alternative practices on soil and crop productivity.","[""reading comprehension"", ""speaking"", ""science"", ""critical thinking"", ""active learning""]","[""communicate research or project results to other professionals or the public or teach related courses, seminars, or workshops."", ""develop methods of conserving or managing soil that can be applied by farmers or forestry companies."", ""provide information or recommendations to farmers or other landowners regarding ways in which they can best use land, promote plant growth, or avoid or correct problems such as erosion."", ""conduct experiments to develop new or improved varieties of field crops, focusing on characteristics such as yield, quality, disease resistance, nutritional value, or adaptation to specific soils or climates.""]"
19-1021.00,Biochemists and Biophysicists,"Study the chemical composition or physical principles of living cells and organisms, their electrical and mechanical energy, and related phenomena. May conduct research to further understanding of the complex chemical combinations and reactions involved in metabolism, reproduction, growth, and heredity. May determine the effects of foods, drugs, serums, hormones, and other substances on tissues and vital processes of living organisms.","[""reading comprehension"", ""active listening"", ""writing"", ""speaking"", ""science"", ""critical thinking"", ""active learning"", ""learning strategies"", ""complex problem solving"", ""judgment and decision making""]","[""share research findings by writing scientific articles or by making presentations at scientific conferences."", ""teach or advise undergraduate or graduate students or supervise their research."", ""study physical principles of living cells or organisms and their electrical or mechanical energy, applying methods and knowledge of mathematics, physics, chemistry, or biology."", ""manage laboratory teams or monitor the quality of a team's work."", ""develop new methods to study the mechanisms of biological processes."", ""write grant proposals to obtain funding for research."", ""design or perform experiments with equipment, such as lasers, accelerators, or mass spectrometers."", ""determine the three-dimensional structure of biological macromolecules."", ""design or build laboratory equipment needed for special research projects."", ""prepare reports or recommendations, based upon research outcomes.""]"
19-1022.00,Microbiologists,"Investigate the growth, structure, development, and other characteristics of microscopic organisms, such as bacteria, algae, or fungi. Includes medical microbiologists who study the relationship between organisms and disease or the effects of antibiotics on microorganisms.","[""reading comprehension"", ""writing"", ""science"", ""critical thinking""]","[""isolate and maintain cultures of bacteria or other microorganisms in prescribed or developed media, controlling moisture, aeration, temperature, and nutrition."", ""provide laboratory services for health departments, community environmental health programs, and physicians needing information for diagnosis and treatment."", ""monitor and perform tests on water, food, and the environment to detect harmful microorganisms or to obtain information about sources of pollution, contamination, or infection."", ""examine physiological, morphological, and cultural characteristics, using microscope, to identify and classify microorganisms in human, water, and food specimens."", ""supervise biological technologists and technicians and other scientists."", ""use a variety of specialized equipment, such as electron microscopes, gas and high-pressure liquid chromatographs, electrophoresis units, thermocyclers, fluorescence-activated cell sorters, and phosphorimagers."", ""investigate the relationship between organisms and disease, including the control of epidemics and the effects of antibiotics on microorganisms."", ""prepare technical reports and recommendations, based upon research outcomes.""]"
19-1023.00,Zoologists and Wildlife Biologists,"Study the origins, behavior, diseases, genetics, and life processes of animals and wildlife. May specialize in wildlife research and management. May collect and analyze biological data to determine the environmental effects of present and potential use of land and water habitats.","[""reading comprehension"", ""active listening"", ""speaking"", ""critical thinking"", ""complex problem solving"", ""judgment and decision making""]","[""develop, or make recommendations on, management systems and plans for wildlife populations and habitat, consulting with stakeholders and the public at large to explore options."", ""inventory or estimate plant and wildlife populations.""]"
19-1029.01,Bioinformatics Scientists,"Conduct research using bioinformatics theory and methods in areas such as pharmaceuticals, medical technology, biotechnology, computational biology, proteomics, computer information science, biology and medical informatics. May design databases and develop algorithms for processing and analyzing genomic information, or other biological information.","[""reading comprehension"", ""active listening"", ""speaking"", ""critical thinking"", ""complex problem solving""]","[""develop new software applications or customize existing applications to meet specific scientific project needs."", ""communicate research results through conference presentations, scientific publications, or project reports."", ""create novel computational approaches and analytical tools as required by research goals."", ""consult with researchers to analyze problems, recommend technology-based solutions, or determine computational strategies.""]"
19-1029.02,Molecular and Cellular Biologists,Research and study cellular molecules and organelles to understand cell function and organization.,"[""reading comprehension"", ""active listening"", ""writing"", ""speaking"", ""science"", ""critical thinking"", ""complex problem solving"", ""judgment and decision making""]","[""maintain accurate laboratory records and data."", ""design molecular or cellular laboratory experiments, oversee their execution, and interpret results."", ""write grant applications to obtain funding."", ""perform laboratory procedures following protocols including deoxyribonucleic acid (dna) sequencing, cloning and extraction, ribonucleic acid (rna) purification, or gel electrophoresis."", ""conduct research on cell organization and function, including mechanisms of gene expression, cellular bioinformatics, cell signaling, or cell differentiation."", ""prepare or review reports, manuscripts, or meeting presentations."", ""instruct undergraduate and graduate students within the areas of cellular or molecular biology."", ""direct, coordinate, organize, or prioritize biological laboratory activities."", ""compile and analyze molecular or cellular experimental data and adjust experimental designs as necessary."", ""evaluate new technologies to enhance or complement current research."", ""provide scientific direction for project teams regarding the evaluation or handling of devices, drugs, or cells for in vitro and in vivo disease models."", ""supervise technical personnel and postdoctoral research fellows.""]"
19-1029.03,Geneticists,"Research and study the inheritance of traits at the molecular, organism or population level. May evaluate or treat patients with genetic disorders.","[""reading comprehension"", ""active listening"", ""writing"", ""speaking"", ""science"", ""critical thinking"", ""active learning"", ""complex problem solving"", ""judgment and decision making""]","[""supervise or direct the work of other geneticists, biologists, technicians, or biometricians working on genetics research projects."", ""plan or conduct basic genomic and biological research related to areas such as regulation of gene expression, protein interactions, metabolic networks, and nucleic acid or protein complexes."", ""prepare results of experimental findings for presentation at professional conferences or in scientific journals."", ""maintain laboratory notebooks that record research methods, procedures, and results."", ""write grants and papers or attend fundraising events to seek research funds."", ""search scientific literature to select and modify methods and procedures most appropriate for genetic research goals."", ""review, approve, or interpret genetic laboratory results."", ""attend clinical and research conferences and read scientific literature to keep abreast of technological advances and current genetic research findings."", ""evaluate genetic data by performing appropriate mathematical or statistical calculations and analyses."", ""analyze determinants responsible for specific inherited traits, and devise methods for altering traits or producing new traits."", ""extract deoxyribonucleic acid (dna) or perform diagnostic tests involving processes such as gel electrophoresis, southern blot analysis, and polymerase chain reaction analysis.""]"
19-1029.04,Biologists,"Research or study basic principles of plant and animal life, such as origin, relationship, development, anatomy, and functions.","[""reading comprehension"", ""active listening"", ""writing"", ""speaking"", ""science"", ""critical thinking""]","[""prepare technical and research reports, such as environmental impact reports, and communicate the results to individuals in industry, government, or the general public."", ""develop and maintain liaisons and effective working relations with groups and individuals, agencies, and the public to encourage cooperative management strategies or to develop information and interpret findings."", ""collect and analyze biological data about relationships among and between organisms and their environment."", ""program and use computers to store, process, and analyze data.""]"
19-1031.02,Range Managers,"Research or study range land management practices to provide sustained production of forage, livestock, and wildlife.","[""active listening""]","[""regulate grazing, such as by issuing permits and checking for compliance with standards, and help ranchers plan and organize grazing systems to manage, improve, protect, and maximize the use of rangelands."", ""manage forage resources through fire, herbicide use, or revegetation to maintain a sustainable yield from the land."", ""coordinate with federal land managers and other agencies and organizations to manage and protect rangelands.""]"
19-1031.03,Park Naturalists,"Plan, develop, and conduct programs to inform public of historical, natural, and scientific features of national, state, or local park.","[""speaking""]","[""provide visitor services, such as explaining regulations, answering visitor requests, needs and complaints, and providing information about the park and surrounding areas."", ""assist with operations of general facilities, such as visitor centers."", ""confer with park staff to determine subjects and schedules for park programs.""]"
19-1032.00,Foresters,"Manage public and private forested lands for economic, recreational, and conservation purposes. May inventory the type, amount, and location of standing timber, appraise the timber's worth, negotiate the purchase, and draw up contracts for procurement. May determine how to conserve wildlife habitats, creek beds, water quality, and soil stability, and how best to comply with environmental regulations. May devise plans for planting and growing new trees, monitor trees for healthy growth, and determine optimal harvesting schedules.","[""active listening""]","[""monitor contract compliance and results of forestry activities to assure adherence to government regulations.""]"
19-1041.00,Epidemiologists,"Investigate and describe the determinants and distribution of disease, disability, or health outcomes. May develop the means for prevention and control.","[""reading comprehension"", ""active listening"", ""writing"", ""speaking"", ""science"", ""critical thinking"", ""active learning"", ""complex problem solving"", ""judgment and decision making"", ""systems analysis"", ""systems evaluation""]","[""communicate research findings on various types of diseases to health practitioners, policy makers, and the public."", ""oversee public health programs, including statistical analysis, health care planning, surveillance systems, and public health improvement."", ""investigate diseases or parasites to determine cause and risk factors, progress, life cycle, or mode of transmission."", ""educate healthcare workers, patients, and the public about infectious and communicable diseases, including disease transmission and prevention."", ""monitor and report incidents of infectious diseases to local and state health agencies."", ""plan and direct studies to investigate human or animal disease, preventive methods, and treatments for disease."", ""provide expertise in the design, management and evaluation of study protocols and health status questionnaires, sample selection, and analysis.""]"
19-1042.00,"Medical Scientists, Except Epidemiologists","Conduct research dealing with the understanding of human diseases and the improvement of human health. Engage in clinical investigation, research and development, or other related activities.","[""reading comprehension"", ""active listening"", ""writing"", ""speaking"", ""science"", ""critical thinking"", ""active learning"", ""judgment and decision making""]","[""follow strict safety procedures when handling toxic materials to avoid contamination."", ""evaluate effects of drugs, gases, pesticides, parasites, and microorganisms at various levels."", ""plan and direct studies to investigate human or animal disease, preventive methods, and treatments for disease."", ""prepare and analyze organ, tissue, and cell samples to identify toxicity, bacteria, or microorganisms or to study cell structure."", ""conduct research to develop methodologies, instrumentation, and procedures for medical application, analyzing data and presenting findings to the scientific audience and general public."", ""teach principles of medicine and medical and laboratory procedures to physicians, residents, students, and technicians."", ""write and publish articles in scientific journals.""]"
19-2011.00,Astronomers,"Observe, research, and interpret astronomical phenomena to increase basic knowledge or apply such information to practical problems.","[""reading comprehension"", ""active listening"", ""writing"", ""speaking"", ""mathematics"", ""science"", ""critical thinking"", ""active learning""]","[""analyze research data to determine its significance, using computers."", ""present research findings at scientific conferences and in papers written for scientific journals."", ""study celestial phenomena, using a variety of ground-based and space-borne telescopes and scientific instruments."", ""collaborate with other astronomers to carry out research projects."", ""mentor graduate students and junior colleagues."", ""supervise students' research on celestial and astronomical phenomena."", ""teach astronomy or astrophysics."", ""develop theories based on personal observations or on observations and theories of other astronomers.""]"
19-2012.00,Physicists,"Conduct research into physical phenomena, develop theories on the basis of observation and experiments, and devise methods to apply physical laws and theories.","[""reading comprehension"", ""active listening"", ""writing"", ""speaking"", ""mathematics"", ""science"", ""critical thinking"", ""active learning""]","[""perform complex calculations as part of the analysis and evaluation of data, using computers."", ""analyze data from research conducted to detect and measure physical phenomena."", ""describe and express observations and conclusions in mathematical terms."", ""design computer simulations to model physical data so that it can be better understood.""]"
19-2021.00,Atmospheric and Space Scientists,"Investigate atmospheric phenomena and interpret meteorological data, gathered by surface and air stations, satellites, and radar to prepare reports and forecasts for public and other uses. Includes weather analysts and forecasters whose functions require the detailed knowledge of meteorology.","[""reading comprehension"", ""active listening"", ""speaking"", ""science"", ""critical thinking"", ""active learning""]","[""develop or use mathematical or computer models for weather forecasting."", ""interpret data, reports, maps, photographs, or charts to predict long- or short-range weather conditions, using computer models and knowledge of climate theory, physics, and mathematics."", ""conduct meteorological research into the processes or determinants of atmospheric phenomena, weather, or climate."", ""formulate predictions by interpreting environmental data, such as meteorological, atmospheric, oceanic, paleoclimate, climate, or related information."", ""broadcast weather conditions, forecasts, or severe weather warnings to the public via television, radio, or the internet or provide this information to the news media."", ""prepare forecasts or briefings to meet the needs of industry, business, government, or other groups."", ""gather data from sources such as surface or upper air stations, satellites, weather bureaus, or radar for use in meteorological reports or forecasts."", ""develop computer programs to collect meteorological data or to present meteorological information.""]"
19-2031.00,Chemists,Conduct qualitative and quantitative chemical analyses or experiments in laboratories for quality or process control or to develop new products or knowledge.,"[""reading comprehension"", ""science"", ""critical thinking""]","[""develop, improve, or customize products, equipment, formulas, processes, or analytical methods."", ""analyze organic or inorganic compounds to determine chemical or physical properties, composition, structure, relationships, or reactions, using chromatography, spectroscopy, or spectrophotometry techniques.""]"
19-2032.00,Materials Scientists,"Research and study the structures and chemical properties of various natural and synthetic or composite materials, including metals, alloys, rubber, ceramics, semiconductors, polymers, and glass. Determine ways to strengthen or combine materials or develop new materials with new or specific properties for use in a variety of products and applications. Includes glass scientists, ceramic scientists, metallurgical scientists, and polymer scientists.","[""reading comprehension"", ""active listening"", ""science"", ""critical thinking"", ""complex problem solving""]","[""conduct research on the structures and properties of materials, such as metals, alloys, polymers, and ceramics, to obtain information that could be used to develop new products or enhance existing ones."", ""test metals to determine conformance to specifications of mechanical strength, strength-weight ratio, ductility, magnetic and electrical properties, and resistance to abrasion, corrosion, heat, and cold."", ""test material samples for tolerance under tension, compression, and shear to determine the cause of metal failures."", ""determine ways to strengthen or combine materials or develop new materials with new or specific properties for use in a variety of products and applications."", ""prepare reports, manuscripts, proposals, and technical manuals for use by other scientists and requestors, such as sponsors and customers."", ""plan laboratory experiments to confirm feasibility of processes and techniques used in the production of materials with special characteristics."", ""recommend materials for reliable performance in various environments."", ""supervise and monitor production processes to ensure efficient use of equipment, timely changes to specifications, and project completion within time frame and budget.""]"
19-2041.00,"Environmental Scientists and Specialists, Including Health","Conduct research or perform investigation for the purpose of identifying, abating, or eliminating sources of pollutants or hazards that affect either the environment or public health. Using knowledge of various scientific disciplines, may collect, synthesize, study, report, and recommend action based on data derived from measurements or observations of air, food, soil, water, and other sources.","[""reading comprehension"", ""active listening"", ""writing"", ""speaking"", ""science"", ""complex problem solving""]","[""communicate scientific or technical information to the public, organizations, or internal audiences through oral briefings, written documents, workshops, conferences, training sessions, or public hearings.""]"
19-2041.01,Climate Change Policy Analysts,"Research and analyze policy developments related to climate change. Make climate-related recommendations for actions such as legislation, awareness campaigns, or fundraising approaches.","[""reading comprehension"", ""active listening"", ""critical thinking""]","[""provide analytical support for policy briefs related to renewable energy, energy efficiency, or climate change."", ""propose new or modified policies involving use of traditional and alternative fuels, transportation of goods, and other factors relating to climate and climate change."", ""prepare study reports, memoranda, briefs, testimonies, or other written materials to inform government or environmental groups on environmental issues, such as climate change."", ""analyze and distill climate-related research findings to inform legislators, regulatory agencies, or other stakeholders."", ""make legislative recommendations related to climate change or environmental management, based on climate change policies, principles, programs, practices, and processes."", ""present climate-related information at public interest, governmental, or other meetings."", ""gather and review climate-related studies from government agencies, research laboratories, and other organizations."", ""review existing policies or legislation to identify environmental impacts."", ""promote initiatives to mitigate climate change with government or environmental groups."", ""research policies, practices, or procedures for climate or environmental management.""]"
19-2041.02,Environmental Restoration Planners,"Collaborate with field and biology staff to oversee the implementation of restoration projects and to develop new products. Process and synthesize complex scientific data into practical strategies for restoration, monitoring or management.","[""critical thinking""]","[""develop environmental restoration project schedules and budgets."", ""provide technical direction on environmental planning to energy engineers, biologists, geologists, or other professionals working to develop restoration plans or strategies."", ""create habitat management or restoration plans, such as native tree restoration and weed control."", ""conduct site assessments to certify a habitat or to ascertain environmental damage or restoration needs."", ""collect and analyze data to determine environmental conditions and restoration needs."", ""supervise and provide technical guidance, training, or assistance to employees working in the field to restore habitats."", ""plan environmental restoration projects, using biological databases, environmental strategies, and planning software."", ""communicate findings of environmental studies or proposals for environmental remediation to other restoration professionals."", ""apply for permits required for the implementation of environmental remediation projects."", ""inspect active remediation sites to ensure compliance with environmental or safety policies, standards, or regulations."", ""develop natural resource management plans, using knowledge of environmental planning or state and federal environmental regulatory requirements.""]"
19-2041.03,Industrial Ecologists,Apply principles and processes of natural ecosystems to develop models for efficient industrial systems. Use knowledge from the physical and social sciences to maximize effective use of natural resources in the production and use of goods and services. Examine societal issues and their relationship with both technical systems and the environment.,"[""reading comprehension"", ""active listening"", ""writing"", ""speaking""]","[""identify environmental impacts caused by products, systems, or projects."", ""identify or develop strategies or methods to minimize the environmental impact of industrial production processes."", ""analyze changes designed to improve the environmental performance of complex systems and avoid unintended negative consequences."", ""conduct environmental sustainability assessments, using material flow analysis (mfa) or substance flow analysis (sfa) techniques."", ""identify sustainable alternatives to industrial or waste-management practices."", ""review research literature to maintain knowledge on topics related to industrial ecology, such as physical science, technology, economy, and public policy."", ""redesign linear, or open-loop, systems into cyclical, or closed-loop, systems so that waste products become inputs for new processes, modeling natural ecosystems."", ""prepare technical and research reports, such as environmental impact reports, and communicate the results to individuals in industry, government, or the general public.""]"
19-2042.00,"Geoscientists, Except Hydrologists and Geographers","Study the composition, structure, and other physical aspects of the Earth. May use geological, physics, and mathematics knowledge in exploration for oil, gas, minerals, or underground water; or in waste disposal, land reclamation, or other environmental problems. May study the Earth's internal composition, atmospheres, and oceans, and its magnetic, electrical, and gravitational forces. Includes mineralogists, paleontologists, stratigraphers, geodesists, and seismologists.","[""reading comprehension"", ""speaking"", ""science"", ""critical thinking""]","[""plan or conduct geological, geochemical, or geophysical field studies or surveys, sample collection, or drilling and testing programs used to collect data for research or application."", ""analyze and interpret geological data, using computer software."", ""investigate the composition, structure, or history of the earth's crust through the collection, examination, measurement, or classification of soils, minerals, rocks, or fossil remains."", ""analyze and interpret geological, geochemical, or geophysical information from sources, such as survey data, well logs, bore holes, or aerial photos."", ""identify risks for natural disasters, such as mudslides, earthquakes, or volcanic eruptions."", ""prepare geological maps, cross-sectional diagrams, charts, or reports concerning mineral extraction, land use, or resource management, using results of fieldwork or laboratory research."", ""communicate geological findings by writing research papers, participating in conferences, or teaching geological science at universities.""]"
19-2043.00,Hydrologists,"Research the distribution, circulation, and physical properties of underground and surface waters; and study the form and intensity of precipitation and its rate of infiltration into the soil, movement through the earth, and return to the ocean and atmosphere.","[""critical thinking""]","[""prepare written and oral reports describing research results, using illustrations, maps, appendices, and other information."", ""design and conduct scientific hydrogeological investigations to ensure that accurate and appropriate information is available for use in water resource management decisions."", ""measure and graph phenomena such as lake levels, stream flows, and changes in water volumes."", ""conduct research and communicate information to promote the conservation and preservation of water resources.""]"
19-2099.01,Remote Sensing Scientists and Technologists,"Apply remote sensing principles and methods to analyze data and solve problems in areas such as natural resource management, urban planning, or homeland security. May develop new sensor systems, analytical techniques, or new applications for existing systems.","[""reading comprehension"", ""critical thinking""]","[""manage or analyze data obtained from remote sensing systems to obtain meaningful results."", ""analyze data acquired from aircraft, satellites, or ground-based platforms, using statistical analysis software, image analysis software, or geographic information systems (gis)."", ""integrate other geospatial data sources into projects."", ""organize and maintain geospatial data and associated documentation."", ""compile and format image data to increase its usefulness."", ""prepare or deliver reports or presentations of geospatial project information."", ""discuss project goals, equipment requirements, or methodologies with colleagues or team members."", ""process aerial or satellite imagery to create products such as land cover maps."", ""design or implement strategies for collection, analysis, or display of geographic data."", ""develop or build databases for remote sensing or related geospatial project information.""]"
19-3011.00,Economists,"Conduct research, prepare reports, or formulate plans to address economic problems related to the production and distribution of goods and services or monetary and fiscal policy. May collect and process economic and statistical data using sampling techniques and econometric methods.","[""reading comprehension"", ""active listening"", ""writing"", ""speaking"", ""mathematics"", ""critical thinking"", ""judgment and decision making""]","[""study economic and statistical data in area of specialization, such as finance, labor, or agriculture."", ""compile, analyze, and report data to explain economic phenomena and forecast market trends, applying mathematical models and statistical techniques."", ""study the socioeconomic impacts of new public policies, such as proposed legislation, taxes, services, and regulations."", ""explain economic impact of policies to the public."", ""review documents written by others.""]"
19-3011.01,Environmental Economists,"Conduct economic analysis related to environmental protection and use of the natural environment, such as water, air, land, and renewable energy resources. Evaluate and quantify benefits, costs, incentives, and impacts of alternative options using economic principles and statistical techniques.","[""reading comprehension"", ""active listening"", ""writing"", ""mathematics"", ""critical thinking""]","[""write technical documents or academic articles to communicate study results or economic forecasts."", ""conduct research on economic and environmental topics, such as alternative fuel use, public and private land use, soil conservation, air and water pollution control, and endangered species protection."", ""collect and analyze data to compare the environmental implications of economic policy or practice alternatives.""]"
19-3022.00,Survey Researchers,"Plan, develop, or conduct surveys. May analyze and interpret the meaning of survey data, determine survey objectives, or suggest or test question wording. Includes social scientists who primarily design questionnaires or supervise survey teams.","[""reading comprehension"", ""active listening"", ""writing"", ""speaking"", ""critical thinking""]","[""review, classify, and record survey data in preparation for computer analysis."", ""monitor and evaluate survey progress and performance, using sample disposition reports and response rate calculations."", ""produce documentation of the questionnaire development process, data collection methods, sampling designs, and decisions related to sample statistical weighting."", ""prepare and present summaries and analyses of survey data, including tables, graphs, and fact sheets that describe survey techniques and results."", ""determine and specify details of survey projects, including sources of information, procedures to be used, and the design of survey instruments and materials."", ""consult with clients to identify survey needs and specific requirements, such as special samples."", ""conduct surveys and collect data, using methods such as interviews, questionnaires, focus groups, market analysis surveys, public opinion polls, literature reviews, and file reviews."", ""support, plan, and coordinate operations for single or multiple surveys."", ""conduct research to gather information about survey topics."", ""direct and review the work of staff members, including survey support staff and interviewers who gather survey data."", ""analyze data from surveys, old records, or case studies, using statistical software."", ""direct updates and changes in survey implementation and methods."", ""write training manuals to be used by survey interviewers.""]"
19-3032.00,Industrial-Organizational Psychologists,"Apply principles of psychology to human resources, administration, management, sales, and marketing problems. Activities may include policy planning; employee testing and selection, training, and development; and organizational development and analysis. May work with management to organize the work setting to improve worker productivity.","[""reading comprehension"", ""active listening"", ""writing"", ""speaking"", ""critical thinking"", ""complex problem solving"", ""judgment and decision making"", ""systems evaluation""]","[""provide advice on best practices and implementation for selection."", ""develop and implement employee selection or placement programs."", ""analyze data, using statistical methods and applications, to evaluate the outcomes and effectiveness of workplace programs."", ""develop interview techniques, rating scales, and psychological tests used to assess skills, abilities, and interests for the purpose of employee selection, placement, or promotion."", ""observe and interview workers to obtain information about the physical, mental, and educational requirements of jobs, as well as information about aspects such as job satisfaction."", ""facilitate organizational development and change."", ""analyze job requirements and content to establish criteria for classification, selection, training, and other related personnel functions."", ""advise management concerning personnel, managerial, and marketing policies and practices and their potential effects on organizational effectiveness and efficiency."", ""conduct presentations on research findings for clients or at research meetings."", ""coach senior executives and managers on leadership and performance."", ""conduct individual assessments, including interpreting measures and providing feedback for selection, placement, or promotion."", ""train clients to administer human resources functions, including testing, selection, and performance management."", ""assess employee performance.""]"
19-3033.00,Clinical and Counseling Psychologists,"Assess, diagnose, and treat mental and emotional disorders of individuals through observation, interview, and psychological tests. Help individuals with distress or maladjustment understand their problems through their knowledge of case history, interviews with patients, and theory. Provide individual or group counseling services to assist individuals in achieving more effective personal, social, educational, and vocational development and adjustment. May design behavior modification programs and consult with medical personnel regarding the best treatment for patients.","[""reading comprehension"", ""active listening"", ""writing"", ""speaking"", ""critical thinking"", ""social perceptiveness""]","[""conduct assessments of patients' risk for harm to self or others."", ""document patient information including session notes, progress notes, recommendations, and treatment plans."", ""identify psychological, emotional, or behavioral issues and diagnose disorders, using information obtained from interviews, tests, records, or reference materials."", ""write reports on clients and maintain required paperwork."", ""counsel individuals, groups, or families to help them understand problems, deal with crisis situations, define goals, and develop realistic action plans."", ""interact with clients to assist them in gaining insight, defining goals, and planning action to achieve effective personal, social, educational, or vocational development and adjustment."", ""collect information about individuals or clients, using interviews, case histories, observational techniques, and other assessment methods."", ""evaluate the effectiveness of counseling or treatments and the accuracy and completeness of diagnoses, modifying plans or diagnoses as necessary."", ""use a variety of treatment methods, such as psychotherapy, hypnosis, behavior modification, stress reduction therapy, psychodrama, or play therapy."", ""develop therapeutic and treatment plans based on clients' interests, abilities, or needs."", ""develop and implement individual treatment plans, specifying type, frequency, intensity, and duration of therapy."", ""maintain current knowledge of relevant research."", ""obtain and study medical, psychological, social, and family histories by interviewing individuals, couples, or families and by reviewing records."", ""select, administer, score, and interpret psychological tests to obtain information on individuals' intelligence, achievements, interests, or personalities."", ""consult reference material, such as textbooks, manuals, or journals, to identify symptoms, make diagnoses, or develop approaches to treatment.""]"
19-3034.00,School Psychologists,"Diagnose and implement individual or schoolwide interventions or strategies to address educational, behavioral, or developmental issues that adversely impact educational functioning in a school. May address student learning and behavioral problems and counsel students or families. May design and implement performance plans, and evaluate performance. May consult with other school-based personnel.","[""reading comprehension"", ""active listening"", ""writing"", ""speaking"", ""critical thinking"", ""monitoring"", ""social perceptiveness""]","[""compile and interpret students' test results, along with information from teachers and parents, to diagnose conditions and to help assess eligibility for special services."", ""maintain student records, including special education reports, confidential records, records of services provided, and behavioral data."", ""report any pertinent information to the proper authorities in cases of child endangerment, neglect, or abuse."", ""select, administer, and score psychological tests."", ""interpret test results and prepare psychological reports for teachers, administrators, and parents."", ""assess an individual child's needs, limitations, and potential, using observation, review of school records, and consultation with parents and school personnel."", ""develop individualized educational plans in collaboration with teachers and other staff members."", ""counsel children and families to help solve conflicts and problems in learning and adjustment."", ""collect and analyze data to evaluate the effectiveness of academic programs and other services, such as behavioral management systems."", ""provide consultation to parents, teachers, administrators, and others on topics such as learning styles and behavior modification techniques.""]"
19-3039.02,Neuropsychologists,"Apply theories and principles of neuropsychology to evaluate and diagnose disorders of higher cerebral functioning, often in research and medical settings. Study the human brain and the effect of physiological states on human cognition and behavior. May formulate and administer programs of treatment.","[""reading comprehension"", ""active listening"", ""writing"", ""speaking"", ""critical thinking"", ""social perceptiveness"", ""complex problem solving"", ""judgment and decision making""]","[""conduct neuropsychological evaluations such as assessments of intelligence, academic ability, attention, concentration, sensorimotor function, language, learning, and memory."", ""write or prepare detailed clinical neuropsychological reports, using data from psychological or neuropsychological tests, self-report measures, rating scales, direct observations, or interviews."", ""interview patients to obtain comprehensive medical histories."", ""diagnose and treat conditions involving injury to the central nervous system, such as cerebrovascular accidents, neoplasms, infectious or inflammatory diseases, degenerative diseases, head traumas, demyelinating diseases, and various forms of dementing illnesses."", ""establish neurobehavioral baseline measures for monitoring progressive cerebral disease or recovery."", ""provide education or counseling to individuals and families."", ""diagnose and treat pediatric populations for conditions such as learning disabilities with developmental or organic bases."", ""read current literature, talk with colleagues, and participate in professional organizations or conferences to keep abreast of developments in neuropsychology."", ""participate in educational programs, in-service training, or workshops to remain current in methods and techniques."", ""consult with other professionals about patients' neurological conditions.""]"
19-3039.03,Clinical Neuropsychologists,"Assess and diagnose patients with neurobehavioral problems related to acquired or developmental disorders of the nervous system, such as neurodegenerative disorders, traumatic brain injury, seizure disorders, and learning disabilities. Recommend treatment after diagnosis, such as therapy, medication, or surgery. Assist with evaluation before and after neurosurgical procedures, such as deep brain stimulation.","[""reading comprehension"", ""active listening"", ""speaking"", ""critical thinking"", ""social perceptiveness"", ""complex problem solving"", ""judgment and decision making""]","[""interview patients to obtain comprehensive medical histories."", ""write or prepare detailed clinical neuropsychological reports, using data from psychological or neuropsychological tests, self-report measures, rating scales, direct observations, or interviews."", ""conduct neuropsychological evaluations such as assessments of intelligence, academic ability, attention, concentration, sensorimotor function, language, learning, and memory."", ""diagnose and treat conditions involving injury to the central nervous system, such as cerebrovascular accidents, neoplasms, infectious or inflammatory diseases, degenerative diseases, head traumas, demyelinating diseases, and various forms of dementing illnesses."", ""diagnose and treat pediatric populations for conditions such as learning disabilities with developmental or organic bases."", ""provide education or counseling to individuals and families."", ""distinguish between psychogenic and neurogenic syndromes, two or more suspected etiologies of cerebral dysfunction, or between disorders involving complex seizures."", ""diagnose and treat neural and psychological conditions in medical and surgical populations, such as patients with early dementing illness or chronic pain with a neurological basis."", ""consult with other professionals about patients' neurological conditions."", ""read current literature, talk with colleagues, and participate in professional organizations or conferences to keep abreast of developments in neuropsychology."", ""diagnose and treat psychiatric populations for conditions such as somatoform disorder, dementias, and psychoses."", ""establish neurobehavioral baseline measures for monitoring progressive cerebral disease or recovery."", ""compare patients' progress before and after pharmacologic, surgical, or behavioral interventions."", ""participate in educational programs, in-service training, or workshops to remain current in methods and techniques.""]"
19-3041.00,Sociologists,"Study human society and social behavior by examining the groups and social institutions that people form, as well as various social, religious, political, and business organizations. May study the behavior and interaction of groups, trace their origin and growth, and analyze the influence of group activities on individual members.","[""reading comprehension"", ""active listening"", ""writing"", ""speaking"", ""critical thinking"", ""active learning""]","[""analyze and interpret data to increase the understanding of human social behavior."", ""prepare publications and reports containing research findings."", ""develop, implement, and evaluate methods of data collection, such as questionnaires or interviews."", ""collect data about the attitudes, values, and behaviors of people in groups, using observation, interviews, and review of documents."", ""teach sociology."", ""plan and conduct research to develop and test theories about societal issues such as crime, group relations, poverty, and aging."", ""present research findings at professional meetings.""]"
19-3051.00,Urban and Regional Planners,"Develop comprehensive plans and programs for use of land and physical facilities of jurisdictions, such as towns, cities, counties, and metropolitan areas.","[""reading comprehension"", ""active listening"", ""speaking"", ""critical thinking"", ""judgment and decision making"", ""systems analysis""]","[""design, promote, or administer government plans or policies affecting land use, zoning, public utilities, community facilities, housing, or transportation."", ""advise planning officials on project feasibility, cost-effectiveness, regulatory conformance, or possible alternatives."", ""create, prepare, or requisition graphic or narrative reports on land use data, including land area maps overlaid with geographic variables, such as population density."", ""hold public meetings with government officials, social scientists, lawyers, developers, the public, or special interest groups to formulate, develop, or address issues regarding land use or community plans."", ""mediate community disputes or assist in developing alternative plans or recommendations for programs or projects."", ""recommend approval, denial, or conditional approval of proposals."", ""conduct field investigations, surveys, impact studies, or other research to compile and analyze data on economic, social, regulatory, or physical factors affecting land use."", ""evaluate proposals for infrastructure projects or other development for environmental impact or sustainability."", ""discuss with planning officials the purpose of land use projects, such as transportation, conservation, residential, commercial, industrial, or community use."", ""keep informed about economic or legal issues involved in zoning codes, building codes, or environmental regulations."", ""assess the feasibility of land use proposals and identify necessary changes.""]"
19-3091.00,Anthropologists and Archeologists,"Study the origin, development, and behavior of human beings. May study the way of life, language, or physical characteristics of people in various parts of the world. May engage in systematic recovery and examination of material evidence, such as tools or pottery remaining from past human cultures, in order to determine the history, customs, and living habits of earlier civilizations.","[""reading comprehension"", ""active listening"", ""writing"", ""speaking"", ""critical thinking""]","[""collect information and make judgments through observation, interviews, and review of documents."", ""teach or mentor undergraduate and graduate students in anthropology or archeology."", ""write about and present research findings for a variety of specialized and general audiences."", ""plan and direct research to characterize and compare the economic, demographic, health care, social, political, linguistic, and religious institutions of distinct cultural groups, communities, and organizations."", ""create data records for use in describing and analyzing social patterns and processes, using photography, videography, and audio recordings.""]"
19-3092.00,Geographers,"Study the nature and use of areas of the Earth's surface, relating and interpreting interactions of physical and cultural phenomena. Conduct research on physical aspects of a region, including land forms, climates, soils, plants, and animals, and conduct research on the spatial implications of human activities within a given area, including social characteristics, economic activities, and political organization, as well as researching interdependence between regions at scales ranging from local to global.","[""reading comprehension"", ""writing"", ""speaking"", ""critical thinking""]","[""create and modify maps, graphs, or diagrams, using geographical information software and related equipment, and principles of cartography, such as coordinate systems, longitude, latitude, elevation, topography, and map scales."", ""gather and compile geographic data from sources such as censuses, field observations, satellite imagery, aerial photographs, and existing maps."", ""teach geography."", ""write and present reports of research findings.""]"
19-3093.00,Historians,"Research, analyze, record, and interpret the past as recorded in sources, such as government and institutional records, newspapers and other periodicals, photographs, interviews, films, electronic media, and unpublished manuscripts, such as personal diaries and letters.","[""reading comprehension"", ""active listening"", ""writing"", ""critical thinking""]","[""conserve and preserve manuscripts, records, and other artifacts."", ""gather historical data from sources such as archives, court records, diaries, news files, and photographs, as well as from books, pamphlets, and periodicals.""]"
19-3094.00,Political Scientists,"Study the origin, development, and operation of political systems. May study topics, such as public opinion, political decisionmaking, and ideology. May analyze the structure and operation of governments, as well as various political entities. May conduct public opinion surveys, analyze election results, or analyze public documents.","[""reading comprehension"", ""active listening"", ""writing"", ""speaking"", ""critical thinking"", ""active learning""]","[""teach political science."", ""maintain current knowledge of government policy decisions."", ""develop and test theories, using information from interviews, newspapers, periodicals, case law, historical papers, polls, or statistical sources."", ""disseminate research results through academic publications, written reports, or public presentations."", ""advise political science students."", ""collect, analyze, and interpret data, such as election results and public opinion surveys, reporting on findings, recommendations, and conclusions.""]"
19-3099.01,Transportation Planners,"Prepare studies for proposed transportation projects. Gather, compile, and analyze data. Study the use and operation of transportation systems. Develop transportation models or simulations.","[""reading comprehension"", ""active listening"", ""writing"", ""speaking"", ""critical thinking"", ""complex problem solving""]","[""define regional or local transportation planning problems or priorities."", ""participate in public meetings or hearings to explain planning proposals, to gather feedback from those affected by projects, or to achieve consensus on project designs."", ""prepare reports or recommendations on transportation planning."", ""collaborate with engineers to research, analyze, or resolve complex transportation design issues."", ""recommend transportation system improvements or projects, based on economic, population, land-use, or traffic projections."", ""develop computer models to address transportation planning issues."", ""analyze information related to transportation, such as land use policies, environmental impact of projects, or long-range planning needs."", ""interpret data from traffic modeling software, geographic information systems, or associated databases."", ""design transportation surveys to identify areas of public concern.""]"
19-4021.00,Biological Technicians,"Assist biological and medical scientists. Set up, operate, and maintain laboratory instruments and equipment, monitor experiments, collect data and samples, make observations, and calculate and record results. May analyze organic substances, such as blood, food, and drugs.","[""reading comprehension""]","[""conduct research, or assist in the conduct of research, including the collection of information and samples, such as blood, water, soil, plants and animals."", ""use computers, computer-interfaced equipment, robotics or high-technology industrial applications to perform work duties."", ""monitor and observe experiments, recording production and test data for evaluation by research personnel."", ""analyze experimental data and interpret results to write reports and summaries of findings."", ""provide technical support and services for scientists and engineers working in fields such as agriculture, environmental science, resource management, biology, and health sciences."", ""keep detailed logs of all work-related activities."", ""input data into databases.""]"
19-4031.00,Chemical Technicians,"Conduct chemical and physical laboratory tests to assist scientists in making qualitative and quantitative analyses of solids, liquids, and gaseous materials for research and development of new products or processes, quality control, maintenance of environmental standards, and other work involving experimental, theoretical, or practical application of chemistry and related sciences.","[""reading comprehension"", ""science"", ""critical thinking""]","[""conduct chemical or physical laboratory tests to assist scientists in making qualitative or quantitative analyses of solids, liquids, or gaseous materials."", ""maintain, clean, or sterilize laboratory instruments or equipment."", ""monitor product quality to ensure compliance with standards and specifications."", ""set up and conduct chemical experiments, tests, and analyses, using techniques such as chromatography, spectroscopy, physical or chemical separation techniques, or microscopy."", ""prepare chemical solutions for products or processes, following standardized formulas, or create experimental formulas."", ""compile and interpret results of tests and analyses."", ""provide and maintain a safe work environment by participating in safety programs, committees, or teams and by conducting laboratory or plant safety audits."", ""provide technical support or assistance to chemists or engineers."", ""develop or conduct programs of sampling and analysis to maintain quality standards of raw materials, chemical intermediates, or products.""]"
19-4042.00,"Environmental Science and Protection Technicians, Including Health","Perform laboratory and field tests to monitor the environment and investigate sources of pollution, including those that affect health, under the direction of an environmental scientist, engineer, or other specialist. May collect samples of gases, soil, water, and other materials for testing.","[""reading comprehension""]","[""collect samples of gases, soils, water, industrial wastewater, or asbestos products to conduct tests on pollutant levels or identify sources of pollution."", ""investigate hazardous conditions or spills or outbreaks of disease or food poisoning, collecting samples for analysis."", ""record test data and prepare reports, summaries, or charts that interpret test results.""]"
19-4061.00,Social Science Research Assistants,"Assist social scientists in laboratory, survey, and other social science research. May help prepare findings for publication and assist in laboratory analysis, quality control, or data management.","[""reading comprehension""]","[""design and create special programs for tasks such as statistical analysis and data entry and cleaning."", ""provide assistance with the preparation of project-related reports, manuscripts, and presentations."", ""prepare tables, graphs, fact sheets, and written reports summarizing research results."", ""perform descriptive and multivariate statistical analyses of data, using computer software."", ""verify the accuracy and validity of data entered in databases, correcting any errors."", ""develop and implement research quality control procedures.""]"
19-4092.00,Forensic Science Technicians,"Collect, identify, classify, and analyze physical evidence related to criminal investigations. Perform tests on weapons or substances, such as fiber, hair, and tissue to determine significance to investigation. May testify as expert witnesses on evidence or crime laboratory techniques. May serve as specialists in area of expertise, such as ballistics, fingerprinting, handwriting, or biochemistry.","[""reading comprehension"", ""active listening"", ""writing"", ""speaking"", ""critical thinking""]","[""collect evidence from crime scenes, storing it in conditions that preserve its integrity."", ""keep records and prepare reports detailing findings, investigative methods, and laboratory techniques."", ""use photographic or video equipment to document evidence or crime scenes."", ""testify in court about investigative or analytical methods or findings."", ""use chemicals or other substances to examine latent fingerprint evidence and compare developed prints to those of known persons in databases."", ""measure and sketch crime scenes to document evidence."", ""visit morgues, examine scenes of crimes, or contact other sources to obtain evidence or information to be used in investigations."", ""train new technicians or other personnel on forensic science techniques."", ""operate and maintain laboratory equipment and apparatus."", ""collect impressions of dust from surfaces to obtain and identify fingerprints.""]"
19-4099.01,Quality Control Analysts,"Conduct tests to determine quality of raw materials, bulk intermediate and finished products. May conduct stability sample tests.","[""quality control analysis""]","[""conduct routine and non-routine analyses of in-process materials, raw materials, environmental samples, finished goods, or stability samples."", ""interpret test results, compare them to established specifications and control limits, and make recommendations on appropriateness of data for release."", ""calibrate, validate, or maintain laboratory equipment."", ""ensure that lab cleanliness and safety standards are maintained."", ""perform visual inspections of finished products."", ""complete documentation needed to support testing procedures, including data capture forms, equipment logbooks, or inventory forms."", ""compile laboratory test data and perform appropriate analyses."", ""identify and troubleshoot equipment problems."", ""write technical reports or documentation, such as deviation reports, testing protocols, and trend analyses."", ""investigate or report questionable test results."", ""monitor testing procedures to ensure that all tests are performed according to established item specifications, standard test methods, or protocols.""]"
19-5011.00,Occupational Health and Safety Specialists,"Review, evaluate, and analyze work environments and design programs and procedures to control, eliminate, and prevent disease or injury caused by chemical, physical, and biological agents or ergonomic factors. May conduct inspections and enforce adherence to laws and regulations governing the health and safety of individuals. May be employed in the public or private sector.","[""reading comprehension"", ""active listening"", ""writing"", ""speaking""]","[""recommend measures to help protect workers from potentially hazardous work methods, processes, or materials."", ""develop or maintain hygiene programs, such as noise surveys, continuous atmosphere monitoring, ventilation surveys, or asbestos management plans."", ""order suspension of activities that pose threats to workers' health or safety."", ""investigate accidents to identify causes or to determine how such accidents might be prevented in the future."", ""inspect or evaluate workplace environments, equipment, or practices to ensure compliance with safety standards and government regulations."", ""collect samples of dust, gases, vapors, or other potentially toxic materials for analysis."", ""collaborate with engineers or physicians to institute control or remedial measures for hazardous or potentially hazardous conditions or equipment."", ""investigate the adequacy of ventilation, exhaust equipment, lighting, or other conditions that could affect employee health, comfort, or performance.""]"
19-5012.00,Occupational Health and Safety Technicians,"Collect data on work environments for analysis by occupational health and safety specialists. Implement and conduct evaluation of programs designed to limit chemical, physical, biological, and ergonomic risks to workers.","[""active listening""]","[""evaluate situations or make determinations when a worker has refused to work on the grounds that danger or potential harm exists."", ""supply, operate, or maintain personal protective equipment."", ""train workers in safety procedures related to green jobs, such as the use of fall protection devices or maintenance of proper ventilation during wind turbine construction."", ""test workplaces for environmental hazards, such as exposure to radiation, chemical or biological hazards, or excessive noise."", ""maintain all required environmental records and documentation."", ""provide consultation to organizations or agencies on the workplace application of safety principles, practices, or techniques.""]"
21-1011.00,Substance Abuse and Behavioral Disorder Counselors,"Counsel and advise individuals with alcohol, tobacco, drug, or other problems, such as gambling and eating disorders. May counsel individuals, families, or groups or engage in prevention programs.","[""reading comprehension"", ""active listening"", ""writing"", ""speaking"", ""critical thinking"", ""monitoring"", ""social perceptiveness""]","[""complete and maintain accurate records or reports regarding the patients' histories and progress, services provided, or other required information."", ""counsel clients or patients, individually or in group sessions, to assist in overcoming dependencies, adjusting to life, or making changes."", ""assess individuals' degree of drug dependency by collecting and analyzing urine samples."", ""follow progress of discharged patients to determine effectiveness of treatments."", ""conduct chemical dependency program orientation sessions."", ""review and evaluate clients' progress in relation to measurable goals described in treatment and care plans."", ""coordinate activities with courts, probation officers, community services, or other post-treatment agencies."", ""develop client treatment plans based on research, clinical experience, and client histories."", ""modify treatment plans to comply with changes in client status."", ""coordinate counseling efforts with mental health professionals or other health professionals, such as doctors, nurses, or social workers."", ""plan or implement follow-up or aftercare programs for clients to be discharged from treatment programs."", ""intervene as an advocate for clients or patients to resolve emergency problems in crisis situations."", ""attend training sessions to increase knowledge and skills."", ""interview clients, review records, and confer with other professionals to evaluate individuals' mental and physical condition and to determine their suitability for participation in a specific program."", ""instruct others in program methods, procedures, or functions."", ""participate in case conferences or staff meetings."", ""act as liaisons between clients and medical staff."", ""provide clients or family members with information about addiction issues and about available services or programs, making appropriate referrals when necessary."", ""train or supervise student interns or new staff members."", ""counsel family members to assist them in understanding, dealing with, and supporting clients or patients."", ""confer with family members or others close to clients to keep them informed of treatment planning and progress."", ""develop, implement, or evaluate public education, prevention, or health promotion programs, working in collaboration with organizations, institutions, or communities.""]"
21-1012.00,"Educational, Guidance, and Career Counselors and Advisors",Advise and assist students and provide educational and vocational guidance services.,"[""active listening"", ""speaking"", ""social perceptiveness"", ""service orientation""]","[""maintain accurate and complete student records as required by laws, district policies, and administrative regulations."", ""counsel students regarding educational issues, such as course and program selection, class scheduling and registration, school adjustment, truancy, study habits, and career planning."", ""provide crisis intervention to students when difficult situations occur at schools."", ""counsel individuals or groups to help them understand and overcome personal, social, or behavioral problems affecting their educational or vocational situations."", ""review transcripts to ensure that students meet graduation or college entrance requirements, and write letters of recommendation."", ""prepare students for later educational experiences by encouraging them to explore learning opportunities and to persevere with challenging tasks."", ""refer students to outside counseling services."", ""refer students to degree programs based on interests, aptitudes, or educational assessments."", ""evaluate students' or individuals' abilities, interests, and personality characteristics, using tests, records, interviews, or professional sources.""]"
21-1013.00,Marriage and Family Therapists,"Diagnose and treat mental and emotional disorders, whether cognitive, affective, or behavioral, within the context of marriage and family systems. Apply psychotherapeutic and family systems theories and techniques in the delivery of services to individuals, couples, and families for the purpose of treating such diagnosed nervous and mental disorders.","[""reading comprehension"", ""active listening"", ""writing"", ""speaking"", ""social perceptiveness"", ""service orientation"", ""complex problem solving"", ""judgment and decision making""]","[""encourage individuals and family members to develop and use skills and strategies for confronting their problems in a constructive manner."", ""ask questions that will help clients identify their feelings and behaviors."", ""develop and implement individualized treatment plans addressing family relationship problems, destructive patterns of behavior, and other personal issues."", ""maintain case files that include activities, progress notes, evaluations, and recommendations."", ""counsel clients on concerns, such as unsatisfactory relationships, divorce and separation, child rearing, home management, or financial difficulties."", ""collect information about clients, using techniques such as testing, interviewing, discussion, or observation."", ""confer with clients to develop plans for posttreatment activities.""]"
21-1014.00,Mental Health Counselors,"Counsel and advise individuals and groups to promote optimum mental and emotional health, with an emphasis on prevention. May help individuals deal with a broad range of mental health issues, such as those associated with addictions and substance abuse; family, parenting, and marital problems; stress management; self-esteem; or aging.","[""reading comprehension"", ""active listening"", ""writing"", ""speaking"", ""social perceptiveness"", ""service orientation""]","[""maintain confidentiality of records relating to clients' treatment."", ""encourage clients to express their feelings and discuss what is happening in their lives, helping them to develop insight into themselves or their relationships."", ""assess patients for risk of suicide attempts."", ""prepare and maintain all required treatment records and reports."", ""counsel clients or patients, individually or in group sessions, to assist in overcoming dependencies, adjusting to life, or making changes."", ""guide clients in the development of skills or strategies for dealing with their problems."", ""perform crisis interventions to help ensure the safety of the patients and others."", ""perform crisis interventions with clients."", ""fill out and maintain client-related paperwork, including federal- and state-mandated forms, client diagnostic records, and progress notes."", ""develop and implement treatment plans based on clinical experience and knowledge."", ""collect information about clients through interviews, observation, or tests."", ""discuss with individual patients their plans for life after leaving therapy."", ""modify treatment activities or approaches as needed to comply with changes in clients' status."", ""evaluate clients' physical or mental condition, based on review of client information."", ""monitor clients' use of medications."", ""collaborate with mental health professionals and other staff members to perform clinical assessments or develop treatment plans.""]"
21-1015.00,Rehabilitation Counselors,"Counsel individuals to maximize the independence and employability of persons coping with personal, social, and vocational difficulties that result from birth defects, illness, disease, accidents, aging, or the stress of daily life. Coordinate activities for residents of care and treatment facilities. Assess client needs and design and implement rehabilitation programs that may include personal and vocational counseling, training, and job placement.","[""active listening"", ""speaking"", ""social perceptiveness"", ""service orientation""]","[""prepare and maintain records and case files, including documentation, such as clients' personal and eligibility information, services provided, narratives of client contacts, or relevant correspondence."", ""confer with clients to discuss their options and goals so that rehabilitation programs and plans for accessing needed services can be developed."", ""develop rehabilitation plans that fit clients' aptitudes, education levels, physical abilities, and career goals."", ""locate barriers to client employment, such as inaccessible work sites, inflexible schedules, or transportation problems, and work with clients to develop strategies for overcoming these barriers."", ""monitor and record clients' progress to ensure that goals and objectives are met."", ""participate in job development and placement programs, contacting prospective employers, placing clients in jobs, and evaluating the success of placements."", ""analyze information from interviews, educational and medical records, consultation with other professionals, and diagnostic evaluations to assess clients' abilities, needs, and eligibility for services."", ""collaborate with clients' families to implement rehabilitation plans, such as behavioral, residential, social, or employment goals."", ""develop and maintain relationships with community referral sources, such as schools or community groups."", ""maintain close contact with clients during job training and placements to resolve problems and evaluate placement adequacy.""]"
21-1021.00,"Child, Family, and School Social Workers","Provide social services and assistance to improve the social and psychological functioning of children and their families and to maximize the family well-being and the academic functioning of children. May assist parents, arrange adoptions, and find foster homes for abandoned or abused children. In schools, they address such problems as teenage pregnancy, misbehavior, and truancy. May also advise teachers.","[""reading comprehension"", ""active listening"", ""speaking"", ""critical thinking"", ""social perceptiveness"", ""service orientation"", ""judgment and decision making""]","[""maintain case history records and prepare reports."", ""interview clients individually, in families, or in groups, assessing their situations, capabilities, and problems to determine what services are required to meet their needs."", ""serve as liaisons between students, homes, schools, family services, child guidance clinics, courts, protective services, doctors, and other contacts to help children who face problems, such as disabilities, abuse, or poverty."", ""develop and review service plans in consultation with clients and perform follow-ups assessing the quantity and quality of services provided."", ""address legal issues, such as child abuse and discipline, assisting with hearings and providing testimony to inform custody arrangements."", ""counsel parents with child rearing problems, interviewing the child and family to determine whether further action is required."", ""consult with parents, teachers, and other school personnel to determine causes of problems, such as truancy and misbehavior, and to implement solutions."", ""arrange for medical, psychiatric, and other tests that may disclose causes of difficulties and indicate remedial measures."", ""refer clients to community resources for services, such as job placement, debt counseling, legal aid, housing, medical treatment, or financial assistance, and provide concrete information, such as where to go and how to apply.""]"
21-1022.00,Healthcare Social Workers,"Provide individuals, families, and groups with the psychosocial support needed to cope with chronic, acute, or terminal illnesses. Services include advising family caregivers. Provide patients with information and counseling, and make referrals for other services. May also provide case and care management or interventions designed to promote health, prevent disease, and address barriers to access to healthcare.","[""reading comprehension"", ""active listening"", ""speaking"", ""critical thinking"", ""social perceptiveness"", ""coordination"", ""service orientation""]","[""advocate for clients or patients to resolve crises."", ""educate clients about end-of-life symptoms and options to assist them in making informed decisions."", ""collaborate with other professionals to evaluate patients' medical or physical condition and to assess client needs."", ""refer patient, client, or family to community resources to assist in recovery from mental or physical illness and to provide access to services such as financial assistance, legal aid, housing, job placement or education."", ""utilize consultation data and social work experience to plan and coordinate client or patient care and rehabilitation, following through to ensure service efficacy."", ""monitor, evaluate, and record client progress according to measurable goals described in treatment and care plan."", ""identify environmental impediments to client or patient progress through interviews and review of patient records."", ""counsel clients and patients in individual and group sessions to help them overcome dependencies, recover from illness, and adjust to life."", ""plan discharge from care facility to home or other care facility."", ""organize support groups or counsel family members to assist them in understanding, dealing with, and supporting the client or patient."", ""modify treatment plans to comply with changes in clients' status.""]"
21-1023.00,Mental Health and Substance Abuse Social Workers,"Assess and treat individuals with mental, emotional, or substance abuse problems, including abuse of alcohol, tobacco, and/or other drugs. Activities may include individual and group therapy, crisis intervention, case management, client advocacy, prevention, and education.","[""reading comprehension"", ""active listening"", ""speaking"", ""critical thinking"", ""monitoring"", ""social perceptiveness""]","[""counsel clients in individual or group sessions to assist them in dealing with substance abuse, mental or physical illness, poverty, unemployment, or physical abuse."", ""collaborate with counselors, physicians, or nurses to plan or coordinate treatment, drawing on social work experience and patient needs."", ""monitor, evaluate, and record client progress with respect to treatment goals."", ""interview clients, review records, conduct assessments, or confer with other professionals to evaluate the mental or physical condition of clients or patients."", ""supervise or direct other workers who provide services to clients or patients."", ""modify treatment plans according to changes in client status.""]"
21-1091.00,Health Education Specialists,"Provide and manage health education programs that help individuals, families, and their communities maximize and maintain healthy lifestyles. Use data to identify community needs prior to planning, implementing, monitoring, and evaluating programs designed to encourage healthy lifestyles, policies, and environments. May link health systems, health providers, insurers, and patients to address individual and population health needs. May serve as resource to assist individuals, other health professionals, or the community, and may administer fiscal resources for health education programs.","[""active listening"", ""writing"", ""speaking"", ""learning strategies""]","[""prepare and distribute health education materials, such as reports, bulletins, and visual aids, to address smoking, vaccines, and other public health concerns."", ""develop and maintain cooperative working relationships with agencies and organizations interested in public health care."", ""maintain databases, mailing lists, telephone networks, and other information to facilitate the functioning of health education programs."", ""document activities and record information, such as the numbers of applications completed, presentations conducted, and persons assisted.""]"
21-1092.00,Probation Officers and Correctional Treatment Specialists,"Provide social services to assist in rehabilitation of law offenders in custody or on probation or parole. Make recommendations for actions involving formulation of rehabilitation plan and treatment of offender, including conditional release and education and employment stipulations.","[""active listening"", ""speaking"", ""social perceptiveness""]","[""prepare and maintain case folder for each assigned inmate or offender."", ""gather information about offenders' backgrounds by talking to offenders, their families and friends, and other people who have relevant information."", ""interview probationers and parolees regularly to evaluate their progress in accomplishing goals and maintaining the terms specified in their probation contracts and rehabilitation plans."", ""discuss with offenders how such issues as drug and alcohol abuse and anger management problems might have played roles in their criminal behavior."", ""supervise people on community-based sentences, such as electronically monitored home detention, and provide field supervision of probationers by conducting curfew checks or visits to home, work, or school."", ""investigate alleged parole violations, using interviews, surveillance, and search and seizure."", ""recommend remedial action or initiate court action in response to noncompliance with terms of probation or parole."", ""arrange for medical, mental health, or substance abuse treatment services according to individual needs or court orders."", ""develop liaisons and networks with other parole officers, community agencies, correctional institutions, psychiatric facilities, and aftercare agencies to plan for helping offenders with life adjustments."", ""administer drug and alcohol tests, including random drug screens of offenders, to verify compliance with substance abuse treatment programs."", ""inform offenders or inmates of requirements of conditional release, such as office visits, restitution payments, or educational and employment stipulations."", ""participate in decisions about whether cases should go before courts and which court should hear them."", ""write reports describing offenders' progress."", ""conduct prehearing and presentencing investigations and testify in court regarding offenders' backgrounds and recommended sentences and sentencing conditions."", ""arrange for postrelease services, such as employment, housing, counseling, education, and social activities.""]"
21-1093.00,Social and Human Service Assistants,"Assist other social and human service providers in providing client services in a wide variety of fields, such as psychology, rehabilitation, or social work, including support for families. May assist clients in identifying and obtaining available benefits and social and community services. May assist social workers with developing, organizing, and conducting programs to prevent and resolve problems relevant to substance abuse, human relationships, rehabilitation, or dependent care.","[""active listening"", ""speaking"", ""social perceptiveness""]","[""assess clients' cognitive abilities and physical and emotional needs to determine appropriate interventions."", ""develop and implement behavioral management and care plans for clients.""]"
21-1094.00,Community Health Workers,"Promote health within a community by assisting individuals to adopt healthy behaviors. Serve as an advocate for the health needs of individuals by assisting community residents in effectively communicating with healthcare providers or social service agencies. Act as liaison or advocate and implement programs that promote, maintain, and improve individual and overall community health. May deliver health-related preventive services such as blood pressure, glaucoma, and hearing screenings. May collect data to help identify community health needs.","[""active listening"", ""writing"", ""speaking"", ""social perceptiveness""]","[""maintain updated client records with plans, notes, appropriate forms, or related information.""]"
21-2011.00,Clergy,Conduct religious worship and perform other spiritual functions associated with beliefs and practices of religious faith or denomination. Provide spiritual and moral guidance and assistance to members.,"[""active listening"", ""speaking"", ""social perceptiveness"", ""instructing"", ""service orientation""]","[""pray and promote spirituality."", ""prepare and deliver sermons or other talks."", ""read from sacred texts, such as the bible, torah, or koran."", ""organize and lead regular religious services."", ""instruct people who seek conversion to a particular faith."", ""share information about religious issues by writing articles, giving speeches, or teaching."", ""counsel individuals or groups concerning their spiritual, emotional, or personal needs."", ""administer religious rites or ordinances."", ""prepare people for participation in religious ceremonies."", ""visit people in homes, hospitals, or prisons to provide them with comfort and support."", ""train leaders of church, community, or youth groups."", ""plan or lead religious education programs."", ""study and interpret religious laws, doctrines, or traditions."", ""respond to requests for assistance during emergencies or crises."", ""conduct special ceremonies, such as weddings, funerals, or confirmations.""]"
21-2021.00,"Directors, Religious Activities and Education","Coordinate or design programs and conduct outreach to promote the religious education or activities of a denominational group. May provide counseling, guidance, and leadership relative to marital, health, financial, and religious problems.","[""active listening"", ""speaking"", ""social perceptiveness""]","[""develop or direct study courses or religious education programs within congregations."", ""identify and recruit potential volunteer workers."", ""select appropriate curricula or class structures for educational programs.""]"
23-1011.00,Lawyers,"Represent clients in criminal and civil litigation and other legal proceedings, draw up legal documents, or manage or advise clients on legal transactions. May specialize in a single area or may practice broadly in many areas of law.","[""reading comprehension"", ""active listening"", ""writing"", ""speaking"", ""critical thinking"", ""persuasion"", ""negotiation"", ""complex problem solving"", ""judgment and decision making""]","[""interpret laws, rulings and regulations for individuals and businesses."", ""analyze the probable outcomes of cases, using knowledge of legal precedents."", ""gather evidence to formulate defense or to initiate legal actions by such means as interviewing clients and witnesses to ascertain the facts of a case."", ""represent clients in court or before government agencies."", ""evaluate findings and develop strategies and arguments in preparation for presentation of cases."", ""advise clients concerning business transactions, claim liability, advisability of prosecuting or defending lawsuits, or legal rights and obligations."", ""examine legal data to determine advisability of defending or prosecuting lawsuit."", ""prepare, draft, and review legal documents, such as wills, deeds, patent applications, mortgages, leases, and contracts."", ""study constitution, statutes, decisions, regulations, and ordinances of quasi-judicial bodies to determine ramifications for cases."", ""negotiate settlements of civil disputes."", ""supervise legal assistants.""]"
23-1012.00,Judicial Law Clerks,Assist judges in court or by conducting research or preparing legal documents.,"[""reading comprehension"", ""active listening"", ""writing"", ""speaking"", ""critical thinking""]","[""prepare briefs, legal memoranda, or statements of issues involved in cases, including appropriate suggestions or recommendations."", ""research laws, court decisions, documents, opinions, briefs, or other information related to cases before the court."", ""draft or proofread judicial opinions, decisions, or citations."", ""confer with judges concerning legal questions, construction of documents, or granting of orders."", ""review complaints, petitions, motions, or pleadings that have been filed to determine issues involved or basis for relief."", ""keep abreast of changes in the law and inform judges when cases are affected by such changes.""]"
23-1021.00,"Administrative Law Judges, Adjudicators, and Hearing Officers","Conduct hearings to recommend or make decisions on claims concerning government programs or other government-related matters. Determine liability, sanctions, or penalties, or recommend the acceptance or rejection of claims or settlements.","[""reading comprehension"", ""active listening"", ""writing"", ""speaking"", ""critical thinking"", ""judgment and decision making""]","[""determine existence and amount of liability according to current laws, administrative and judicial precedents, and available evidence."", ""monitor and direct the activities of trials and hearings to ensure that they are conducted fairly and that courts administer justice while safeguarding the legal rights of all involved parties."", ""prepare written opinions and decisions."", ""authorize payment of valid claims and determine method of payment."", ""conduct hearings to review and decide claims regarding issues, such as social program eligibility, environmental protection, or enforcement of health and safety regulations."", ""research and analyze laws, regulations, policies, and precedent decisions to prepare for hearings and to determine conclusions."", ""review and evaluate data on documents, such as claim applications, birth or death certificates, or physician or employer records."", ""recommend the acceptance or rejection of claims or compromise settlements according to laws, regulations, policies, and precedent decisions."", ""rule on exceptions, motions, and admissibility of evidence."", ""explain to claimants how they can appeal rulings that go against them.""]"
23-1022.00,"Arbitrators, Mediators, and Conciliators",Facilitate negotiation and conflict resolution through dialogue. Resolve conflicts outside of the court system by mutual consent of parties involved.,"[""reading comprehension"", ""active listening"", ""writing"", ""speaking"", ""critical thinking"", ""negotiation""]","[""prepare written opinions or decisions regarding cases."", ""apply relevant laws, regulations, policies, or precedents to reach conclusions."", ""conduct hearings to obtain information or evidence relative to disposition of claims."", ""determine extent of liability according to evidence, laws, or administrative or judicial precedents."", ""rule on exceptions, motions, or admissibility of evidence."", ""confer with disputants to clarify issues, identify underlying concerns, and develop an understanding of their respective needs and interests."", ""use mediation techniques to facilitate communication between disputants, to further parties' understanding of different perspectives, and to guide parties toward mutual agreement."", ""conduct initial meetings with disputants to outline the arbitration process, settle procedural matters, such as fees, or determine details, such as witness numbers or time requirements.""]"
23-1023.00,"Judges, Magistrate Judges, and Magistrates","Arbitrate, advise, adjudicate, or administer justice in a court of law. May sentence defendant in criminal cases according to government statutes or sentencing guidelines. May determine liability of defendant in civil cases. May perform wedding ceremonies.","[""reading comprehension"", ""active listening"", ""writing"", ""speaking"", ""critical thinking"", ""active learning"", ""social perceptiveness"", ""complex problem solving"", ""judgment and decision making""]","[""sentence defendants in criminal cases, on conviction by jury, according to applicable government statutes."", ""monitor proceedings to ensure that all applicable rules and procedures are followed."", ""instruct juries on applicable laws, direct juries to deduce the facts from the evidence presented, and hear their verdicts."", ""write decisions on cases."", ""read documents on pleadings and motions to ascertain facts and issues."", ""rule on admissibility of evidence and methods of conducting testimony."", ""preside over hearings and listen to allegations made by plaintiffs to determine whether the evidence supports the charges."", ""award compensation for damages to litigants in civil cases in relation to findings by juries or by the court."", ""advise attorneys, juries, litigants, and court personnel regarding conduct, issues, and proceedings."", ""research legal issues and write opinions on the issues."", ""interpret and enforce rules of procedure or establish new rules in situations where there are no procedures already established by law."", ""issue arrest warrants."", ""settle disputes between opposing attorneys.""]"
23-2011.00,Paralegals and Legal Assistants,"Assist lawyers by investigating facts, preparing legal documents, or researching legal precedent. Conduct research to support a legal proceeding, to formulate a defense, or to initiate legal action.","[""writing""]","[""prepare affidavits or other documents, such as legal correspondence, and organize and maintain documents in paper or electronic filing system."", ""prepare, edit, or review legal documents, including legislation, briefs, pleadings, appeals, wills, contracts, and real estate closing statements."", ""investigate facts and law of cases and search pertinent sources, such as public records and internet sources, to determine causes of action and to prepare cases.""]"
23-2093.00,"Title Examiners, Abstractors, and Searchers","Search real estate records, examine titles, or summarize pertinent legal or insurance documents or details for a variety of purposes. May compile lists of mortgages, contracts, and other instruments pertaining to titles by searching public and private records for law firms, real estate agencies, or title insurance companies.","[""reading comprehension""]","[""examine documentation such as mortgages, liens, judgments, easements, plat books, maps, contracts, and agreements to verify factors such as properties' legal descriptions, ownership, or restrictions."", ""examine individual titles to determine if restrictions, such as delinquent taxes, will affect titles and limit property use."", ""prepare reports describing any title encumbrances encountered during searching activities and outlining actions needed to clear titles."", ""copy or summarize recorded documents, such as mortgages, trust deeds, and contracts, that affect property titles."", ""verify accuracy and completeness of land-related documents accepted for registration, preparing rejection notices when documents are not acceptable."", ""prepare lists of all legal instruments applying to a specific piece of land and the buildings on it."", ""read search requests to ascertain types of title evidence required and to obtain descriptions of properties and names of involved parties."", ""obtain maps or drawings delineating properties from company title plants, county surveyors, or assessors' offices."", ""confer with realtors, lending institution personnel, buyers, sellers, contractors, surveyors, and courthouse personnel to exchange title-related information or to resolve problems."", ""enter into record-keeping systems appropriate data needed to create new title records or to update existing ones.""]"
25-1011.00,"Business Teachers, Postsecondary","Teach courses in business administration and management, such as accounting, finance, human resources, labor and industrial relations, marketing, and operations research. Includes both teachers primarily engaged in teaching and those who do a combination of teaching and research.","[""reading comprehension"", ""active listening"", ""writing"", ""speaking"", ""learning strategies"", ""instructing""]","[""prepare and deliver lectures to undergraduate or graduate students on topics such as financial accounting, principles of marketing, and operations management."", ""evaluate and grade students' class work, assignments, and papers."", ""initiate, facilitate, and moderate classroom discussions."", ""prepare course materials, such as syllabi, homework assignments, and handouts."", ""keep abreast of developments in the field by reading current literature, talking with colleagues, and participating in professional organizations and conferences."", ""plan, evaluate, and revise curricula, course content, and course materials and methods of instruction."", ""maintain student attendance records, grades, and other required records."", ""conduct research in a particular field of knowledge and publish findings in professional journals, books, or electronic media."", ""compile, administer, and grade examinations, or assign this work to others."", ""maintain regularly scheduled office hours to advise and assist students."", ""collaborate with colleagues to address teaching and research issues."", ""advise students on academic and vocational curricula and career issues.""]"
25-1021.00,"Computer Science Teachers, Postsecondary","Teach courses in computer science. May specialize in a field of computer science, such as the design and function of computers or operations and research analysis. Includes both teachers primarily engaged in teaching and those who do a combination of teaching and research.","[""reading comprehension"", ""writing"", ""speaking"", ""instructing""]","[""prepare course materials, such as syllabi, homework assignments, and handouts."", ""compile, administer, and grade examinations or assign this work to others."", ""prepare and deliver lectures to undergraduate or graduate students on topics such as programming, data structures, and software design."", ""evaluate and grade students' class work, laboratory work, assignments, and papers."", ""maintain student attendance records, grades, and other required records."", ""keep abreast of developments in the field by reading current literature, talking with colleagues, and participating in professional conferences."", ""plan, evaluate, and revise curricula, course content, and course materials and methods of instruction."", ""maintain regularly scheduled office hours to advise and assist students."", ""advise students on academic and vocational curricula and on career issues.""]"
25-1022.00,"Mathematical Science Teachers, Postsecondary","Teach courses pertaining to mathematical concepts, statistics, and actuarial science and to the application of original and standardized mathematical techniques in solving specific problems and situations. Includes both teachers primarily engaged in teaching and those who do a combination of teaching and research.","[""reading comprehension"", ""active listening"", ""speaking"", ""mathematics"", ""instructing""]","[""compile, administer, and grade examinations, or assign this work to others."", ""evaluate and grade students' class work, assignments, and papers."", ""prepare and deliver lectures to undergraduate or graduate students on topics such as linear algebra, differential equations, and discrete mathematics."", ""maintain student attendance records, grades, and other required records."", ""prepare course materials, such as syllabi, homework assignments, and handouts."", ""plan, evaluate, and revise curricula, course content, and course materials and methods of instruction."", ""maintain regularly scheduled office hours to advise and assist students."", ""initiate, facilitate, and moderate classroom discussions.""]"
25-1031.00,"Architecture Teachers, Postsecondary","Teach courses in architecture and architectural design, such as architectural environmental design, interior architecture/design, and landscape architecture. Includes both teachers primarily engaged in teaching and those who do a combination of teaching and research.","[""reading comprehension"", ""active listening"", ""writing"", ""speaking"", ""learning strategies"", ""instructing""]","[""plan, evaluate, and revise curricula, course content, and course materials and methods of instruction."", ""prepare course materials, such as syllabi, homework assignments, and handouts."", ""prepare and deliver lectures to undergraduate or graduate students on topics such as architectural design methods, aesthetics and design, and structures and materials."", ""evaluate and grade students' work, including work performed in design studios."", ""maintain student attendance records, grades, and other required records."", ""initiate, facilitate, and moderate classroom discussions."", ""keep abreast of developments in the field by reading current literature, talking with colleagues, and participating in professional conferences."", ""compile, administer, and grade examinations, or assign this work to others."", ""advise students on academic and vocational curricula and on career issues."", ""conduct research in a particular field of knowledge and publish findings in professional journals, books, or electronic media.""]"
25-1032.00,"Engineering Teachers, Postsecondary","Teach courses pertaining to the application of physical laws and principles of engineering for the development of machines, materials, instruments, processes, and services. Includes teachers of subjects such as chemical, civil, electrical, industrial, mechanical, mineral, and petroleum engineering. Includes both teachers primarily engaged in teaching and those who do a combination of teaching and research.","[""reading comprehension"", ""active listening"", ""speaking"", ""learning strategies"", ""instructing""]","[""conduct research in a particular field of knowledge and publish findings in professional journals, books, or electronic media."", ""prepare course materials, such as syllabi, homework assignments, and handouts."", ""evaluate and grade students' class work, laboratory work, assignments, and papers."", ""write grant proposals to procure external research funding."", ""supervise undergraduate or graduate teaching, internship, and research work."", ""keep abreast of developments in the field by reading current literature, talking with colleagues, and participating in professional conferences."", ""prepare and deliver lectures to undergraduate or graduate students on topics such as mechanics, hydraulics, and robotics."", ""initiate, facilitate, and moderate class discussions."", ""supervise students' laboratory work.""]"
25-1041.00,"Agricultural Sciences Teachers, Postsecondary","Teach courses in the agricultural sciences. Includes teachers of agronomy, dairy sciences, fisheries management, horticultural sciences, poultry sciences, range management, and agricultural soil conservation. Includes both teachers primarily engaged in teaching and those who do a combination of teaching and research.","[""reading comprehension"", ""active listening"", ""writing"", ""speaking"", ""critical thinking"", ""active learning"", ""learning strategies"", ""instructing""]","[""keep abreast of developments in the field by reading current literature, talking with colleagues, and participating in professional conferences."", ""advise students on academic and vocational curricula and on career issues."", ""supervise undergraduate or graduate teaching, internship, and research work."", ""supervise laboratory sessions and field work and coordinate laboratory operations."", ""conduct research in a particular field of knowledge and publish findings in professional journals, books, or electronic media."", ""prepare and deliver lectures to undergraduate or graduate students on topics such as crop production, plant genetics, and soil chemistry."", ""collaborate with colleagues to address teaching and research issues."", ""prepare course materials, such as syllabi, homework assignments, and handouts."", ""evaluate and grade students' class work, laboratory work, assignments, and papers."", ""maintain regularly scheduled office hours to advise and assist students.""]"
25-1042.00,"Biological Science Teachers, Postsecondary",Teach courses in biological sciences. Includes both teachers primarily engaged in teaching and those who do a combination of teaching and research.,"[""reading comprehension"", ""active listening"", ""writing"", ""speaking"", ""science"", ""active learning"", ""learning strategies"", ""instructing""]","[""evaluate and grade students' class work, laboratory work, assignments, and papers."", ""prepare and deliver lectures to undergraduate or graduate students on topics such as molecular biology, marine biology, and botany."", ""plan, evaluate, and revise curricula, course content, and course materials and methods of instruction."", ""prepare materials for laboratory activities and course materials, such as syllabi, homework assignments, and handouts."", ""initiate, facilitate, and moderate classroom discussions."", ""supervise students' laboratory work."", ""keep abreast of developments in the field by reading current literature, talking with colleagues, and participating in professional conferences."", ""maintain student attendance records, grades, and other required records."", ""compile, administer, and grade examinations, or assign this work to others."", ""supervise undergraduate or graduate teaching, internship, and research work."", ""assist students who need extra help with their coursework outside of class.""]"
25-1043.00,"Forestry and Conservation Science Teachers, Postsecondary",Teach courses in forestry and conservation science. Includes both teachers primarily engaged in teaching and those who do a combination of teaching and research.,"[""reading comprehension"", ""active listening"", ""writing"", ""speaking"", ""active learning"", ""learning strategies"", ""instructing""]","[""prepare course materials, such as syllabi, homework assignments, and handouts."", ""prepare and deliver lectures to undergraduate or graduate students on topics, such as forest resource policy, forest pathology, and mapping."", ""evaluate and grade students' class work, assignments, and papers."", ""supervise students' laboratory or field work."", ""maintain student attendance records, grades, and other required records."", ""keep abreast of developments in the field by reading current literature, talking with colleagues, and participating in professional conferences."", ""supervise undergraduate or graduate teaching, internship, and research work."", ""collaborate with colleagues to address teaching and research issues."", ""compile, administer, and grade examinations, or assign this work to others."", ""initiate, facilitate, and moderate classroom discussions."", ""plan, evaluate, and revise curricula, course content, and course materials and methods of instruction."", ""advise students on academic and vocational curricula and on career issues."", ""write grant proposals to procure external research funding."", ""maintain regularly scheduled office hours to advise and assist students.""]"
25-1051.00,"Atmospheric, Earth, Marine, and Space Sciences Teachers, Postsecondary","Teach courses in the physical sciences, except chemistry and physics. Includes both teachers primarily engaged in teaching, and those who do a combination of teaching and research.","[""reading comprehension"", ""active listening"", ""writing"", ""speaking"", ""science"", ""critical thinking"", ""instructing""]","[""maintain student attendance records, grades, and other required records."", ""prepare and deliver lectures to undergraduate or graduate students on topics such as structural geology, micrometeorology, and atmospheric thermodynamics."", ""evaluate and grade students' class work, assignments, and papers."", ""compile, administer, and grade examinations, or assign this work to others."", ""supervise laboratory work and field work."", ""plan, evaluate, and revise curricula, course content, and course materials and methods of instruction."", ""prepare course materials, such as syllabi, homework assignments, and handouts."", ""initiate, facilitate, and moderate classroom discussions.""]"
25-1052.00,"Chemistry Teachers, Postsecondary","Teach courses pertaining to the chemical and physical properties and compositional changes of substances. Work may include providing instruction in the methods of qualitative and quantitative chemical analysis. Includes both teachers primarily engaged in teaching, and those who do a combination of teaching and research.","[""reading comprehension"", ""active listening"", ""writing"", ""speaking"", ""science"", ""critical thinking"", ""active learning"", ""learning strategies"", ""monitoring""]","[""prepare and deliver lectures to undergraduate or graduate students on topics such as organic chemistry, analytical chemistry, and chemical separation."", ""establish, teach, and monitor students' compliance with safety rules for handling chemicals, equipment, and other hazardous materials."", ""evaluate and grade students' class work, laboratory performance, assignments, and papers."", ""supervise students' laboratory work."", ""maintain student attendance records, grades, and other required records."", ""supervise undergraduate or graduate teaching, internship, and research work."", ""compile, administer, and grade examinations, or assign this work to others."", ""prepare course materials, such as syllabi, homework assignments, and handouts."", ""plan, evaluate, and revise curricula, course content, and course materials and methods of instruction."", ""maintain regularly scheduled office hours to advise and assist students."", ""conduct research in a particular field of knowledge and publish findings in professional journals, books, or electronic media."", ""initiate, facilitate, and moderate classroom discussions.""]"
25-1053.00,"Environmental Science Teachers, Postsecondary",Teach courses in environmental science. Includes both teachers primarily engaged in teaching and those who do a combination of teaching and research.,"[""reading comprehension"", ""active listening"", ""writing"", ""speaking"", ""science"", ""critical thinking"", ""learning strategies"", ""instructing""]","[""evaluate and grade students' class work, laboratory work, assignments, and papers."", ""prepare course materials, such as syllabi, homework assignments, and handouts."", ""supervise students' laboratory and field work."", ""advise students on academic and vocational curricula and on career issues."", ""keep abreast of developments in the field by reading current literature, talking with colleagues, and participating in professional conferences."", ""supervise undergraduate or graduate teaching, internship, and research work."", ""plan, evaluate, and revise curricula, course content, and course materials and methods of instruction."", ""initiate, facilitate, and moderate classroom discussions."", ""conduct research in a particular field of knowledge and publish findings in professional journals, books, or electronic media.""]"
25-1054.00,"Physics Teachers, Postsecondary",Teach courses pertaining to the laws of matter and energy. Includes both teachers primarily engaged in teaching and those who do a combination of teaching and research.,"[""reading comprehension"", ""active listening"", ""writing"", ""speaking"", ""science"", ""critical thinking"", ""active learning"", ""learning strategies"", ""instructing""]","[""evaluate and grade students' class work, laboratory work, assignments, and papers."", ""prepare course materials, such as syllabi, homework assignments, and handouts."", ""compile, administer, and grade examinations, or assign this work to others."", ""prepare and deliver lectures to undergraduate or graduate students on topics such as quantum mechanics, particle physics, and optics."", ""maintain regularly scheduled office hours to advise and assist students."", ""supervise undergraduate or graduate teaching, internship, and research work."", ""initiate, facilitate, and moderate classroom discussions."", ""maintain student attendance records, grades, and other required records."", ""plan, evaluate, and revise curricula, course content, course materials, and methods of instruction."", ""supervise students' laboratory work."", ""keep abreast of developments in the field by reading current literature, talking with colleagues, and participating in professional conferences."", ""collaborate with colleagues to address teaching and research issues.""]"
25-1061.00,"Anthropology and Archeology Teachers, Postsecondary",Teach courses in anthropology or archeology. Includes both teachers primarily engaged in teaching and those who do a combination of teaching and research.,"[""reading comprehension"", ""active listening"", ""writing"", ""speaking"", ""active learning"", ""learning strategies"", ""instructing""]","[""conduct research in a particular field of knowledge and present findings in professional journals, books, electronic media, or at professional conferences."", ""keep abreast of developments in the field by reading current literature, talking with colleagues, and participating in professional conferences."", ""prepare and deliver lectures to undergraduate or graduate students on topics such as research methods, urban anthropology, and language and culture."", ""initiate, facilitate, and moderate classroom discussions."", ""evaluate and grade students' class work, assignments, and papers."", ""prepare course materials, such as syllabi, homework assignments, and handouts."", ""advise students on academic and vocational curricula, career issues, and laboratory and field research."", ""maintain student attendance records, grades, and other required records."", ""compile, administer, and grade examinations, or assign this work to others."", ""plan, evaluate, and revise curricula, course content, and course materials and methods of instruction."", ""supervise students' laboratory or field work."", ""supervise undergraduate or graduate teaching, internship, and research work."", ""write grant proposals to procure external research funding and review others' grant proposals."", ""maintain regularly scheduled office hours to advise and assist students."", ""write letters of recommendation for students.""]"
25-1062.00,"Area, Ethnic, and Cultural Studies Teachers, Postsecondary","Teach courses pertaining to the culture and development of an area, an ethnic group, or any other group, such as Latin American studies, women's studies, or urban affairs. Includes both teachers primarily engaged in teaching and those who do a combination of teaching and research.","[""reading comprehension"", ""active listening"", ""writing"", ""speaking"", ""active learning"", ""learning strategies"", ""instructing""]","[""initiate, facilitate, and moderate classroom discussions."", ""evaluate and grade students' class work, assignments, and papers."", ""prepare and deliver lectures to undergraduate or graduate students on topics such as race and ethnic relations, gender studies, and cross-cultural perspectives."", ""prepare course materials, such as syllabi, homework assignments, and handouts."", ""compile, administer, and grade examinations, or assign this work to others."", ""keep abreast of developments in the field by reading current literature, talking with colleagues, and participating in professional conferences."", ""plan, evaluate, and revise curricula, course content, course materials, and methods of instruction."", ""conduct research in a particular field of knowledge and publish findings in professional journals, books, or electronic media."", ""maintain regularly scheduled office hours to advise and assist students."", ""maintain student attendance records, grades, and other required records.""]"
25-1063.00,"Economics Teachers, Postsecondary",Teach courses in economics. Includes both teachers primarily engaged in teaching and those who do a combination of teaching and research.,"[""reading comprehension"", ""active listening"", ""writing"", ""speaking"", ""instructing""]","[""prepare and deliver lectures to undergraduate or graduate students on topics such as econometrics, price theory, and macroeconomics."", ""prepare course materials, such as syllabi, homework assignments, and handouts."", ""conduct research in a particular field of knowledge and publish findings in professional journals, books, or electronic media."", ""keep abreast of developments in the field by reading current literature, talking with colleagues, and participating in professional conferences."", ""evaluate and grade students' class work, assignments, and papers."", ""plan, evaluate, and revise curricula, course content, course materials, and methods of instruction.""]"
25-1064.00,"Geography Teachers, Postsecondary",Teach courses in geography. Includes both teachers primarily engaged in teaching and those who do a combination of teaching and research.,"[""reading comprehension"", ""active listening"", ""writing"", ""speaking"", ""instructing""]","[""prepare course materials, such as syllabi, homework assignments, and handouts."", ""prepare and deliver lectures to undergraduate or graduate students on topics such as urbanization, environmental systems, and cultural geography."", ""conduct research in a particular field of knowledge and publish findings in professional journals, books, or electronic media."", ""evaluate and grade students' class work, assignments, and papers."", ""compile, administer, and grade examinations, or assign this work to others."", ""keep abreast of developments in the field by reading current literature, talking with colleagues, and participating in professional conferences."", ""initiate, facilitate, and moderate classroom discussions."", ""maintain student attendance records, grades, and other required records."", ""supervise undergraduate or graduate teaching, internship, and research work.""]"
25-1065.00,"Political Science Teachers, Postsecondary","Teach courses in political science, international affairs, and international relations. Includes both teachers primarily engaged in teaching and those who do a combination of teaching and research.","[""reading comprehension"", ""active listening"", ""writing"", ""speaking"", ""active learning"", ""instructing""]","[""prepare and deliver lectures to undergraduate or graduate students on topics such as classical political thought, international relations, and democracy and citizenship."", ""keep abreast of developments in the field by reading current literature, talking with colleagues, and participating in professional conferences."", ""evaluate and grade students' class work, assignments, and papers."", ""initiate, facilitate, and moderate classroom discussions."", ""plan, evaluate, and revise curricula, course content, course materials, and methods of instruction."", ""conduct research in a particular field of knowledge and publish findings in professional journals, books, or electronic media."", ""compile, administer, and grade examinations, or assign this work to others."", ""prepare course materials, such as syllabi, homework assignments, and handouts."", ""supervise undergraduate or graduate teaching, internship, and research work."", ""maintain student attendance records, grades, and other required records."", ""maintain regularly scheduled office hours to advise and assist students.""]"
25-1066.00,"Psychology Teachers, Postsecondary","Teach courses in psychology, such as child, clinical, and developmental psychology, and psychological counseling. Includes both teachers primarily engaged in teaching and those who do a combination of teaching and research.","[""reading comprehension"", ""active listening"", ""writing"", ""speaking"", ""learning strategies"", ""instructing""]","[""prepare and deliver lectures to undergraduate or graduate students on topics such as abnormal psychology, cognitive processes, and work motivation."", ""initiate, facilitate, and moderate classroom discussions."", ""evaluate and grade students' class work, laboratory work, assignments, and papers."", ""keep abreast of developments in the field by reading current literature, talking with colleagues, and participating in professional conferences."", ""compile, administer, and grade examinations, or assign this work to others."", ""prepare course materials, such as syllabi, homework assignments, and handouts."", ""supervise undergraduate or graduate teaching, internship, and research work."", ""recruit and hire new faculty.""]"
25-1067.00,"Sociology Teachers, Postsecondary",Teach courses in sociology. Includes both teachers primarily engaged in teaching and those who do a combination of teaching and research.,"[""reading comprehension"", ""active listening"", ""writing"", ""speaking"", ""learning strategies"", ""instructing""]","[""evaluate and grade students' class work, assignments, and papers."", ""initiate, facilitate, and moderate classroom discussions."", ""compile, administer, and grade examinations, or assign this work to others."", ""prepare and deliver lectures to undergraduate or graduate students on topics such as race and ethnic relations, measurement and data collection, and workplace social relations."", ""prepare course materials, such as syllabi, homework assignments, and handouts."", ""keep abreast of developments in the field by reading current literature, talking with colleagues, and participating in professional conferences."", ""conduct research in a particular field of knowledge and publish findings in professional journals, books, or electronic media."", ""plan, evaluate, and revise curricula, course content, course materials, and methods of instruction."", ""maintain student attendance records, grades, and other required records.""]"
25-1071.00,"Health Specialties Teachers, Postsecondary","Teach courses in health specialties, in fields such as dentistry, laboratory technology, medicine, pharmacy, public health, therapy, and veterinary medicine.","[""reading comprehension"", ""active listening"", ""writing"", ""speaking"", ""critical thinking"", ""active learning"", ""learning strategies"", ""instructing""]","[""prepare course materials, such as syllabi, homework assignments, and handouts."", ""keep abreast of developments in the field by reading current literature, talking with colleagues, and participating in professional conferences."", ""evaluate and grade students' class work, assignments, and papers."", ""supervise laboratory sessions."", ""compile, administer, and grade examinations, or assign this work to others."", ""maintain student attendance records, grades, and other required records."", ""initiate, facilitate, and moderate classroom discussions."", ""plan, evaluate, and revise curricula, course content, course materials, and methods of instruction.""]"
25-1072.00,"Nursing Instructors and Teachers, Postsecondary",Demonstrate and teach patient care in classroom and clinical units to nursing students. Includes both teachers primarily engaged in teaching and those who do a combination of teaching and research.,"[""reading comprehension"", ""active listening"", ""writing"", ""speaking"", ""learning strategies"", ""instructing""]","[""evaluate and grade students' class work, laboratory and clinic work, assignments, and papers."", ""supervise students' laboratory and clinical work."", ""initiate, facilitate, and moderate classroom discussions."", ""assess clinical education needs and patient and client teaching needs using a variety of methods."", ""compile, administer, and grade examinations, or assign this work to others."", ""prepare and deliver lectures to undergraduate or graduate students on topics such as pharmacology, mental health nursing, and community health care practices."", ""prepare course materials, such as syllabi, homework assignments, and handouts."", ""demonstrate patient care in clinical units of hospitals."", ""keep abreast of developments in the field by reading current literature, talking with colleagues, and participating in professional conferences."", ""plan, evaluate, and revise curricula, course content, course materials, and methods of instruction."", ""maintain student attendance records, grades, and other required records."", ""advise students on academic and vocational curricula and on career issues."", ""collaborate with colleagues to address teaching and research issues."", ""maintain regularly scheduled office hours to advise and assist students."", ""mentor junior and adjunct faculty members.""]"
25-1081.00,"Education Teachers, Postsecondary","Teach courses pertaining to education, such as counseling, curriculum, guidance, instruction, teacher education, and teaching English as a second language. Includes both teachers primarily engaged in teaching and those who do a combination of teaching and research.","[""reading comprehension"", ""active listening"", ""writing"", ""speaking"", ""active learning"", ""learning strategies"", ""instructing""]","[""prepare course materials, such as syllabi, homework assignments, and handouts."", ""conduct research in a particular field of knowledge and publish findings in professional journals, books, or electronic media."", ""compile, administer, and grade examinations, or assign this work to others."", ""keep abreast of developments in the field by reading current literature, talking with colleagues, and participating in professional conferences."", ""supervise students' fieldwork, internship, and research work."", ""evaluate and grade students' class work, assignments, and papers."", ""prepare and deliver lectures to undergraduate or graduate students on topics such as children's literature, learning and development, and reading instruction."", ""initiate, facilitate, and moderate classroom discussions."", ""collaborate with colleagues to address teaching and research issues.""]"
25-1082.00,"Library Science Teachers, Postsecondary",Teach courses in library science. Includes both teachers primarily engaged in teaching and those who do a combination of teaching and research.,"[""reading comprehension"", ""active listening"", ""writing"", ""speaking"", ""critical thinking"", ""active learning"", ""learning strategies"", ""monitoring"", ""instructing""]","[""conduct research in a particular field of knowledge and present findings in professional journals, books, electronic media, or at professional conferences."", ""evaluate and grade students' class work, assignments, and papers."", ""keep abreast of developments in the field by reading current literature, talking with colleagues, giving presentations at conferences, and serving on committees in professional associations."", ""prepare and deliver lectures to undergraduate or graduate students on topics such as collection development, archival methods, and indexing and abstracting."", ""prepare course materials, such as syllabi, homework assignments, and handouts."", ""plan, evaluate, and revise curricula, course content, course materials, and methods of instruction."", ""initiate, facilitate, and moderate classroom discussions."", ""compile, administer, and grade examinations, or assign this work to others."", ""maintain student attendance records, grades, and other required records."", ""advise students on academic and vocational curricula and on career issues."", ""select and obtain materials and supplies, such as textbooks."", ""supervise undergraduate or graduate teaching, internship, and research work."", ""develop and teach online courses."", ""collaborate with colleagues to address teaching and research issues.""]"
25-1111.00,"Criminal Justice and Law Enforcement Teachers, Postsecondary","Teach courses in criminal justice, corrections, and law enforcement administration. Includes both teachers primarily engaged in teaching and those who do a combination of teaching and research.","[""reading comprehension"", ""active listening"", ""writing"", ""speaking"", ""critical thinking"", ""active learning"", ""learning strategies"", ""instructing""]","[""prepare and deliver lectures to undergraduate or graduate students on topics such as criminal law, defensive policing, and investigation techniques."", ""initiate, facilitate, and moderate classroom discussions."", ""evaluate and grade students' class work, assignments, and papers."", ""compile, administer, and grade examinations, or assign this work to others."", ""keep abreast of developments in the field by reading current literature, talking with colleagues, and participating in professional conferences."", ""maintain student attendance records, grades, and other required records."", ""prepare course materials, such as syllabi, homework assignments, and handouts."", ""plan, evaluate, and revise curricula, course content, course materials, and methods of instruction."", ""maintain regularly scheduled office hours to advise and assist students."", ""advise students on academic and vocational curricula and on career issues.""]"
25-1112.00,"Law Teachers, Postsecondary",Teach courses in law. Includes both teachers primarily engaged in teaching and those who do a combination of teaching and research.,"[""reading comprehension"", ""active listening"", ""writing"", ""speaking"", ""critical thinking"", ""active learning"", ""learning strategies"", ""instructing""]","[""initiate, facilitate, and moderate classroom discussions."", ""evaluate and grade students' class work, assignments, papers, and oral presentations."", ""prepare course materials, such as syllabi, homework assignments, and handouts."", ""compile, administer, and grade examinations, or assign this work to others."", ""keep abreast of developments in the field by reading current literature, talking with colleagues, and participating in professional conferences."", ""prepare and deliver lectures to undergraduate or graduate students on topics such as civil procedure, contracts, and torts."", ""maintain student attendance records, grades, and other required records."", ""conduct research in a particular field of knowledge and publish findings in professional journals, books, or electronic media."", ""plan, evaluate, and revise curricula, course content, course materials, and methods of instruction."", ""maintain regularly scheduled office hours to advise and assist students.""]"
25-1113.00,"Social Work Teachers, Postsecondary",Teach courses in social work. Includes both teachers primarily engaged in teaching and those who do a combination of teaching and research.,"[""reading comprehension"", ""active listening"", ""writing"", ""speaking"", ""critical thinking"", ""active learning"", ""learning strategies"", ""instructing""]","[""initiate, facilitate, and moderate classroom discussions."", ""prepare course materials, such as syllabi, homework assignments, or handouts."", ""compile, administer, and grade examinations, or assign this work to others."", ""supervise students' laboratory and field work."", ""prepare and deliver lectures to undergraduate or graduate students on topics such as family behavior, child and adolescent mental health, or social intervention evaluation."", ""supervise undergraduate or graduate teaching, internship, and research work."", ""evaluate and grade students' class work, assignments, and papers."", ""plan, evaluate, and revise curricula, course content, course materials, and methods of instruction."", ""keep abreast of developments in the field by reading current literature, talking with colleagues, and participating in professional conferences."", ""collaborate with colleagues and community agencies to address teaching and research issues."", ""advise students on academic and vocational curricula and on career issues.""]"
25-1121.00,"Art, Drama, and Music Teachers, Postsecondary","Teach courses in drama, music, and the arts including fine and applied art, such as painting and sculpture, or design and crafts. Includes both teachers primarily engaged in teaching and those who do a combination of teaching and research.","[""reading comprehension"", ""active listening"", ""speaking"", ""active learning"", ""learning strategies"", ""instructing""]","[""explain and demonstrate artistic techniques."", ""evaluate and grade students' class work, performances, projects, assignments, and papers."", ""prepare students for performances, exams, or assessments."", ""initiate, facilitate, and moderate classroom discussions."", ""prepare and deliver lectures to undergraduate or graduate students on topics such as acting techniques, fundamentals of music, and art history."", ""prepare course materials, such as syllabi, homework assignments, and handouts."", ""maintain student attendance records, grades, and other required records."", ""keep abreast of developments in the field by reading current literature, talking with colleagues, and participating in professional conferences."", ""plan, evaluate, and revise curricula, course content, course materials, and methods of instruction."", ""compile, administer, and grade examinations, or assign this work to others."", ""maintain regularly scheduled office hours to advise and assist students.""]"
25-1122.00,"Communications Teachers, Postsecondary","Teach courses in communications, such as organizational communications, public relations, radio/television broadcasting, and journalism. Includes both teachers primarily engaged in teaching and those who do a combination of teaching and research.","[""reading comprehension"", ""active listening"", ""writing"", ""speaking"", ""active learning"", ""learning strategies"", ""instructing""]","[""evaluate and grade students' class work, assignments, and papers."", ""initiate, facilitate, and moderate classroom discussions."", ""compile, administer, and grade examinations, or assign this work to others."", ""prepare course materials, such as syllabi, homework assignments, and handouts."", ""prepare and deliver lectures to undergraduate or graduate students on topics such as public speaking, media criticism, and oral traditions."", ""maintain student attendance records, grades, and other required records."", ""plan, evaluate, and revise curricula, course content, course materials, and methods of instruction."", ""maintain regularly scheduled office hours to advise and assist students."", ""advise students on academic and vocational curricula and on career issues."", ""select and obtain materials and supplies, such as textbooks.""]"
25-1123.00,"English Language and Literature Teachers, Postsecondary","Teach courses in English language and literature, including linguistics and comparative literature. Includes both teachers primarily engaged in teaching and those who do a combination of teaching and research.","[""reading comprehension"", ""active listening"", ""writing"", ""speaking"", ""learning strategies"", ""instructing""]","[""teach writing or communication classes."", ""evaluate and grade students' class work, assignments, and papers."", ""prepare course materials, such as syllabi, homework assignments, and handouts."", ""initiate, facilitate, and moderate classroom discussions."", ""maintain student attendance records, grades, and other required records."", ""plan, evaluate, and revise curricula, course content, course materials, and methods of instruction."", ""prepare and deliver lectures to undergraduate or graduate students on topics such as poetry, novel structure, and translation and adaptation."", ""assist students who need extra help with their coursework outside of class."", ""keep abreast of developments in the field by reading current literature, talking with colleagues, and participating in professional conferences."", ""compile, administer, and grade examinations, or assign this work to others.""]"
25-1124.00,"Foreign Language and Literature Teachers, Postsecondary",Teach languages and literature courses in languages other than English. Includes teachers of American Sign Language (ASL). Includes both teachers primarily engaged in teaching and those who do a combination of teaching and research.,"[""reading comprehension"", ""active listening"", ""writing"", ""speaking"", ""learning strategies"", ""instructing""]","[""prepare course materials, such as syllabi, homework assignments, and handouts."", ""maintain student attendance records, grades, and other required records."", ""evaluate and grade students' class work, assignments, and papers."", ""initiate, facilitate, and moderate classroom discussions."", ""prepare and deliver lectures to undergraduate or graduate students on topics such as how to speak and write a foreign language and the cultural aspects of areas where a particular language is used."", ""conduct research in a particular field of knowledge and publish findings in scholarly journals, books, or electronic media."", ""keep abreast of developments in their field by reading current literature, talking with colleagues, and participating in professional organizations and activities."", ""compile, administer, and grade examinations, or assign this work to others."", ""maintain regularly scheduled office hours to advise and assist students."", ""plan, evaluate, and revise curricula, course content, course materials, and methods of instruction."", ""select and obtain materials and supplies, such as textbooks.""]"
25-1125.00,"History Teachers, Postsecondary",Teach courses in human history and historiography. Includes both teachers primarily engaged in teaching and those who do a combination of teaching and research.,"[""reading comprehension"", ""active listening"", ""writing"", ""speaking"", ""learning strategies"", ""instructing""]","[""prepare course materials, such as syllabi, homework assignments, and handouts."", ""prepare and deliver lectures to undergraduate or graduate students on topics such as ancient history, postwar civilizations, and the history of third-world countries."", ""initiate, facilitate, and moderate classroom discussions."", ""keep abreast of developments in the field by reading current literature, talking with colleagues, and participating in professional conferences."", ""conduct research in a particular field of knowledge and publish findings in professional journals, books, or electronic media."", ""compile, administer, and grade examinations, or assign this work to others."", ""evaluate and grade students' class work, assignments, and papers."", ""maintain student attendance records, grades, and other required records."", ""plan, evaluate, and revise curricula, course content, course materials, and methods of instruction."", ""select and obtain materials and supplies, such as textbooks."", ""maintain regularly scheduled office hours to advise and assist students.""]"
25-1126.00,"Philosophy and Religion Teachers, Postsecondary","Teach courses in philosophy, religion, and theology. Includes both teachers primarily engaged in teaching and those who do a combination of teaching and research.","[""reading comprehension"", ""active listening"", ""writing"", ""speaking"", ""critical thinking"", ""instructing""]","[""evaluate and grade students' class work, assignments, and papers."", ""initiate, facilitate, and moderate classroom discussions."", ""prepare and deliver lectures to undergraduate or graduate students and the community on topics such as ethics, logic, and contemporary religious thought."", ""compile, administer, and grade examinations, or assign this work to others."", ""prepare course materials, such as syllabi, homework assignments, and handouts."", ""keep abreast of developments in the field by reading current literature, talking with colleagues, and participating in professional conferences."", ""maintain student attendance records, grades, and other required records."", ""write articles and books."", ""perform administrative duties, such as serving as department head."", ""conduct research in a particular field of knowledge and publish findings in professional journals, books, or electronic media.""]"
25-1192.00,"Family and Consumer Sciences Teachers, Postsecondary","Teach courses in childcare, family relations, finance, nutrition, and related subjects pertaining to home management. Includes both teachers primarily engaged in teaching and those who do a combination of teaching and research.","[""reading comprehension"", ""active listening"", ""speaking"", ""learning strategies"", ""instructing""]","[""evaluate and grade students' class work, laboratory work, projects, assignments, and papers."", ""prepare course materials, such as syllabi, homework assignments, and handouts."", ""prepare and deliver lectures to undergraduate or graduate students on topics such as food science, nutrition, and child care."", ""keep abreast of developments in the field by reading current literature, talking with colleagues, and participating in professional conferences."", ""initiate, facilitate, and moderate classroom discussions."", ""plan, evaluate, and revise curricula, course content, course materials, and methods of instruction."", ""compile, administer, and grade examinations, or assign this work to others."", ""maintain student attendance records, grades, and other required records."", ""maintain regularly scheduled office hours to advise and assist students."", ""advise students on academic and vocational curricula and on career issues."", ""supervise undergraduate or graduate teaching, internship, and research work."", ""select and obtain materials and supplies, such as textbooks.""]"
25-1193.00,"Recreation and Fitness Studies Teachers, Postsecondary","Teach courses pertaining to recreation, leisure, and fitness studies, including exercise physiology and facilities management. Includes both teachers primarily engaged in teaching and those who do a combination of teaching and research.","[""reading comprehension"", ""active listening"", ""writing"", ""speaking"", ""learning strategies"", ""instructing""]","[""initiate, facilitate, and moderate classroom discussions."", ""prepare course materials, such as syllabi, homework assignments, and handouts."", ""maintain student attendance records, grades, and other required records."", ""evaluate and grade students' class work, assignments, and papers."", ""prepare and deliver lectures to undergraduate or graduate students on topics such as anatomy, therapeutic recreation, and conditioning theory."", ""plan, evaluate, and revise curricula, course content, course materials, and methods of instruction."", ""keep abreast of developments in the field by reading current literature, talking with colleagues, and participating in professional conferences."", ""compile, administer, and grade examinations, or assign this work to others."", ""advise students on academic and vocational curricula and on career issues."", ""supervise undergraduate or graduate teaching, internship, and research work."", ""maintain regularly scheduled office hours to advise and assist students.""]"
25-1194.00,"Career/Technical Education Teachers, Postsecondary","Teach vocational courses intended to provide occupational training below the baccalaureate level in subjects such as construction, mechanics/repair, manufacturing, transportation, or cosmetology, primarily to students who have graduated from or left high school. Teaching takes place in public or private schools whose primary business is academic or vocational education.","[""active listening"", ""learning strategies"", ""instructing""]","[""observe and evaluate students' work to determine progress, provide feedback, and make suggestions for improvement."", ""present lectures and conduct discussions to increase students' knowledge and competence using visual aids, such as graphs, charts, videotapes, and slides."", ""supervise and monitor students' use of tools and equipment."", ""administer oral, written, or performance tests to measure progress and to evaluate training effectiveness."", ""provide individualized instruction and tutorial or remedial instruction."", ""prepare reports and maintain records, such as student grades, attendance rolls, and training activity details."", ""develop curricula and plan course content and methods of instruction."", ""determine training needs of students or workers."", ""supervise independent or group projects, field placements, laboratory work, or other training."", ""integrate academic and vocational curricula so that students can obtain a variety of skills."", ""select and assemble books, materials, supplies, and equipment for training, courses, or projects."", ""conduct on-the-job training classes or training sessions to teach and demonstrate principles, techniques, procedures, or methods of designated subjects."", ""acquire, maintain, and repair laboratory equipment and tools.""]"
25-2011.00,"Preschool Teachers, Except Special Education","Instruct preschool-aged students, following curricula or lesson plans, in activities designed to promote social, physical, and intellectual growth.","[""speaking"", ""instructing""]","[""teach basic skills, such as color, shape, number and letter recognition, personal hygiene, and social skills."", ""establish and enforce rules for behavior and procedures for maintaining order."", ""adapt teaching methods and instructional materials to meet students' varying needs and interests."", ""provide a variety of materials and resources for children to explore, manipulate, and use, both in learning activities and in imaginative play."", ""serve meals and snacks in accordance with nutritional guidelines."", ""attend to children's basic needs by feeding them, dressing them, and changing their diapers."", ""meet with parents and guardians to discuss their children's progress and needs, determine their priorities for their children, and suggest ways that they can promote learning and development."", ""organize and lead activities designed to promote physical, mental, and social development, such as games, arts and crafts, music, storytelling, and field trips."", ""identify children showing signs of emotional, developmental, or health-related problems and discuss them with supervisors, parents or guardians, and child development specialists."", ""maintain accurate and complete student records as required by laws, district policies, and administrative regulations."", ""assimilate arriving children to the school environment by greeting them, helping them remove outerwear, and selecting activities of interest to them."", ""observe and evaluate children's performance, behavior, social development, and physical health."", ""prepare materials and classrooms for class activities."", ""read books to entire classes or to small groups."", ""establish clear objectives for all lessons, units, and projects and communicate those objectives to children."", ""arrange indoor and outdoor space to facilitate creative play, motor-skill activities, and safety."", ""teach proper eating habits and personal hygiene."", ""demonstrate activities to children."", ""plan and conduct activities for a balanced program of instruction, demonstration, and work time that provides students with opportunities to observe, question, and investigate."", ""enforce all administration policies and rules governing students."", ""prepare and implement remedial programs for students requiring extra help."", ""confer with other staff members to plan and schedule lessons promoting learning, following approved curricula.""]"
25-2012.00,"Kindergarten Teachers, Except Special Education",Teach academic and social skills to kindergarten students.,"[""active listening"", ""speaking"", ""learning strategies"", ""monitoring"", ""social perceptiveness"", ""instructing""]","[""establish and enforce rules for behavior and policies and procedures to maintain order among students."", ""prepare children for later grades by encouraging them to explore learning opportunities and to persevere with challenging tasks."", ""instruct students individually and in groups, adapting teaching methods to meet students' varying needs and interests."", ""teach basic skills, such as color, shape, number and letter recognition, personal hygiene, and social skills."", ""demonstrate activities to children."", ""read books to entire classes or to small groups."", ""guide and counsel students with adjustment or academic problems or special academic interests."", ""observe and evaluate children's performance, behavior, social development, and physical health."", ""provide a variety of materials and resources for children to explore, manipulate, and use, both in learning activities and in imaginative play."", ""prepare and implement remedial programs for students requiring extra help."", ""identify children showing signs of emotional, developmental, or health-related problems and discuss them with supervisors, parents or guardians, and child development specialists."", ""maintain accurate and complete student records and prepare reports on children and activities as required by laws, district policies, and administrative regulations."", ""establish clear objectives for all lessons, units, and projects and communicate those objectives to children."", ""plan and conduct activities for a balanced program of instruction, demonstration, and work time that provides students with opportunities to observe, question, and investigate."", ""confer with parents or guardians, other teachers, counselors, and administrators to resolve students' behavioral and academic problems."", ""organize and lead activities designed to promote physical, mental, and social development, such as games, arts and crafts, music, and storytelling."", ""meet with parents and guardians to discuss their children's progress and to determine their priorities for their children and their resource needs."", ""use computers, audio-visual aids, and other equipment and materials to supplement presentations."", ""meet with other professionals to discuss individual students' needs and progress."", ""instruct and monitor students in the use and care of equipment and materials to prevent injuries and damage."", ""prepare objectives and outlines for courses of study, following curriculum guidelines or requirements of states and schools."", ""assimilate arriving children to the school environment by greeting them, helping them remove outerwear, and selecting activities of interest to them."", ""collaborate with other teachers and administrators in the development, evaluation, and revision of kindergarten programs."", ""prepare materials, classrooms, and other indoor and outdoor spaces to facilitate creative play, learning and motor-skill activities, and safety."", ""prepare, administer, and grade tests and assignments to evaluate children's progress."", ""confer with other staff members to plan and schedule lessons promoting learning, following approved curricula."", ""organize and label materials and display children's work in a manner appropriate for their sizes and perceptual skills."", ""prepare for assigned classes and show written evidence of preparation upon request of immediate supervisors.""]"
25-2021.00,"Elementary School Teachers, Except Special Education",Teach academic and social skills to students at the elementary school level.,"[""active listening"", ""speaking"", ""critical thinking"", ""learning strategies"", ""monitoring"", ""social perceptiveness"", ""instructing""]","[""instruct students individually and in groups, using teaching methods such as lectures, discussions, and demonstrations."", ""establish and enforce rules for behavior and procedures for maintaining order among the students."", ""guide and counsel students with adjustment or academic problems or with special academic interests."", ""adapt teaching methods and instructional materials to meet students' varying needs and interests."", ""plan and conduct activities for a balanced program of instruction, demonstration, and work time that provides students with opportunities to observe, question, and investigate."", ""prepare materials and classrooms for class activities."", ""read books to entire classes or small groups."", ""observe and evaluate students' performance, behavior, social development, and physical health."", ""confer with parents or guardians, teachers, counselors, and administrators to resolve students' behavioral and academic problems."", ""meet with parents and guardians to discuss their children's progress and to determine priorities for their children and their resource needs."", ""use computers, audio-visual aids, and other equipment and materials to supplement presentations."", ""meet with other professionals to discuss individual students' needs and progress."", ""establish clear objectives for all lessons, units, and projects and communicate those objectives to students."", ""prepare and implement remedial programs for students requiring extra help."", ""assign and grade class work and homework."", ""prepare, administer, and grade tests and assignments to evaluate students' progress."", ""prepare students for later grades by encouraging them to explore learning opportunities and to persevere with challenging tasks."", ""maintain accurate and complete student records as required by laws, district policies, and administrative regulations."", ""enforce administration policies and rules governing students."", ""organize and lead activities designed to promote physical, mental, and social development, such as games, arts and crafts, music, and storytelling."", ""provide a variety of materials and resources for children to explore, manipulate, and use, both in learning activities and in imaginative play."", ""prepare objectives and outlines for courses of study, following curriculum guidelines or requirements of states and schools."", ""prepare for assigned classes and show written evidence of preparation upon request of immediate supervisors."", ""instruct and monitor students in the use and care of equipment and materials to prevent injuries and damage."", ""confer with other staff members to plan and schedule lessons promoting learning, following approved curricula."", ""collaborate with other teachers and administrators in the development, evaluation, and revision of elementary school programs.""]"
25-2022.00,"Middle School Teachers, Except Special and Career/Technical Education","Teach one or more subjects to students at the middle, intermediate, or junior high school level.","[""active listening"", ""speaking"", ""learning strategies"", ""instructing""]","[""prepare materials and classrooms for class activities."", ""observe and evaluate students' performance, behavior, social development, and physical health."", ""instruct through lectures, discussions, and demonstrations in one or more subjects, such as english, mathematics, or social studies."", ""prepare, administer, and grade tests and assignments to evaluate students' progress."", ""establish and enforce rules for behavior and procedures for maintaining order among students."", ""establish clear objectives for all lessons, units, and projects, and communicate these objectives to students."", ""assign lessons and correct homework."", ""assist students who need extra help, such as by tutoring and preparing and implementing remedial programs."", ""confer with parents or guardians, other teachers, counselors, and administrators to resolve students' behavioral and academic problems."", ""maintain accurate, complete, and correct student records as required by laws, district policies, and administrative regulations."", ""plan and conduct activities for a balanced program of instruction, demonstration, and work time that provides students with opportunities to observe, question, and investigate."", ""adapt teaching methods and instructional materials to meet students' varying needs and interests."", ""enforce all administration policies and rules governing students."", ""prepare students for later grades by encouraging them to explore learning opportunities and to persevere with challenging tasks.""]"
25-2023.00,"Career/Technical Education Teachers, Middle School","Teach occupational, vocational, career, or technical subjects to students at the middle, intermediate, or junior high school level.","[""reading comprehension"", ""active listening"", ""speaking"", ""learning strategies"", ""instructing""]","[""instruct students individually and in groups, using various teaching methods, such as lectures, discussions, and demonstrations."", ""prepare materials and classrooms for class activities."", ""adapt teaching methods and instructional materials to meet students' varying needs and interests."", ""establish and enforce rules for behavior and procedures for maintaining order among students."", ""establish clear objectives for all lessons, units, and projects, and communicate those objectives to students."", ""prepare students for later educational experiences by encouraging them to explore learning opportunities and to persevere with challenging tasks."", ""maintain accurate and complete student records as required by laws, district policies, and administrative regulations."", ""instruct and monitor students in the use and care of equipment and materials to prevent injuries and damage."", ""assign and grade class work and homework."", ""enforce all administration policies and rules governing students."", ""prepare, administer, and grade tests and assignments to evaluate students' progress."", ""prepare objectives and outlines for courses of study, following curriculum guidelines or requirements of states and schools."", ""confer with parents or guardians, other teachers, counselors, and administrators to resolve students' behavioral and academic problems."", ""use computers, audio-visual aids, and other equipment and materials to supplement presentations."", ""plan and conduct activities for a balanced program of instruction, demonstration, and work time that provides students with opportunities to observe, question, and investigate."", ""guide and counsel students with adjustments, academic problems, or special academic interests."", ""observe and evaluate students' performance, behavior, social development, and physical health."", ""select, store, order, issue, inventory, and maintain classroom equipment, materials, and supplies."", ""meet with parents and guardians to discuss their children's progress and to determine priorities for their children and their resource needs."", ""provide students with disabilities with assistive devices, supportive technology, and assistance accessing facilities, such as restrooms.""]"
25-2031.00,"Secondary School Teachers, Except Special and Career/Technical Education",Teach one or more subjects to students at the secondary school level.,"[""reading comprehension"", ""active listening"", ""speaking"", ""learning strategies"", ""instructing""]","[""prepare materials and classrooms for class activities."", ""instruct through lectures, discussions, and demonstrations in one or more subjects, such as english, mathematics, or social studies."", ""establish clear objectives for all lessons, units, and projects, and communicate those objectives to students."", ""establish and enforce rules for behavior and procedures for maintaining order among students."", ""adapt teaching methods and instructional materials to meet students' varying needs and interests."", ""maintain accurate and complete student records as required by laws, district policies, and administrative regulations."", ""observe and evaluate students' performance, behavior, social development, and physical health."", ""plan and conduct activities for a balanced program of instruction, demonstration, and work time that provides students with opportunities to observe, question, and investigate."", ""confer with parents or guardians, other teachers, counselors, and administrators to resolve students' behavioral and academic problems."", ""assign and grade class work and homework."", ""prepare, administer, and grade tests and assignments to evaluate students' progress."", ""prepare students for later grades by encouraging them to explore learning opportunities and to persevere with challenging tasks."", ""use computers, audio-visual aids, and other equipment and materials to supplement presentations."", ""instruct and monitor students in the use of equipment and materials to prevent injuries and damage."", ""enforce all administration policies and rules governing students.""]"
25-2032.00,"Career/Technical Education Teachers, Secondary School","Teach occupational, vocational, career, or technical subjects to students at the secondary school level.","[""reading comprehension"", ""active listening"", ""speaking"", ""instructing""]","[""instruct students individually and in groups, using various teaching methods, such as lectures, discussions, and demonstrations."", ""establish and enforce rules for behavior and procedures for maintaining order among students."", ""observe and evaluate students' performance, behavior, social development, and physical health."", ""prepare objectives and outlines for courses of study, following curriculum guidelines or requirements of states and schools."", ""plan and conduct activities for a balanced program of instruction, demonstration, and work time that provides students with opportunities to observe, question, and investigate."", ""establish clear objectives for all lessons, units, and projects, and communicate those objectives to students."", ""maintain accurate and complete student records as required by law, district policy, and administrative regulations."", ""instruct and monitor students in the use and care of equipment and materials to prevent injury and damage."", ""prepare materials and classroom for class activities."", ""assign and grade class work and homework."", ""confer with parents or guardians, other teachers, counselors, and administrators to resolve students' behavioral and academic problems."", ""instruct students in the knowledge and skills required in a specific occupation or occupational field, using a systematic plan of lectures, discussions, audio-visual presentations, and laboratory, shop, and field studies."", ""use computers, audio-visual aids, and other equipment and materials to supplement presentations."", ""prepare, administer, and grade tests and assignments to evaluate students' progress."", ""enforce all administration policies and rules governing students."", ""prepare students for later grades by encouraging them to explore learning opportunities and to persevere with challenging tasks."", ""plan and supervise work-experience programs in businesses, industrial shops, and school laboratories."", ""meet with other professionals to discuss individual students' needs and progress."", ""guide and counsel students with adjustments, academic problems, or special academic interests.""]"
25-2051.00,"Special Education Teachers, Preschool","Teach academic, social, and life skills to preschool-aged students with learning, emotional, or physical disabilities. Includes teachers who specialize and work with students who are blind or have visual impairments; students who are deaf or have hearing impairments; and students with intellectual disabilities.","[""active listening"", ""speaking""]","[""employ special educational strategies or techniques during instruction to improve the development of sensory- and perceptual-motor skills, language, cognition, or memory."", ""teach socially acceptable behavior, employing techniques such as behavior modification or positive reinforcement."", ""communicate nonverbally with children to provide them with comfort, encouragement, or positive reinforcement."", ""teach basic skills, such as color, shape, number and letter recognition, personal hygiene, or social skills, to preschool students with special needs."", ""develop individual educational plans (ieps) designed to promote students' educational, physical, or social development."", ""confer with parents, administrators, testing specialists, social workers, or other professionals to develop individual education plans (ieps)."", ""teach students personal development skills, such as goal setting, independence, or self-advocacy."", ""develop or implement strategies to meet the needs of students with a variety of disabilities."", ""observe and evaluate students' performance, behavior, social development, and physical health."", ""instruct and monitor students in the use and care of equipment or materials to prevent injuries and damage."", ""administer tests to help determine children's developmental levels, needs, or potential."", ""establish and enforce rules for behavior and procedures for maintaining order among students."", ""attend to children's basic needs by feeding them, dressing them, or changing their diapers."", ""prepare classrooms with a variety of materials or resources for children to explore, manipulate, or use in learning activities or imaginative play."", ""monitor teachers or teacher assistants to ensure adherence to special education program requirements."", ""encourage students to explore learning opportunities or persevere with challenging tasks to prepare them for later grades."", ""meet with parents or guardians to discuss their children's progress, advise them on using community resources, or teach skills for dealing with students' impairments."", ""confer with parents, guardians, teachers, counselors, or administrators to resolve students' behavioral or academic problems."", ""maintain accurate and complete student records as required by laws, district policies, or administrative regulations."", ""establish and communicate clear objectives for all lessons, units, and projects to students, parents, or guardians."", ""modify the general preschool curriculum for students with disabilities."", ""provide assistive devices, supportive technology, or assistance accessing facilities, such as restrooms."", ""organize and supervise games or other recreational activities to promote physical, mental, or social development."", ""prepare objectives, outlines, or other materials for courses of study, following curriculum guidelines or requirements."", ""attend professional meetings, educational conferences, or teacher training workshops to maintain or improve professional competence."", ""read books to entire classes or to small groups."", ""prepare reports on students and activities as required by administration."", ""arrange indoor or outdoor space to facilitate creative play, motor-skill activities, or safety.""]"
25-2057.00,"Special Education Teachers, Middle School","Teach academic, social, and life skills to middle school students with learning, emotional, or physical disabilities. Includes teachers who specialize and work with students who are blind or have visual impairments; students who are deaf or have hearing impairments; and students with intellectual disabilities.","[""active listening"", ""speaking"", ""active learning"", ""learning strategies"", ""instructing""]","[""establish and enforce rules for behavior and policies and procedures to maintain order among students."", ""modify the general education curriculum for students with disabilities, based upon a variety of instructional techniques and instructional technology."", ""develop or write individualized education programs (ieps) for students."", ""maintain accurate and complete student records, and prepare reports on children and activities, as required by laws, district policies, and administrative regulations."", ""develop and implement strategies to meet the needs of students with a variety of handicapping conditions."", ""teach socially acceptable behavior, employing techniques such as behavior modification and positive reinforcement."", ""confer with parents or guardians, other teachers, counselors, and administrators to resolve students' behavioral and academic problems."", ""confer with parents, administrators, testing specialists, social workers, and professionals to develop individual educational plans (ieps) for students' educational, physical, and social development."", ""observe and evaluate students' performance, behavior, social development, and physical health."", ""employ special educational strategies and techniques during instruction to improve the development of sensory- and perceptual-motor skills, language, cognition, and memory."", ""collaborate with other teachers that provide instruction to special education students to ensure that the students receive appropriate support."", ""teach students personal development skills, such as goal setting, independence, and self-advocacy."", ""plan and conduct activities for a balanced program of instruction, demonstration, and work time that provides students with opportunities to observe, question, and investigate."", ""meet with parents and guardians to discuss their children's progress and to determine priorities for their children and their resource needs."", ""monitor teachers and teacher assistants to ensure that they adhere to inclusive special education program requirements."", ""prepare materials and classrooms for class activities."", ""prepare, administer, and grade tests and assignments to evaluate students' progress."", ""coordinate placement of students with special needs into mainstream classes."", ""use computers, audio-visual aids, and other equipment and materials to supplement presentations."", ""instruct through lectures, discussions, and demonstrations in one or more subjects, such as english, mathematics, or social studies."", ""establish clear objectives for all lessons, units, and projects, and communicate those objectives to students."", ""guide and counsel students with adjustments, academic problems, or special academic interests."", ""instruct students in daily living skills required for independent maintenance and self-sufficiency, such as hygiene, safety, and food preparation.""]"
25-2058.00,"Special Education Teachers, Secondary School","Teach academic, social, and life skills to secondary school students with learning, emotional, or physical disabilities. Includes teachers who specialize and work with students who are blind or have visual impairments; students who are deaf or have hearing impairments; and students with intellectual disabilities.","[""reading comprehension"", ""active listening"", ""writing"", ""speaking"", ""learning strategies"", ""social perceptiveness"", ""instructing"", ""service orientation""]","[""develop and implement strategies to meet the needs of students with a variety of handicapping conditions."", ""observe and evaluate students' performance, behavior, social development, and physical health."", ""establish and enforce rules for behavior and policies and procedures to maintain order among students."", ""teach socially acceptable behavior, employing techniques such as behavior modification and positive reinforcement."", ""maintain accurate and complete student records, and prepare reports on children and activities, as required by laws, district policies, and administrative regulations."", ""instruct through lectures, discussions, and demonstrations in one or more subjects, such as english, mathematics, or social studies."", ""employ special educational strategies and techniques during instruction to improve the development of sensory- and perceptual-motor skills, language, cognition, and memory."", ""meet with other professionals to discuss individual students' needs and progress."", ""meet with parents and guardians to discuss their children's progress and to determine priorities for their children and their resource needs."", ""modify the general education curriculum for students with disabilities, based upon a variety of instructional techniques and technologies."", ""prepare materials and classrooms for class activities."", ""coordinate placement of students with special needs into mainstream classes."", ""teach personal development skills, such as goal setting, independence, and self-advocacy."", ""confer with parents or guardians, other teachers, counselors, and administrators to resolve students' behavioral and academic problems."", ""confer with parents, administrators, testing specialists, social workers, or other professionals to develop individual educational plans (ieps) for students' educational, physical, and social development."", ""plan and conduct activities for a balanced program of instruction, demonstration, and work time that provides students with opportunities to observe, question, and investigate."", ""establish clear objectives for all lessons, units, and projects, and communicate those objectives to students."", ""monitor teachers and teacher assistants to ensure that they adhere to inclusive special education program requirements."", ""prepare students for later grades by encouraging them to explore learning opportunities and to persevere with challenging tasks."", ""guide and counsel students with adjustments, academic problems, or special academic interests."", ""prepare, administer, and grade tests and assignments to evaluate students' progress."", ""administer standardized ability and achievement tests, and interpret results to determine students' strengths and needs."", ""instruct students in daily living skills required for independent maintenance and self-sufficiency, such as hygiene, safety, and food preparation."", ""confer with other staff members to plan and schedule lessons promoting learning, following approved curricula."", ""prepare for assigned classes, and show written evidence of preparation upon request of immediate supervisors."", ""prepare objectives and outlines for courses of study, following curriculum guidelines or requirements of states and schools.""]"
25-2059.01,Adapted Physical Education Specialists,"Provide individualized physical education instruction or services to children, youth, or adults with exceptional physical needs due to gross motor developmental delays or other impairments.","[""active listening"", ""speaking"", ""active learning"", ""social perceptiveness"", ""instructing""]","[""adapt instructional techniques to the age and skill levels of students."", ""instruct students, using adapted physical education techniques, to improve physical fitness, gross motor skills, perceptual motor skills, or sports and game achievement."", ""provide individual or small groups of students with adapted physical education instruction that meets desired physical needs or goals."", ""provide students positive feedback to encourage them and help them develop an appreciation for physical education."", ""establish and maintain standards of behavior to create safe, orderly, and effective environments for learning."", ""provide adapted physical education services to students with intellectual disabilities, autism, traumatic brain injury, orthopedic impairments, or other disabling condition."", ""assess students' physical progress or needs."", ""assist in screening or placement of students in adapted physical education programs."", ""evaluate the motor needs of individual students to determine their need for adapted physical education services."", ""collaborate with other educational personnel to provide inclusive activities or programs for children with disabilities."", ""maintain thorough student records to document attendance, participation, or progress, ensuring confidentiality of all records."", ""advise education professionals of students' physical abilities or disabilities and the accommodations required to enhance their school performance."", ""communicate behavioral observations and student progress reports to students, parents, teachers, or administrators."", ""write or modify individualized education plans (ieps) for students with intellectual or physical disabilities."", ""write reports to summarize student performance, social growth, or physical development."", ""prepare lesson plans in accordance with individualized education plans (ieps) and the functional abilities or needs of students.""]"
25-3011.00,"Adult Basic Education, Adult Secondary Education, and English as a Second Language Instructors","Teach or instruct out-of-school youths and adults in basic education, literacy, or English as a Second Language classes, or in classes for earning a high school equivalency credential.","[""instructing""]","[""observe and evaluate students' work to determine progress and make suggestions for improvement."", ""observe students to determine qualifications, limitations, abilities, interests, and other individual characteristics."", ""establish clear objectives for all lessons, units, and projects and communicate those objectives to students."", ""adapt teaching methods and instructional materials to meet students' varying needs, abilities, and interests."", ""prepare students for further education by encouraging them to explore learning opportunities and to persevere with challenging tasks."", ""prepare materials and classrooms for class activities."", ""instruct students individually and in groups, using various teaching methods, such as lectures, discussions, and demonstrations."", ""plan and conduct activities for a balanced program of instruction, demonstration, and work time that provides students with opportunities to observe, question, and investigate."", ""assign and grade class work and homework."", ""maintain accurate and complete student records as required by laws or administrative policies."", ""conduct classes, workshops, and demonstrations to teach principles, techniques, or methods in subjects, such as basic english language skills, life skills, and workforce entry skills.""]"
25-3041.00,Tutors,Instruct individual students or small groups of students in academic subjects to support formal class instruction or to prepare students for standardized or admissions tests.,"[""reading comprehension"", ""active listening"", ""speaking"", ""learning strategies"", ""instructing""]","[""provide feedback to students, using positive reinforcement techniques to encourage, motivate, or build confidence in students."", ""review class material with students by discussing text, working solutions to problems, or reviewing worksheets or other assignments."", ""assess students' progress throughout tutoring sessions."", ""teach students study skills, note-taking skills, and test-taking strategies."", ""provide private instruction to individual or small groups of students to improve academic performance, improve occupational skills, or prepare for academic or occupational tests."", ""participate in training and development sessions to improve tutoring practices or learn new tutoring techniques."", ""collaborate with students, parents, teachers, school administrators, or counselors to determine student needs, develop tutoring plans, or assess student progress."", ""monitor student performance or assist students in academic environments, such as classrooms, laboratories, or computing centers.""]"
25-4011.00,Archivists,"Appraise, edit, and direct safekeeping of permanent records and historically valuable documents. Participate in research activities based on archival materials.","[""reading comprehension""]","[""organize archival records and develop classification systems to facilitate access to archival materials."", ""provide reference services and assistance for users needing archival materials."", ""prepare archival records, such as document descriptions, to allow easy access to information."", ""create and maintain accessible, retrievable computer archives and databases, incorporating current advances in electronic information storage technology."", ""establish and administer policy guidelines concerning public access and use of materials."", ""direct activities of workers who assist in arranging, cataloguing, exhibiting, and maintaining collections of valuable materials."", ""preserve records, documents, and objects, copying records to film, videotape, audiotape, disk, or computer formats as necessary."", ""research and record the origins and historical significance of archival materials.""]"
25-4012.00,Curators,"Administer collections, such as artwork, collectibles, historic items, or scientific specimens of museums or other institutions. May conduct instructional, research, or public service activities of institution.","[""reading comprehension"", ""speaking""]","[""plan and organize the acquisition, storage, and exhibition of collections and related materials, including the selection of exhibition themes and designs, and develop or install exhibit materials."", ""develop and maintain an institution's registration, cataloging, and basic record-keeping systems, using computer databases."", ""plan and conduct special research projects in area of interest or expertise.""]"
25-9021.00,Farm and Home Management Educators,"Instruct and advise individuals and families engaged in agriculture, agricultural-related processes, or home management activities. Demonstrate procedures and apply research findings to advance agricultural and home management activities. May develop educational outreach programs. May instruct on either agricultural issues such as agricultural processes and techniques, pest management, and food safety, or on home management issues such as budgeting, nutrition, and child development.","[""reading comprehension"", ""active listening"", ""speaking""]","[""advise farmers and demonstrate techniques in areas such as feeding and health maintenance of livestock, growing and harvesting practices, and financial planning."", ""conduct classes or deliver lectures on subjects such as nutrition, home management, and farming techniques."", ""collaborate with producers to diagnose and prevent management and production problems."", ""research information requested by farmers."", ""collect and evaluate data to determine community program needs."", ""act as an advocate for farmers or farmers' groups.""]"
25-9031.00,Instructional Coordinators,"Develop instructional material, coordinate educational content, and incorporate current technology into instruction in order to provide guidelines to educators and instructors for developing curricula and conducting courses. May train and coach teachers. Includes educational consultants and specialists, and instructional material directors.","[""reading comprehension"", ""active listening"", ""writing"", ""speaking"", ""learning strategies"", ""monitoring"", ""instructing""]","[""observe work of teaching staff to evaluate performance and to recommend changes that could strengthen teaching skills."", ""plan and conduct teacher training programs and conferences dealing with new classroom procedures, instructional materials and equipment, and teaching aids."", ""interpret and enforce provisions of state education codes and rules and regulations of state education boards."", ""conduct or participate in workshops, committees, and conferences designed to promote the intellectual, social, and physical welfare of students."", ""advise teaching and administrative staff in curriculum development, use of materials and equipment, and implementation of state and federal programs and procedures.""]"
27-1011.00,Art Directors,"Formulate design concepts and presentation approaches for visual productions and media, such as print, broadcasting, video, and film. Direct workers engaged in artwork or layout design.","[""active listening"", ""speaking""]","[""work with creative directors to develop design solutions."", ""present final layouts to clients for approval."", ""manage own accounts and projects, working within budget and scheduling requirements."", ""confer with creative, art, copywriting, or production department heads to discuss client requirements and presentation concepts and to coordinate creative activities."", ""confer with clients to determine objectives, budget, background information, and presentation approaches, styles, and techniques."", ""formulate basic layout design or presentation approach and specify material details, such as style and size of type, photographs, graphics, animation, video, and sound."", ""review and approve art materials, copy materials, and proofs of printed copy developed by staff members."", ""create custom illustrations or other graphic elements."", ""attend photo shoots and printing sessions to ensure that the products needed are obtained."", ""review illustrative material to determine if it conforms to standards and specifications.""]"
27-1021.00,Commercial and Industrial Designers,"Design and develop manufactured products, such as cars, home appliances, and children's toys. Combine artistic talent with research on product use, marketing, and materials to create the most functional and appealing product design.","[""active listening""]","[""prepare sketches of ideas, detailed drawings, illustrations, artwork, or blueprints, using drafting instruments, paints and brushes, or computer-aided design equipment."", ""modify and refine designs, using working models, to conform with customer specifications, production limitations, or changes in design trends."", ""evaluate feasibility of design ideas, based on factors such as appearance, safety, function, serviceability, budget, production costs/methods, and market characteristics.""]"
27-1023.00,Floral Designers,"Design, cut, and arrange live, dried, or artificial flowers and foliage.","[""active listening""]","[""confer with clients regarding price and type of arrangement desired and the date, time, and place of delivery."", ""select flora and foliage for arrangements, working with numerous combinations to synthesize and develop new creations."", ""order and purchase flowers and supplies from wholesalers and growers."", ""deliver arrangements to customers, or oversee employees responsible for deliveries."", ""plan arrangement according to client's requirements, using knowledge of design and properties of materials, or select appropriate standard design pattern."", ""water plants, and cut, condition, and clean flowers and foliage for storage."", ""trim material and arrange bouquets, wreaths, terrariums, and other items, using trimmers, shapers, wire, pins, floral tape, foam, and other materials."", ""wrap and price completed arrangements."", ""perform office and retail service duties, such as keeping financial records, serving customers, answering telephones, selling giftware items, and receiving payment."", ""unpack stock as it comes into the shop.""]"
27-1025.00,Interior Designers,"Plan, design, and furnish the internal space of rooms or buildings. Design interior environments or create physical layouts that are practical, aesthetic, and conducive to the intended purposes. May specialize in a particular field, style, or phase of interior design.","[""reading comprehension"", ""active listening"", ""speaking"", ""critical thinking""]","[""design plans to be safe and to be compliant with the american disabilities act (ada)."", ""use computer-aided drafting (cad) and related software to produce construction documents."", ""research health and safety code requirements to inform design."", ""confer with client to determine factors affecting planning of interior environments, such as budget, architectural preferences, purpose, and function."", ""advise client on interior design factors, such as space planning, layout and use of furnishings or equipment, and color coordination."", ""coordinate with other professionals, such as contractors, architects, engineers, and plumbers, to ensure job success."", ""review and detail shop drawings for construction plans."", ""inspect construction work on site to ensure its adherence to the design plans."", ""render design ideas in form of paste-ups or drawings."", ""subcontract fabrication, installation, and arrangement of carpeting, fixtures, accessories, draperies, paint and wall coverings, art work, furniture, and related items.""]"
27-2012.00,Producers and Directors,"Produce or direct stage, television, radio, video, or film productions for entertainment, information, or instruction. Responsible for creative decisions, such as interpretation of script, choice of actors or guests, set design, sound, special effects, and choreography.","[""reading comprehension"", ""active listening"", ""speaking"", ""critical thinking"", ""monitoring""]","[""plan details such as framing, composition, camera movement, sound, and actor movement for each shot or scene."", ""communicate to actors the approach, characterization, and movement needed for each scene in such a way that rehearsals and takes are minimized."", ""direct live broadcasts, films and recordings, or non-broadcast programming for public entertainment or education."", ""research production topics using the internet, video archives, and other informational sources."", ""review film, recordings, or rehearsals to ensure conformance to production and broadcast standards."", ""study and research scripts to determine how they should be directed."", ""supervise and coordinate the work of camera, lighting, design, and sound crew members."", ""confer with technical directors, managers, crew members, and writers to discuss details of production, such as photography, script, music, sets, and costumes.""]"
27-2012.03,Media Programming Directors,"Direct and coordinate activities of personnel engaged in preparation of radio or television station program schedules and programs, such as sports or news.","[""reading comprehension"", ""speaking"", ""critical thinking"", ""coordination"", ""judgment and decision making"", ""time management""]","[""operate and maintain on-air and production audio equipment."", ""check completed program logs for accuracy and conformance with federal communications commission (fcc) rules and regulations and resolve program log inaccuracies."", ""read news, read or record public service and promotional announcements, or perform other on-air duties."", ""direct and coordinate activities of personnel engaged in broadcast news, sports, or programming."", ""monitor and review programming to ensure that schedules are met, guidelines are adhered to, and performances are of adequate quality."", ""prepare copy and edit tape so that material is ready for broadcasting.""]"
27-2012.04,Talent Directors,"Audition and interview performers to select most appropriate talent for parts in stage, television, radio, or motion picture productions.","[""active listening"", ""speaking""]","[""audition and interview performers to match their attributes to specific roles or to increase the pool of available acting talent."", ""prepare actors for auditions by providing scripts and information about roles and casting requirements."", ""select performers for roles or submit lists of suitable performers to producers or directors for final selection."", ""contact agents and actors to provide notification of audition and performance opportunities and to set up audition times."", ""serve as liaisons between directors, actors, and agents."", ""negotiate contract agreements with performers, with agents, or between performers and agents or production companies."", ""arrange for or design screen tests or auditions for prospective performers."", ""review performer information, such as photos, resumes, voice tapes, videos, and union membership, to decide whom to audition for parts.""]"
27-2012.05,Media Technical Directors/Managers,"Coordinate activities of technical departments, such as taping, editing, engineering, and maintenance, to produce radio or television programs.","[""active listening"", ""speaking"", ""monitoring"", ""coordination""]","[""switch between video sources in a studio or on multi-camera remotes, using equipment such as switchers, video slide projectors, and video effects generators."", ""observe pictures through monitors and direct camera and video staff concerning shading and composition."", ""supervise and assign duties to workers engaged in technical control and production of radio and television programs."", ""monitor broadcasts to ensure that programs conform to station or network policies and regulations."", ""operate equipment to produce programs or broadcast live programs from remote locations."", ""test equipment to ensure proper operation.""]"
27-2022.00,Coaches and Scouts,Instruct or coach groups or individuals in the fundamentals of sports for the primary purpose of competition. Demonstrate techniques and methods of participation. May evaluate athletes' strengths and weaknesses as possible recruits or to improve the athletes' technique to prepare them for competition. Those required to hold teaching certifications should be reported in the appropriate teaching category.,"[""reading comprehension"", ""active listening"", ""speaking"", ""critical thinking"", ""learning strategies"", ""monitoring"", ""social perceptiveness"", ""instructing"", ""judgment and decision making""]","[""plan, organize, and conduct practice sessions."", ""provide training direction, encouragement, motivation, and nutritional advice to prepare athletes for games, competitive events, or tours."", ""adjust coaching techniques, based on the strengths and weaknesses of athletes."", ""instruct individuals or groups in sports rules, game strategies, and performance principles, such as specific ways of moving the body, hands, or feet, to achieve desired results."", ""plan strategies and choose team members for individual games or sports seasons."", ""monitor the academic eligibility of student athletes."", ""counsel student athletes on academic, athletic, and personal issues."", ""analyze the strengths and weaknesses of opposing teams to develop game strategies."", ""coordinate travel arrangements and travel with team to away contests."", ""evaluate athletes' skills and review performance records to determine their fitness and potential in a particular area of athletics."", ""monitor athletes' use of equipment to ensure safe and proper use."", ""keep abreast of changing rules, techniques, technologies, and philosophies relevant to their sport."", ""explain and enforce safety rules and regulations.""]"
27-2032.00,Choreographers,Create new dance routines. Rehearse performance of routines. May direct and stage presentations.,"[""instructing""]","[""direct rehearsals to instruct dancers in dance steps and in techniques to achieve desired effects."", ""advise dancers on standing and moving properly, teaching correct dance techniques to help prevent injuries."", ""teach students, dancers, and other performers about rhythm and interpretive movement."", ""record dance movements and their technical aspects, using a technical understanding of the patterns and formations of choreography."", ""direct and stage dance presentations for various forms of entertainment."", ""choose the music, sound effects, or spoken narrative to accompany a dance.""]"
27-3011.00,Broadcast Announcers and Radio Disc Jockeys,"Speak or read from scripted materials, such as news reports or commercial messages, on radio, television, or other communications media. May play and queue music, announce artist or title of performance, identify station, or interview guests.","[""reading comprehension"", ""active listening"", ""speaking""]","[""operate control consoles."", ""record commercials for later broadcast."", ""announce musical selections, station breaks, commercials, or public service information, and accept requests from listening audience."", ""study background information to prepare for programs or interviews."", ""read news flashes to inform audiences of important events."", ""identify stations, and introduce or close shows, ad-libbing or using memorized or read scripts."", ""prepare and deliver news, sports, or weather reports, gathering and rewriting material so that it will convey required information and fit specific time slots."", ""select program content, in conjunction with producers and assistants, based on factors such as program specialties, audience tastes, or requests from the public."", ""comment on music and other matters, such as weather or traffic conditions."", ""develop story lines for broadcasts."", ""discuss various topics over the telephone with viewers or listeners.""]"
27-3023.00,"News Analysts, Reporters, and Journalists","Narrate or write news stories, reviews, or commentary for print, broadcast, or other communications media such as newspapers, magazines, radio, or television. May collect and analyze information through interview, investigation, or observation.","[""reading comprehension"", ""writing"", ""speaking""]","[""write commentaries, columns, or scripts, using computers."", ""coordinate and serve as an anchor on news broadcast programs."", ""examine news items of local, national, and international significance to determine topics to address, or obtain assignments from editorial staff members."", ""analyze and interpret news and information received from various sources to broadcast the information."", ""receive assignments or evaluate leads or tips to develop story ideas."", ""research a story's background information to provide complete and accurate information."", ""arrange interviews with people who can provide information about a story."", ""gather information and develop perspectives about news subjects through research, interviews, observation, and experience."", ""select material most pertinent to presentation, and organize this material into appropriate formats."", ""present news stories, and introduce in-depth videotaped segments or live transmissions from on-the-scene reporters."", ""establish and maintain relationships with individuals who are credible sources of information."", ""report news stories for publication or broadcast, describing the background and details of events."", ""revise work to meet editorial approval or to fit time or space requirements."", ""review and evaluate notes taken about news events to isolate pertinent facts and details."", ""investigate breaking news developments, such as disasters, crimes, or human-interest stories."", ""review written, audio, or video copy, and correct errors in content, grammar, or punctuation, following prescribed editorial style and formatting guidelines."", ""report on specialized fields such as medicine, green technology, environmental issues, science, politics, sports, arts, consumer affairs, business, religion, crime, or education.""]"
27-3031.00,Public Relations Specialists,"Promote or create an intended public image for individuals, groups, or organizations. May write or select material for release to various communications media. May specialize in using social media.","[""reading comprehension"", ""active listening"", ""writing"", ""speaking"", ""social perceptiveness""]","[""respond to requests for information from the media or designate an appropriate spokesperson or information source."", ""plan or direct development or communication of programs to maintain favorable public or stockholder perceptions of an organization's accomplishments, agenda, or environmental responsibility."", ""post and update content on the company's web site and social media outlets."", ""write press releases or other media communications to promote clients."", ""establish or maintain cooperative relationships with representatives of community, consumer, employee, or public interest groups."", ""confer with other managers to identify trends or key group interests or concerns or to provide advice on business decisions."", ""coach client representatives in effective communication with the public or with employees."", ""study the objectives, promotional policies, or needs of organizations to develop public relations strategies that will influence public opinion or promote ideas, products, or services.""]"
27-3041.00,Editors,"Plan, coordinate, revise, or edit written material. May review proposals and drafts for possible publication.","[""reading comprehension"", ""writing""]","[""read copy or proof to detect and correct errors in spelling, punctuation, and syntax."", ""verify facts, dates, and statistics, using standard reference sources."", ""read, evaluate and edit manuscripts or other materials submitted for publication, and confer with authors regarding changes in content, style or organization, or publication."", ""develop story or content ideas, considering reader or audience appeal."", ""prepare, rewrite and edit copy to improve readability, or supervise others who do this work."", ""oversee publication production, including artwork, layout, computer typesetting, and printing, ensuring adherence to deadlines and budget requirements."", ""write text, such as stories, articles, editorials, or newsletters."", ""supervise and coordinate work of reporters and other editors."", ""confer with management and editorial staff members regarding placement and emphasis of developing news stories."", ""plan the contents of publications according to the publication's style, editorial policy, and publishing requirements.""]"
27-3042.00,Technical Writers,"Write technical materials, such as equipment manuals, appendices, or operating and maintenance instructions. May assist in layout work.","[""reading comprehension"", ""writing""]","[""organize material and complete writing assignment according to set standards regarding order, clarity, conciseness, style, and terminology."", ""maintain records and files of work and revisions."", ""edit, standardize, or make changes to material prepared by other writers or establishment personnel."", ""select photographs, drawings, sketches, diagrams, and charts to illustrate material.""]"
27-3043.00,Writers and Authors,"Originate and prepare written material, such as scripts, stories, advertisements, and other material.","[""reading comprehension"", ""writing""]","[""develop advertising campaigns for a wide range of clients, working with an advertising agency's creative director and art director to determine the best way to present advertising information."", ""vary language and tone of messages based on product and medium."", ""present drafts and ideas to clients."", ""discuss with the client the product, advertising themes and methods, and any changes that should be made in advertising copy.""]"
27-3043.05,"Poets, Lyricists and Creative Writers","Create original written works, such as scripts, essays, prose, poetry or song lyrics, for publication or performance.","[""reading comprehension"", ""writing""]","[""write fiction or nonfiction prose, such as short stories, novels, biographies, articles, descriptive or critical analyses, and essays."", ""develop factors such as themes, plots, characterizations, psychological analyses, historical environments, action, and dialogue to create material."", ""revise written material to meet personal standards and to satisfy needs of clients, publishers, directors, or producers."", ""choose subject matter and suitable form to express personal feelings and experiences or ideas, or to narrate stories or events."", ""prepare works in appropriate format for publication, and send them to publishers or producers."", ""conduct research to obtain factual information and authentic detail, using sources such as newspaper accounts, diaries, and interviews."", ""confer with clients, editors, publishers, or producers to discuss changes or revisions to written material."", ""plan project arrangements or outlines, and organize material accordingly.""]"
27-3091.00,Interpreters and Translators,"Interpret oral or sign language, or translate written text from one language into another.","[""active listening"", ""speaking""]","[""follow ethical codes that protect the confidentiality of information."", ""translate messages simultaneously or consecutively into specified languages, orally or by using hand signs, maintaining message content, context, and style as much as possible."", ""listen to speakers' statements to determine meanings and to prepare translations, using electronic listening systems as necessary."", ""compile terminology and information to be used in translations, including technical terms such as those for legal or medical material."", ""refer to reference materials, such as dictionaries, lexicons, encyclopedias, and computerized terminology banks, as needed to ensure translation accuracy."", ""check translations of technical terms and terminology to ensure that they are accurate and remain consistent throughout translation revisions."", ""identify and resolve conflicts related to the meanings of words, concepts, practices, or behaviors."", ""compile information on content and context of information to be translated and on intended audience.""]"
27-3092.00,Court Reporters and Simultaneous Captioners,"Use verbatim methods and equipment to capture, store, retrieve, and transcribe pretrial and trial proceedings or other information. Includes stenocaptioners who operate computerized stenographic captioning equipment to provide captions of live or prerecorded broadcasts for hearing-impaired viewers.","[""active listening""]","[""record verbatim proceedings of courts, legislative assemblies, committee meetings, and other proceedings, using computerized recording equipment, electronic stenograph machines, or stenomasks."", ""proofread transcripts for correct spelling of words."", ""ask speakers to clarify inaudible statements."", ""provide transcripts of proceedings upon request of judges, lawyers, or the public."", ""transcribe recorded proceedings in accordance with established formats."", ""log and store exhibits from court proceedings."", ""file and store shorthand notes of court session."", ""file a legible transcript of records of a court case with the court clerk's office."", ""verify accuracy of transcripts by checking copies against original records of proceedings and accuracy of rulings by checking with judges."", ""respond to requests during court sessions to read portions of the proceedings already recorded.""]"
29-1011.00,Chiropractors,"Assess, treat, and care for patients by manipulation of spine and musculoskeletal system. May provide spinal adjustment or address sacral or pelvic misalignment.","[""active listening""]","[""evaluate the functioning of the neuromuscularskeletal system and the spine using systems of chiropractic diagnosis."", ""diagnose health problems by reviewing patients' health and medical histories, questioning, observing, and examining patients and interpreting x-rays."", ""perform a series of manual adjustments to the spine or other articulations of the body to correct the musculoskeletal system."", ""obtain and record patients' medical histories."", ""maintain accurate case histories of patients."", ""advise patients about recommended courses of treatment."", ""analyze x-rays to locate the sources of patients' difficulties and to rule out fractures or diseases as sources of problems."", ""counsel patients about nutrition, exercise, sleeping habits, stress management, or other matters."", ""consult with or refer patients to appropriate health practitioners when necessary."", ""recommend and arrange for diagnostic procedures, such as blood chemistry tests, saliva tests, x-rays, or other imaging procedures.""]"
29-1021.00,"Dentists, General","Examine, diagnose, and treat diseases, injuries, and malformations of teeth and gums. May treat diseases of nerve, pulp, and other dental tissues affecting oral hygiene and retention of teeth. May fit dental appliances or provide preventive care.","[""reading comprehension"", ""active listening"", ""speaking"", ""critical thinking"", ""monitoring"", ""complex problem solving"", ""judgment and decision making""]","[""use masks, gloves, and safety glasses to protect patients and self from infectious diseases."", ""examine teeth, gums, and related tissues, using dental instruments, x-rays, or other diagnostic equipment, to evaluate dental health, diagnose diseases or abnormalities, and plan appropriate treatments."", ""administer anesthetics to limit the amount of pain experienced by patients during procedures."", ""use dental air turbines, hand instruments, dental appliances, or surgical implements."", ""formulate plan of treatment for patient's teeth and mouth tissue."", ""diagnose and treat diseases, injuries, or malformations of teeth, gums, or related oral structures and provide preventive or corrective services."", ""write prescriptions for antibiotics or other medications."", ""advise or instruct patients regarding preventive dental care, the causes and treatment of dental problems, or oral health care services."", ""design, make, or fit prosthodontic appliances, such as space maintainers, bridges, or dentures, or write fabrication instructions or prescriptions for denturists or dental technicians."", ""fill pulp chamber and canal with endodontic materials."", ""treat exposure of pulp by pulp capping, removal of pulp from pulp chamber, or root canal, using dental instruments."", ""remove diseased tissue, using surgical instruments."", ""manage business aspects such as employing or supervising staff or handling paperwork or insurance claims."", ""analyze or evaluate dental needs to determine changes or trends in patterns of dental disease."", ""apply fluoride or sealants to teeth."", ""eliminate irritating margins of fillings and correct occlusions, using dental instruments.""]"
29-1022.00,Oral and Maxillofacial Surgeons,"Perform surgery and related procedures on the hard and soft tissues of the oral and maxillofacial regions to treat diseases, injuries, or defects. May diagnose problems of the oral and maxillofacial regions. May perform surgery to improve function or appearance.","[""reading comprehension"", ""critical thinking"", ""complex problem solving"", ""judgment and decision making""]","[""administer general and local anesthetics."", ""collaborate with other professionals, such as restorative dentists and orthodontists, to plan treatment."", ""evaluate the position of the wisdom teeth to determine whether problems exist currently or might occur in the future."", ""perform surgery to prepare the mouth for dental implants and to aid in the regeneration of deficient bone and gum tissues."", ""remove impacted, damaged, and non-restorable teeth."", ""treat infections of the oral cavity, salivary glands, jaws, and neck."", ""remove tumors and other abnormal growths of the oral and facial regions, using surgical instruments."", ""provide emergency treatment of facial injuries including facial lacerations, intra-oral lacerations, and fractured facial bones."", ""treat problems affecting the oral mucosa, such as mouth ulcers and infections.""]"
29-1023.00,Orthodontists,"Examine, diagnose, and treat dental malocclusions and oral cavity anomalies. Design and fabricate appliances to realign teeth and jaws to produce and maintain normal function and to improve appearance.","[""active listening"", ""speaking"", ""critical thinking"", ""monitoring"", ""complex problem solving""]","[""diagnose teeth and jaw or other dental-facial abnormalities."", ""examine patients to assess abnormalities of jaw development, tooth position, and other dental-facial structures."", ""study diagnostic records, such as medical or dental histories, plaster models of the teeth, photos of a patient's face and teeth, and x-rays, to develop patient treatment plans."", ""fit dental appliances in patients' mouths to alter the position and relationship of teeth and jaws or to realign teeth."", ""adjust dental appliances to produce and maintain normal function."", ""provide patients with proposed treatment plans and cost estimates."", ""advise patients to comply with treatment plans."", ""prepare diagnostic and treatment records."", ""instruct dental officers and technical assistants in orthodontic procedures and techniques."", ""coordinate orthodontic services with other dental and medical services."", ""design and fabricate appliances, such as space maintainers, retainers, and labial and lingual arch wires.""]"
29-1024.00,Prosthodontists,"Diagnose, treat, rehabilitate, design, and fit prostheses that maintain oral function, health, and appearance for patients with clinical conditions associated with teeth, oral and maxillofacial tissues, or the jaw.","[""active listening"", ""speaking"", ""critical thinking""]","[""examine patients to diagnose oral health conditions and diseases."", ""fit prostheses to patients, making any necessary adjustments and modifications."", ""replace missing teeth and associated oral structures with permanent fixtures, such as implant-supported prostheses, crowns and bridges, or removable fixtures, such as dentures."", ""measure and take impressions of patients' jaws and teeth to determine the shape and size of dental prostheses, using face bows, dental articulators, recording devices, and other materials."", ""collaborate with general dentists, specialists, and other health professionals to develop solutions to dental and oral health concerns."", ""design and fabricate dental prostheses, or supervise dental technicians and laboratory bench workers who construct the devices."", ""restore function and aesthetics to traumatic injury survivors, or to individuals with diseases or congenital disabilities."", ""repair, reline, or rebase dentures."", ""use bonding technology on the surface of the teeth to change tooth shape or to close gaps."", ""treat facial pain and jaw joint problems.""]"
29-1031.00,Dietitians and Nutritionists,"Plan and conduct food service or nutritional programs to assist in the promotion of health and control of disease. May supervise activities of a department providing quantity food services, counsel individuals, or conduct nutritional research.","[""reading comprehension"", ""active listening"", ""speaking"", ""critical thinking"", ""social perceptiveness"", ""judgment and decision making""]","[""assess nutritional needs, diet restrictions, and current health plans to develop and implement dietary-care plans and provide nutritional counseling."", ""evaluate laboratory tests in preparing nutrition recommendations."", ""counsel individuals and groups on basic rules of good nutrition, healthy eating habits, and nutrition monitoring to improve their quality of life."", ""advise patients and their families on nutritional principles, dietary plans, diet modifications, and food selection and preparation."", ""incorporate patient cultural, ethnic, or religious preferences and needs in the development of nutrition plans."", ""consult with physicians and health care personnel to determine nutritional needs and diet restrictions of patient or client."", ""record and evaluate patient and family health and food history, including symptoms, environmental toxic exposure, allergies, medication factors, and preventive health-care measures.""]"
29-1041.00,Optometrists,"Diagnose, manage, and treat conditions and diseases of the human eye and visual system. Examine eyes and visual system, diagnose problems or impairments, prescribe corrective lenses, and provide treatment. May prescribe therapeutic drugs to treat specific eye conditions.","[""reading comprehension"", ""active listening"", ""writing"", ""speaking"", ""critical thinking""]","[""examine eyes, using observation, instruments, and pharmaceutical agents, to determine visual acuity and perception, focus, and coordination and to diagnose diseases and other abnormalities, such as glaucoma or color blindness."", ""analyze test results and develop a treatment plan."", ""prescribe, supply, fit and adjust eyeglasses, contact lenses, and other vision aids."", ""prescribe medications to treat eye diseases if state laws permit."", ""educate and counsel patients on contact lens care, visual hygiene, lighting arrangements, and safety factors."", ""remove foreign bodies from the eye."", ""provide patients undergoing eye surgeries, such as cataract and laser vision correction, with pre- and post-operative care."", ""consult with and refer patients to ophthalmologist or other health care practitioner if additional medical treatment is determined necessary."", ""prescribe therapeutic procedures to correct or conserve vision."", ""provide vision therapy and low-vision rehabilitation.""]"
29-1051.00,Pharmacists,"Dispense drugs prescribed by physicians and other health practitioners and provide information to patients about medications and their use. May advise physicians and other health practitioners on the selection, dosage, interactions, and side effects of medications.","[""reading comprehension"", ""active listening"", ""speaking""]","[""review prescriptions to assure accuracy, to ascertain the needed ingredients, and to evaluate their suitability."", ""assess the identity, strength, or purity of medications."", ""provide information and advice regarding drug interactions, side effects, dosage, and proper medication storage."", ""analyze prescribing trends to monitor patient compliance and to prevent excessive usage or harmful interactions."", ""maintain records, such as pharmacy files, patient profiles, charge system files, inventories, control records for radioactive nuclei, or registries of poisons, narcotics, or controlled drugs."", ""collaborate with other health care professionals to plan, monitor, review, or evaluate the quality or effectiveness of drugs or drug regimens, providing advice on drug applications or characteristics."", ""plan, implement, or maintain procedures for mixing, packaging, or labeling pharmaceuticals, according to policy and legal requirements, to ensure quality, security, and proper disposal."", ""order and purchase pharmaceutical supplies, medical supplies, or drugs, maintaining stock and storing and handling it properly."", ""compound and dispense medications as prescribed by doctors and dentists, by calculating, weighing, measuring, and mixing ingredients, or oversee these activities."", ""contact insurance companies to resolve billing issues.""]"
29-1071.00,Physician Assistants,"Provide healthcare services typically performed by a physician, under the supervision of a physician. Conduct complete physicals, provide treatment, and counsel patients. May, in some cases, prescribe medication. Must graduate from an accredited educational program for physician assistants.","[""reading comprehension"", ""active listening"", ""writing"", ""speaking"", ""critical thinking"", ""social perceptiveness"", ""service orientation"", ""judgment and decision making""]","[""make tentative diagnoses and decisions about management and treatment of patients."", ""interpret diagnostic test results for deviations from normal."", ""prescribe therapy or medication with physician approval."", ""obtain, compile, and record patient medical data, including health history, progress notes, and results of physical examination."", ""examine patients to obtain information about their physical condition."", ""administer or order diagnostic tests, such as x-ray, electrocardiogram, and laboratory tests."", ""instruct and counsel patients about prescribed therapeutic regimens, normal growth and development, family planning, emotional problems of daily living, and health maintenance."", ""perform therapeutic procedures, such as injections, immunizations, suturing and wound care, and infection management."", ""visit and observe patients on hospital rounds or house calls, updating charts, ordering therapy, and reporting back to physician."", ""provide physicians with assistance during surgery or complicated medical procedures.""]"
29-1071.01,Anesthesiologist Assistants,Assist anesthesiologists in the administration of anesthesia for surgical and non-surgical procedures. Monitor patient status and provide patient care during surgical treatment.,"[""active listening""]","[""provide airway management interventions including tracheal intubation, fiber optics, or ventilary support."", ""respond to emergency situations by providing cardiopulmonary resuscitation (cpr), basic cardiac life support (bls), advanced cardiac life support (acls), or pediatric advanced life support (pals)."", ""verify availability of operating room supplies, medications, and gases."", ""pretest and calibrate anesthesia delivery systems and monitors.""]"
29-1081.00,Podiatrists,Diagnose and treat diseases and deformities of the human foot.,"[""reading comprehension"", ""active listening"", ""speaking"", ""critical thinking"", ""active learning""]","[""treat bone, muscle, and joint disorders affecting the feet and ankles."", ""diagnose diseases and deformities of the foot using medical histories, physical examinations, x-rays, and laboratory test results."", ""advise patients about treatments and foot care techniques necessary for prevention of future problems."", ""prescribe medications, corrective devices, physical therapy, or surgery."", ""surgically treat conditions such as corns, calluses, ingrown nails, tumors, shortened tendons, bunions, cysts, or abscesses."", ""refer patients to physicians when symptoms indicative of systemic disorders, such as arthritis or diabetes, are observed in feet and legs."", ""make and fit prosthetic appliances."", ""correct deformities by means of plaster casts and strapping.""]"
29-1122.00,Occupational Therapists,"Assess, plan, and organize rehabilitative programs that help build or restore vocational, homemaking, and daily living skills, as well as general independence, to persons with disabilities or developmental delays. Use therapeutic techniques, adapt the individual's environment, teach skills, and modify specific tasks that present barriers to the individual.","[""reading comprehension"", ""active listening"", ""writing"", ""speaking"", ""critical thinking"", ""monitoring"", ""social perceptiveness"", ""instructing"", ""service orientation"", ""judgment and decision making""]","[""test and evaluate patients' physical and mental abilities and analyze medical data to determine realistic rehabilitation goals for patients."", ""complete and maintain necessary records."", ""plan, organize, and conduct occupational therapy programs in hospital, institutional, or community settings to help rehabilitate persons with disabilities because of illness, injury or psychological or developmental problems."", ""plan and implement programs and social activities to help patients learn work or school skills and adjust to handicaps."", ""select activities that will help individuals learn work and life-management skills within limits of their mental or physical capabilities."", ""evaluate patients' progress and prepare reports that detail progress."", ""train caregivers in providing for the needs of a patient during and after therapy."", ""lay out materials such as puzzles, scissors and eating utensils for use in therapy, and clean and repair these tools after therapy sessions."", ""consult with rehabilitation team to select activity programs or coordinate occupational therapy with other therapeutic activities."", ""design and create, or requisition, special supplies and equipment, such as splints, braces, and computer-aided adaptive equipment."", ""recommend changes in patients' work or living environments, consistent with their needs and capabilities.""]"
29-1122.01,"Low Vision Therapists, Orientation and Mobility Specialists, and Vision Rehabilitation Therapists","Provide therapy to patients with visual impairments to improve their functioning in daily life activities. May train patients in activities such as computer use, communication skills, or home management skills.","[""active listening"", ""speaking"", ""learning strategies""]","[""teach cane skills, including cane use with a guide, diagonal techniques, and two-point touches."", ""recommend appropriate mobility devices or systems, such as human guides, dog guides, long canes, electronic travel aids (etas), and other adaptive mobility devices (amds)."", ""train clients with visual impairments to use mobility devices or systems, such as human guides, dog guides, electronic travel aids (etas), and other adaptive mobility devices (amds)."", ""develop rehabilitation or instructional plans collaboratively with clients, based on results of assessments, needs, and goals."", ""write reports or complete forms to document assessments, training, progress, or follow-up outcomes."", ""train clients to use tactile, auditory, kinesthetic, olfactory, and proprioceptive information."", ""assess clients' functioning in areas such as vision, orientation and mobility skills, social and emotional issues, cognition, physical abilities, and personal goals."", ""teach clients to travel independently, using a variety of actual or simulated travel situations or exercises."", ""teach self-advocacy skills to clients."", ""provide consultation, support, or education to groups such as parents and teachers."", ""teach independent living skills or techniques, such as adaptive eating, medication management, diabetes management, and personal management."", ""monitor clients' progress to determine whether changes in rehabilitation plans are needed."", ""identify visual impairments related to basic life skills in areas such as self care, literacy, communication, health management, home management, and meal preparation."", ""design instructional programs to improve communication, using devices such as slates and styluses, braillers, keyboards, adaptive handwriting devices, talking book machines, digital books, and optical character readers (ocrs)."", ""train clients to use adaptive equipment, such as large print, reading stands, lamps, writing implements, software, and electronic devices.""]"
29-1123.00,Physical Therapists,"Assess, plan, organize, and participate in rehabilitative programs that improve mobility, relieve pain, increase strength, and improve or correct disabling conditions resulting from disease or injury.","[""reading comprehension"", ""active listening"", ""speaking"", ""critical thinking"", ""social perceptiveness"", ""service orientation""]","[""plan, prepare, or carry out individually designed programs of physical treatment to maintain, improve, or restore physical functioning, alleviate pain, or prevent physical dysfunction in patients."", ""perform and document an initial exam, evaluating data to identify problems and determine a diagnosis prior to intervention."", ""record prognosis, treatment, response, and progress in patient's chart or enter information into computer."", ""instruct patient and family in treatment procedures to be continued at home."", ""evaluate effects of treatment at various stages and adjust treatments to achieve maximum benefit."", ""confer with the patient, medical practitioners, or appropriate others to plan, implement, or assess the intervention program."", ""administer manual exercises, massage, or traction to help relieve pain, increase patient strength, or decrease or prevent deformity or crippling."", ""obtain patients' informed consent to proposed interventions."", ""test and measure patient's strength, motor development and function, sensory perception, functional capacity, or respiratory or circulatory efficiency and record data."", ""direct, supervise, assess, and communicate with supportive personnel."", ""review physician's referral and patient's medical records to help determine diagnosis and physical therapy treatment required."", ""identify and document goals, anticipated progress, and plans for reevaluation."", ""provide information to the patient about the proposed intervention, its material risks and expected benefits, and any reasonable alternatives."", ""provide educational information about physical therapy or physical therapists, injury prevention, ergonomics, or ways to promote health."", ""inform patients and refer to appropriate practitioners when diagnosis reveals findings outside physical therapy."", ""discharge patient from physical therapy when goals or projected outcomes have been attained and provide for appropriate follow-up care or referrals.""]"
29-1125.00,Recreational Therapists,"Plan, direct, or coordinate medically-approved recreation programs for patients in hospitals, nursing homes, or other institutions. Activities include sports, trips, dramatics, social activities, and crafts. May assess a patient condition and recommend appropriate recreational activity.","[""active listening"", ""speaking"", ""social perceptiveness"", ""coordination"", ""service orientation""]","[""instruct patient in activities and techniques, such as sports, dance, music, art, or relaxation techniques, designed to meet their specific physical or psychological needs."", ""conduct therapy sessions to improve patients' mental and physical well-being."", ""plan, organize, direct, and participate in treatment programs and activities to facilitate patients' rehabilitation, help them integrate into the community, and prevent further medical problems."", ""observe, analyze, and record patients' participation, reactions, and progress during treatment sessions, modifying treatment programs as needed."", ""develop treatment plan to meet needs of patient, based on needs assessment, patient interests, and objectives of therapy."", ""obtain information from medical records, medical staff, family members and the patients, themselves, to assess patients' capabilities, needs and interests."", ""confer with members of treatment team to plan and evaluate therapy programs."", ""counsel and encourage patients to develop leisure activities."", ""encourage clients with special needs and circumstances to acquire new skills and get involved in health-promoting leisure activities, such as sports, games, arts and crafts, and gardening."", ""prepare and submit reports and charts to treatment team to reflect patients' reactions and evidence of progress or regression.""]"
29-1127.00,Speech-Language Pathologists,"Assess and treat persons with speech, language, voice, and fluency disorders. May select alternative communication systems and teach their use. May perform research related to speech and language problems.","[""reading comprehension"", ""active listening"", ""writing"", ""speaking"", ""critical thinking"", ""learning strategies"", ""social perceptiveness""]","[""evaluate hearing or speech and language test results, barium swallow results, or medical or background information to diagnose and plan treatment for speech, language, fluency, voice, or swallowing disorders."", ""write reports and maintain proper documentation of information, such as client medicaid or billing records or caseload activities, including the initial evaluation, treatment, progress, and discharge of clients."", ""monitor patients' progress and adjust treatments accordingly."", ""develop or implement treatment plans for problems such as stuttering, delayed language, swallowing disorders, or inappropriate pitch or harsh voice problems, based on own assessments and recommendations of physicians, psychologists, or social workers."", ""administer hearing or speech and language evaluations, tests, or examinations to patients to collect information on type and degree of impairments, using written or oral tests or special instruments."", ""educate patients and family members about various topics, such as communication techniques or strategies to cope with or to avoid personal misunderstandings."", ""supervise or collaborate with therapy team."", ""participate in and write reports for meetings regarding patients' progress, such as individualized educational planning (iep) meetings, in-service meetings, or intervention assistance team meetings."", ""teach clients to control or strengthen tongue, jaw, face muscles, or breathing mechanisms."", ""instruct clients in techniques for more effective communication, such as sign language, lip reading, or voice improvement."", ""consult with and advise educators or medical staff on speech or hearing topics, such as communication strategies or speech and language stimulation."", ""develop speech exercise programs to reduce disabilities."", ""complete administrative responsibilities, such as coordinating paperwork, scheduling case management activities, or writing lesson plans."", ""consult with and refer clients to additional medical or educational services."", ""design, develop, or employ alternative diagnostic or communication devices or strategies."", ""participate in conferences, training, continuing education courses, or publish research results to share knowledge of new hearing or speech disorder treatment methods or technologies.""]"
29-1128.00,Exercise Physiologists,"Assess, plan, or implement fitness programs that include exercise or physical activities such as those designed to improve cardiorespiratory function, body composition, muscular strength, muscular endurance, or flexibility.","[""reading comprehension"", ""active listening"", ""speaking"", ""critical thinking"", ""instructing""]","[""develop exercise programs to improve participant strength, flexibility, endurance, or circulatory functioning, in accordance with exercise science standards, regulatory requirements, and credentialing requirements."", ""provide emergency or other appropriate medical care to participants with symptoms or signs of physical distress."", ""demonstrate correct use of exercise equipment or performance of exercise routines."", ""recommend methods to increase lifestyle physical activity."", ""interpret exercise program participant data to evaluate progress or identify needed program changes."", ""prescribe individualized exercise programs, specifying equipment, such as treadmill, exercise bicycle, ergometers, or perceptual goggles."", ""provide clinical oversight of exercise for participants at all risk levels."", ""explain exercise program or physiological testing procedures to participants."", ""interview participants to obtain medical history or assess participant goals."", ""assess physical performance requirements to aid in the development of individualized recovery or rehabilitation exercise programs."", ""teach behavior modification classes related to topics such as stress management or weight control."", ""conduct stress tests, using electrocardiograph (ekg) machines.""]"
29-1129.01,Art Therapists,"Plan or conduct art therapy sessions or programs to improve clients' physical, cognitive, or emotional well-being.","[""active listening"", ""speaking"", ""social perceptiveness""]","[""observe and document client reactions, progress, or other outcomes related to art therapy."", ""design art therapy sessions or programs to meet client's goals or objectives."", ""conduct art therapy sessions, providing guided self-expression experiences to help clients recover from, or cope with, cognitive, emotional, or physical impairments."", ""confer with other professionals on client's treatment team to develop, coordinate, or integrate treatment plans."", ""assess client needs or disorders, using drawing, painting, sculpting, or other artistic processes."", ""talk with clients during art or other therapy sessions to build rapport, acknowledge their progress, or reflect upon their reactions to the artistic process."", ""develop individualized treatment plans that incorporate studio art therapy, counseling, or psychotherapy techniques."", ""write treatment plans, case summaries, or progress or other reports related to individual clients or client groups."", ""select or prepare artistic media or related equipment or devices to accomplish therapy session objectives."", ""analyze or synthesize client data to draw conclusions or make recommendations for art therapy."", ""interpret the artistic creations of clients to assess their functioning, needs, or progress."", ""customize art therapy programs for specific client populations, such as those in schools, nursing homes, wellness centers, prisons, shelters, or hospitals."", ""communicate client assessment findings and recommendations in oral, written, audio, video, or other forms."", ""establish goals or objectives for art therapy sessions in consultation with clients or site administrators.""]"
29-1129.02,Music Therapists,"Plan, organize, direct, or assess clinical and evidenced-based music therapy interventions to positively influence individuals' physical, psychological, cognitive, or behavioral status.","[""reading comprehension"", ""active listening"", ""speaking"", ""critical thinking"", ""social perceptiveness"", ""service orientation""]","[""design or provide music therapy experiences to address client needs, such as using music for self-care, adjusting to life changes, improving cognitive functioning, raising self-esteem, communicating, or controlling impulses."", ""design music therapy experiences, using various musical elements to meet client's goals or objectives."", ""sing or play musical instruments, such as keyboard, guitar, or percussion instruments."", ""communicate with clients to build rapport, acknowledge their progress, or reflect upon their reactions to musical experiences."", ""customize treatment programs for specific areas of music therapy, such as intellectual or developmental disabilities, educational settings, geriatrics, medical settings, mental health, physical disabilities, or wellness."", ""establish client goals or objectives for music therapy treatment, considering client needs, capabilities, interests, overall therapeutic program, coordination of treatment, or length of treatment."", ""document evaluations, treatment plans, case summaries, or progress or other reports related to individual clients or client groups."", ""assess client functioning levels, strengths, and areas of need in terms of perceptual, sensory, affective, communicative, musical, physical, cognitive, social, spiritual, or other abilities."", ""observe and document client reactions, progress, or other outcomes related to music therapy."", ""improvise instrumentally, vocally, or physically to meet client's therapeutic needs."", ""gather diagnostic data from sources such as case documentation, observations of clients, or interviews with clients or family members."", ""plan or structure music therapy sessions to achieve appropriate transitions, pacing, sequencing, energy level, or intensity in accordance with treatment plans."", ""engage clients in music experiences to identify client responses to different styles of music, types of musical experiences, such as improvising or listening, or elements of music, such as tempo or harmony."", ""participate in continuing education."", ""communicate client assessment findings and recommendations in oral, written, audio, video, or other forms."", ""integrate behavioral, developmental, improvisational, medical, or neurological approaches into music therapy treatments."", ""confer with professionals on client's treatment team to develop, coordinate, or integrate treatment plans."", ""select or adapt musical instruments, musical equipment, or non-musical materials, such as adaptive devices or visual aids, to meet treatment objectives."", ""compose, arrange, or adapt music for music therapy treatments.""]"
29-1131.00,Veterinarians,"Diagnose, treat, or research diseases and injuries of animals. Includes veterinarians who conduct research and development, inspect livestock, or care for pets and companion animals.","[""reading comprehension"", ""active listening"", ""active learning""]","[""treat sick or injured animals by prescribing medication, setting bones, dressing wounds, or performing surgery."", ""inoculate animals against various diseases, such as rabies or distemper."", ""examine animals to detect and determine the nature of diseases or injuries."", ""collect body tissue, feces, blood, urine, or other body fluids for examination and analysis."", ""operate diagnostic equipment, such as radiographic or ultrasound equipment, and interpret the resulting images."", ""educate the public about diseases that can be spread from animals to humans."", ""counsel clients about the deaths of their pets or about euthanasia decisions for their pets."", ""advise animal owners regarding sanitary measures, feeding, general care, medical conditions, or treatment options."", ""euthanize animals."", ""attend lectures, conferences, or continuing education courses."", ""train or supervise workers who handle or care for animals.""]"
29-1141.00,Registered Nurses,"Assess patient health problems and needs, develop and implement nursing care plans, and maintain medical records. Administer nursing care to ill, injured, convalescent, or disabled patients. May advise patients on health maintenance and disease prevention or provide case management. Licensing or registration required.","[""active listening"", ""speaking"", ""critical thinking"", ""social perceptiveness"", ""coordination"", ""service orientation""]","[""record patients' medical information and vital signs."", ""administer medications to patients and monitor patients for reactions or side effects."", ""maintain accurate, detailed reports and records."", ""monitor, record, and report symptoms or changes in patients' conditions."", ""provide health care, first aid, immunizations, or assistance in convalescence or rehabilitation in locations such as schools, hospitals, or industry."", ""consult and coordinate with healthcare team members to assess, plan, implement, or evaluate patient care plans."", ""direct or supervise less-skilled nursing or healthcare personnel or supervise a particular unit."", ""monitor all aspects of patient care, including diet and physical activity."", ""instruct individuals, families, or other groups on topics such as health education, disease prevention, or childbirth and develop health improvement programs."", ""modify patient treatment plans as indicated by patients' responses and conditions."", ""conduct specified laboratory tests."", ""observe nurses and visit patients to ensure proper nursing care."", ""assess the needs of individuals, families, or communities, including assessment of individuals' home or work environments, to identify potential health or safety problems."", ""work with individuals, groups, or families to plan or implement programs designed to improve the overall health of communities."", ""prepare patients for and assist with examinations or treatments.""]"
29-1141.01,Acute Care Nurses,"Provide advanced nursing care for patients with acute conditions such as heart attacks, respiratory distress syndrome, or shock. May care for pre- and post-operative patients or perform advanced, invasive diagnostic or therapeutic procedures.","[""reading comprehension"", ""active listening"", ""speaking"", ""critical thinking"", ""monitoring"", ""social perceptiveness"", ""service orientation""]","[""perform emergency medical procedures, such as basic cardiac life support (bls), advanced cardiac life support (acls), and other condition-stabilizing interventions."", ""manage patients' pain relief and sedation by providing pharmacologic and non-pharmacologic interventions, monitoring patients' responses, and changing care plans accordingly."", ""document data related to patients' care, including assessment results, interventions, medications, patient responses, or treatment changes."", ""diagnose acute or chronic conditions that could result in rapid physiological deterioration or life-threatening instability."", ""administer blood and blood product transfusions or intravenous infusions, monitoring patients for adverse reactions."", ""assess urgent and emergent health conditions, using both physiologically and technologically derived data."", ""assess the impact of illnesses or injuries on patients' health, function, growth, development, nutrition, sleep, rest, quality of life, or family, social and educational relationships."", ""interpret information obtained from electrocardiograms (ekgs) or radiographs (x-rays)."", ""obtain specimens or samples for laboratory work."", ""collaborate with patients to plan for future health care needs or to coordinate transitions and referrals."", ""refer patients for specialty consultations or treatments."", ""set up, operate, or monitor invasive equipment and devices, such as colostomy or tracheotomy equipment, mechanical ventilators, catheters, gastrointestinal tubes, and central lines."", ""discuss illnesses and treatments with patients and family members."", ""distinguish between normal and abnormal developmental and age-related physiological and behavioral changes in acute, critical, and chronic illness."", ""collaborate with members of multidisciplinary health care teams to plan, manage, or assess patient treatments."", ""assess the needs of patients' family members or caregivers."", ""perform administrative duties that facilitate admission, transfer, or discharge of patients."", ""provide formal and informal education to other staff members."", ""read current literature, talk with colleagues, and participate in professional organizations or conferences to keep abreast of developments in acute care.""]"
29-1141.02,Advanced Practice Psychiatric Nurses,"Assess, diagnose, and treat individuals and families with mental health or substance use disorders or the potential for such disorders. Apply therapeutic activities, including the prescription of medication, per state regulations, and the administration of psychotherapy.","[""reading comprehension"", ""active listening"", ""writing"", ""speaking"", ""critical thinking"", ""monitoring"", ""social perceptiveness"", ""judgment and decision making"", ""time management""]","[""assess patients' mental and physical status, based on the presenting symptoms and complaints."", ""diagnose psychiatric disorders and mental health conditions."", ""document patients' medical and psychological histories, physical assessment results, diagnoses, treatment plans, prescriptions, or outcomes."", ""educate patients and family members about mental health and medical conditions, preventive health measures, medications, or treatment plans."", ""write prescriptions for psychotropic medications as allowed by state regulations and collaborative practice agreements."", ""monitor patients' medication usage and results."", ""evaluate patients' behavior to formulate diagnoses or assess treatments."", ""distinguish between physiologically- and psychologically-based disorders, and diagnose appropriately."", ""develop and implement treatment plans."", ""conduct individual, group, or family psychotherapy for those with chronic or acute mental disorders."", ""participate in activities aimed at professional growth and development, including conferences or continuing education activities."", ""collaborate with interdisciplinary team members, including psychiatrists, psychologists, or nursing staff, to develop, implement, or evaluate treatment plans."", ""consult with psychiatrists or other professionals when unusual or complex cases are encountered."", ""refer patients requiring more specialized or complex treatment to psychiatrists, primary care physicians, or other medical specialists."", ""participate in treatment team conferences regarding diagnosis or treatment of difficult cases.""]"
29-1141.03,Critical Care Nurses,Provide specialized nursing care for patients in critical or coronary care units.,"[""reading comprehension"", ""active listening"", ""speaking"", ""critical thinking"", ""monitoring"", ""social perceptiveness"", ""service orientation""]","[""evaluate patients' vital signs or laboratory data to determine emergency intervention needs."", ""monitor patients for changes in status and indications of conditions such as sepsis or shock and institute appropriate interventions."", ""administer medications intravenously, by injection, orally, through gastric tubes, or by other methods."", ""monitor patients' fluid intake and output to detect emerging problems, such as fluid and electrolyte imbalances."", ""prioritize nursing care for assigned critically ill patients, based on assessment data or identified needs."", ""compile and analyze data obtained from monitoring or diagnostic tests."", ""conduct pulmonary assessments to identify abnormal respiratory patterns or breathing sounds that indicate problems."", ""assess patients' pain levels or sedation requirements."", ""collaborate with other health care professionals to develop and revise treatment plans, based on identified needs and assessment data."", ""document patients' medical histories and assessment findings."", ""collect specimens for laboratory tests."", ""set up and monitor medical equipment and devices such as cardiac monitors, mechanical ventilators and alarms, oxygen delivery devices, transducers, or pressure lines."", ""administer blood and blood products, monitoring patients for signs and symptoms related to transfusion reactions."", ""advocate for patients' and families' needs, or provide emotional support for patients and their families."", ""assess family adaptation levels and coping skills to determine whether intervention is needed."", ""perform approved therapeutic or diagnostic procedures, based upon patients' clinical status."", ""assist physicians with procedures such as bronchoscopy, endoscopy, endotracheal intubation, or elective cardioversion."", ""supervise and monitor unit nursing staff."", ""identify malfunctioning equipment or devices."", ""document patients' treatment plans, interventions, outcomes, or plan revisions.""]"
29-1141.04,Clinical Nurse Specialists,"Direct nursing staff in the provision of patient care in a clinical practice setting, such as a hospital, hospice, clinic, or home. Ensure adherence to established clinical policies, protocols, regulations, and standards.","[""reading comprehension"", ""active listening"", ""speaking"", ""critical thinking"", ""active learning"", ""social perceptiveness"", ""coordination"", ""service orientation""]","[""evaluate the quality and effectiveness of nursing practice or organizational systems."", ""collaborate with other health care professionals and service providers to ensure optimal patient care."", ""develop and maintain departmental policies, procedures, objectives, or patient care standards, based on evidence-based practice guidelines or expert opinion."", ""develop nursing service philosophies, goals, policies, priorities, or procedures."", ""direct or supervise nursing care staff in the provision of patient therapy."", ""read current literature, talk with colleagues, or participate in professional organizations or conferences to keep abreast of developments in nursing."", ""instruct nursing staff in areas such as the assessment, development, implementation, and evaluation of disability, illness, management, technology, or resources."", ""provide coaching and mentoring to other caregivers to help facilitate their professional growth and development."", ""provide consultation to other health care providers in areas such as patient discharge, patient care, or clinical procedures."", ""develop, implement, or evaluate standards of nursing practice in specialty area, such as pediatrics, acute care, and geriatrics."", ""maintain departmental policies, procedures, objectives, or infection control standards."", ""make clinical recommendations to physicians, other health care providers, insurance companies, patients, or health care organizations."", ""develop or assist others in development of care and treatment plans."", ""plan, evaluate, or modify treatment programs, based on information gathered by observing and interviewing patients or by analyzing patient records."", ""provide specialized direct and indirect care to inpatients and outpatients within a designated specialty, such as obstetrics, neurology, oncology, or neonatal care."", ""monitor or evaluate medical conditions of patients in collaboration with other health care professionals."", ""design evaluation programs regarding the quality and effectiveness of nursing practice or organizational systems."", ""coordinate or conduct educational programs or in-service training sessions on topics, such as clinical procedures.""]"
29-1151.00,Nurse Anesthetists,"Administer anesthesia, monitor patient's vital signs, and oversee patient recovery from anesthesia. May assist anesthesiologists, surgeons, other physicians, or dentists. Must be registered nurses who have specialized graduate education.","[""reading comprehension"", ""active listening"", ""speaking"", ""critical thinking"", ""active learning"", ""monitoring"", ""complex problem solving"", ""judgment and decision making""]","[""manage patients' airway or pulmonary status, using techniques such as endotracheal intubation, mechanical ventilation, pharmacological support, respiratory therapy, and extubation."", ""respond to emergency situations by providing airway management, administering emergency fluids or drugs, or using basic or advanced cardiac life support techniques."", ""monitor patients' responses, including skin color, pupil dilation, pulse, heart rate, blood pressure, respiration, ventilation, or urine output, using invasive and noninvasive techniques."", ""select, order, or administer anesthetics, adjuvant drugs, accessory drugs, fluids or blood products as necessary."", ""select, prepare, or use equipment, monitors, supplies, or drugs for the administration of anesthetics."", ""assess patients' medical histories to predict anesthesia response."", ""perform or manage regional anesthetic techniques, such as local, spinal, epidural, caudal, nerve blocks and intravenous blocks."", ""develop anesthesia care plans."", ""obtain informed consent from patients for anesthesia procedures."", ""prepare prescribed solutions and administer local, intravenous, spinal, or other anesthetics, following specified methods and procedures."", ""perform pre-anesthetic screenings, including physical evaluations and patient interviews, and document results."", ""calibrate and test anesthesia equipment."", ""evaluate patients' post-surgical or post-anesthesia responses, taking appropriate corrective actions or requesting consultation if complications occur."", ""administer post-anesthesia medications or fluids to support patients' cardiovascular systems."", ""select and prescribe post-anesthesia medications or treatments to patients."", ""perform or evaluate the results of diagnostic tests, such as radiographs (x-rays) and electrocardiograms (ekgs)."", ""select, order, or administer pre-anesthetic medications."", ""insert peripheral or central intravenous catheters."", ""insert arterial catheters or perform arterial punctures to obtain arterial blood samples."", ""discharge patients from post-anesthesia care."", ""read current literature, talk with colleagues, and participate in professional organizations or conferences to keep abreast of developments in nursing."", ""request anesthesia equipment repairs, adjustments, or safety tests.""]"
29-1161.00,Nurse Midwives,"Diagnose and coordinate all aspects of the birthing process, either independently or as part of a healthcare team. May provide well-woman gynecological care. Must have specialized, graduate nursing education.","[""reading comprehension"", ""active listening"", ""speaking"", ""critical thinking"", ""active learning"", ""monitoring"", ""social perceptiveness""]","[""provide prenatal, intrapartum, postpartum, or newborn care to patients."", ""monitor fetal development by listening to fetal heartbeat, taking external uterine measurements, identifying fetal position, or estimating fetal size and weight."", ""document patients' health histories, symptoms, physical conditions, or other diagnostic information."", ""provide patients with direct family planning services, such as inserting intrauterine devices, dispensing oral contraceptives, and fitting cervical barriers, including cervical caps or diaphragms."", ""prescribe medications as permitted by state regulations."", ""develop and implement individualized plans for health care management."", ""explain procedures to patients, family members, staff members or others."", ""order and interpret diagnostic or laboratory tests."", ""initiate emergency interventions to stabilize patients."", ""document findings of physical examinations."", ""educate patients and family members regarding prenatal, intrapartum, postpartum, newborn, or interconception care."", ""perform physical examinations by taking vital signs, checking neurological reflexes, examining breasts, or performing pelvic examinations."", ""write information in medical records or provide narrative summaries to communicate patient information to other health care providers."", ""provide primary health care, including pregnancy and childbirth, to women."", ""consult with or refer patients to appropriate specialists when conditions exceed the scope of practice or expertise."", ""read current literature, talk with colleagues, or participate in professional organizations or conferences to keep abreast of developments in midwifery."", ""instruct student nurse midwives, medical students, or residents on the birthing process."", ""establish practice guidelines for specialty areas such as primary health care of women, care of the childbearing family, and newborn care.""]"
29-1171.00,Nurse Practitioners,"Diagnose and treat acute, episodic, or chronic illness, independently or as part of a healthcare team. May focus on health promotion and disease prevention. May order, perform, or interpret diagnostic tests such as lab work and x rays. May prescribe medication. Must be registered nurses who have specialized graduate education.","[""reading comprehension"", ""active listening"", ""writing"", ""speaking"", ""critical thinking"", ""active learning"", ""monitoring"", ""social perceptiveness"", ""complex problem solving"", ""judgment and decision making""]","[""maintain complete and detailed records of patients' health care plans and prognoses."", ""develop treatment plans, based on scientific rationale, standards of care, and professional practice guidelines."", ""provide patients with information needed to promote health, reduce risk factors, or prevent disease or disability."", ""analyze and interpret patients' histories, symptoms, physical findings, or diagnostic information to develop appropriate diagnoses."", ""diagnose or treat complex, unstable, comorbid, episodic, or emergency conditions in collaboration with other health care providers as necessary."", ""prescribe medication dosages, routes, and frequencies, based on such patient characteristics as age and gender."", ""diagnose or treat chronic health care problems, such as high blood pressure and diabetes."", ""prescribe medications based on efficacy, safety, and cost as legally authorized."", ""recommend diagnostic or therapeutic interventions with attention to safety, cost, invasiveness, simplicity, acceptability, adherence, and efficacy."", ""detect and respond to adverse drug reactions, with special attention to vulnerable populations such as infants, children, pregnant and lactating women, or older adults."", ""diagnose or treat acute health care problems, such as illnesses, infections, or injuries."", ""counsel patients about drug regimens and possible side effects or interactions with other substances, such as food supplements, over-the-counter (otc) medications, or herbal remedies."", ""order, perform, or interpret the results of diagnostic tests, such as complete blood counts (cbcs), electrocardiograms (ekgs), and radiographs (x-rays)."", ""educate patients about self-management of acute or chronic illnesses, tailoring instructions to patients' individual circumstances."", ""maintain current knowledge of state legal regulations for nurse practitioner practice, including reimbursement of services."", ""recommend interventions to modify behavior associated with health risks."", ""consult with, or refer patients to, appropriate specialists when conditions exceed the scope of practice or expertise."", ""treat or refer patients for primary care conditions, such as headaches, hypertension, urinary tract infections, upper respiratory infections, and dermatological conditions."", ""read current literature, talk with colleagues, or participate in professional organizations or conferences to keep abreast of developments in nursing."", ""schedule follow-up visits to monitor patients or evaluate health or illness care."", ""perform routine or annual physical examinations."", ""maintain departmental policies and procedures in areas such as safety and infection control."", ""advocate for accessible health care that minimizes environmental health risks."", ""perform primary care procedures such as suturing, splinting, administering immunizations, taking cultures, and debriding wounds.""]"
29-1181.00,Audiologists,Assess and treat persons with hearing and related disorders. May fit hearing aids and provide auditory training. May perform research related to hearing problems.,"[""reading comprehension"", ""active listening"", ""writing"", ""speaking"", ""critical thinking"", ""active learning"", ""social perceptiveness""]","[""maintain patient records at all stages, including initial and subsequent evaluation and treatment activities."", ""evaluate hearing and balance disorders to determine diagnoses and courses of treatment."", ""fit, dispense, and repair assistive devices, such as hearing aids."", ""administer hearing tests and examine patients to collect information on type and degree of impairment, using specialized instruments and electronic equipment."", ""monitor patients' progress and provide ongoing observation of hearing or balance status."", ""instruct patients, parents, teachers, or employers in communication strategies to maximize effective receptive communication."", ""counsel and instruct patients and their families in techniques to improve hearing and communication related to hearing loss."", ""refer patients to additional medical or educational services, if needed."", ""participate in conferences or training to update or share knowledge of new hearing or balance disorder treatment methods or technologies."", ""examine and clean patients' ear canals."", ""recommend assistive devices according to patients' needs or nature of impairments."", ""advise educators or other medical staff on hearing or balance topics."", ""program and monitor cochlear implants to fit the needs of patients."", ""educate and supervise audiology students and health care personnel."", ""plan and conduct treatment programs for patients' hearing or balance problems, consulting with educators, physicians, nurses, psychologists, speech-language pathologists, and other health care personnel, as necessary."", ""work with multidisciplinary teams to assess and rehabilitate recipients of implanted hearing devices through auditory training and counseling."", ""conduct or direct research on hearing or balance topics and report findings to help in the development of procedures, technology, or treatments.""]"
29-1211.00,Anesthesiologists,"Administer anesthetics and analgesics for pain management prior to, during, or after surgery.","[""reading comprehension"", ""active listening"", ""writing"", ""science"", ""critical thinking"", ""monitoring"", ""complex problem solving"", ""judgment and decision making""]","[""monitor patient before, during, and after anesthesia and counteract adverse reactions or complications."", ""record type and amount of anesthesia and patient condition throughout procedure."", ""provide and maintain life support and airway management and help prepare patients for emergency surgery."", ""administer anesthetic or sedation during medical procedures, using local, intravenous, spinal, or caudal methods."", ""examine patient, obtain medical history, and use diagnostic tests to determine risk during surgical, obstetrical, and other medical procedures."", ""position patient on operating table to maximize patient comfort and surgical accessibility."", ""coordinate administration of anesthetics with surgeons during operation."", ""decide when patients have recovered or stabilized enough to be sent to another room or ward or to be sent home following outpatient surgery."", ""confer with other medical professionals to determine type and method of anesthetic or sedation to render patient insensible to pain."", ""order laboratory tests, x-rays, and other diagnostic procedures."", ""inform students and staff of types and methods of anesthesia administration, signs of complications, and emergency methods to counteract reactions."", ""provide medical care and consultation in many settings, prescribing medication and treatment and referring patients for surgery."", ""manage anesthesiological services, coordinating them with other medical activities and formulating plans and procedures."", ""diagnose illnesses, using examinations, tests, and reports.""]"
29-1213.00,Dermatologists,"Diagnose and treat diseases relating to the skin, hair, and nails. May perform both medical and dermatological surgery functions.","[""active listening"", ""critical thinking"", ""service orientation""]","[""conduct complete skin examinations."", ""diagnose and treat pigmented lesions such as common acquired nevi, congenital nevi, dysplastic nevi, spitz nevi, blue nevi, or melanoma."", ""perform incisional biopsies to diagnose melanoma."", ""perform skin surgery to improve appearance, make early diagnoses, or control diseases such as skin cancer."", ""counsel patients on topics such as the need for annual dermatologic screenings, sun protection, skin cancer awareness, or skin and lymph node self-examinations."", ""diagnose and treat skin conditions such as acne, dandruff, athlete's foot, moles, psoriasis, or skin cancer."", ""record patients' health histories."", ""recommend diagnostic tests based on patients' histories and physical examination findings."", ""prescribe hormonal agents or topical treatments such as contraceptives, spironolactone, antiandrogens, oral corticosteroids, retinoids, benzoyl peroxide, or antibiotics."", ""conduct or order diagnostic tests such as chest radiographs (x-rays), microbiologic tests, or endocrinologic tests."", ""read current literature, talk with colleagues, and participate in professional organizations or conferences to keep abreast of developments in dermatology."", ""provide dermatologic consultation to other health professionals."", ""refer patients to other specialists, as needed."", ""instruct interns or residents in diagnosis and treatment of dermatological diseases.""]"
29-1215.00,Family Medicine Physicians,"Diagnose, treat, and provide preventive care to individuals and families across the lifespan. May refer patients to specialists when needed for further diagnosis or treatment.","[""reading comprehension"", ""active listening"", ""writing"", ""speaking"", ""critical thinking"", ""active learning"", ""monitoring"", ""complex problem solving"", ""judgment and decision making"", ""time management""]","[""prescribe or administer treatment, therapy, medication, vaccination, and other specialized medical care to treat or prevent illness, disease, or injury."", ""order, perform, and interpret tests and analyze records, reports, and examination information to diagnose patients' condition."", ""collect, record, and maintain patient information, such as medical history, reports, or examination results."", ""monitor patients' conditions and progress and reevaluate treatments as necessary."", ""explain procedures and discuss test results or prescribed treatments with patients."", ""advise patients and community members concerning diet, activity, hygiene, and disease prevention."", ""direct and coordinate activities of nurses, students, assistants, specialists, therapists, and other medical staff."", ""refer patients to medical specialists or other practitioners when necessary."", ""coordinate work with nurses, social workers, rehabilitation therapists, pharmacists, psychologists, and other health care providers.""]"
29-1216.00,General Internal Medicine Physicians,"Diagnose and provide nonsurgical treatment for a wide range of diseases and injuries of internal organ systems. Provide care mainly for adults and adolescents, and are based primarily in an outpatient care setting.","[""reading comprehension"", ""active listening"", ""writing"", ""speaking"", ""science"", ""critical thinking"", ""social perceptiveness"", ""complex problem solving"", ""judgment and decision making""]","[""analyze records, reports, test results, or examination information to diagnose medical condition of patient."", ""treat internal disorders, such as hypertension, heart disease, diabetes, or problems of the lung, brain, kidney, or gastrointestinal tract."", ""prescribe or administer medication, therapy, and other specialized medical care to treat or prevent illness, disease, or injury."", ""manage and treat common health problems, such as infections, influenza or pneumonia, as well as serious, chronic, and complex illnesses, in adolescents, adults, and the elderly."", ""provide and manage long-term, comprehensive medical care, including diagnosis and nonsurgical treatment of diseases, for adult patients in an office or hospital."", ""explain procedures and discuss test results or prescribed treatments with patients."", ""advise patients and community members concerning diet, activity, hygiene, and disease prevention."", ""make diagnoses when different illnesses occur together or in situations where the diagnosis may be obscure."", ""refer patient to medical specialist or other practitioner when necessary."", ""monitor patients' conditions and progress and reevaluate treatments as necessary."", ""collect, record, and maintain patient information, such as medical history, reports, or examination results."", ""provide consulting services to other doctors caring for patients with special or difficult problems."", ""advise surgeon of a patient's risk status and recommend appropriate intervention to minimize risk."", ""immunize patients to protect them from preventable diseases.""]"
29-1217.00,Neurologists,"Diagnose, manage, and treat disorders and diseases of the brain, spinal cord, and peripheral nerves, with a primarily nonsurgical focus.","[""reading comprehension"", ""active listening"", ""writing"", ""speaking"", ""critical thinking"", ""monitoring"", ""social perceptiveness"", ""complex problem solving"", ""judgment and decision making""]","[""interview patients to obtain information, such as complaints, symptoms, medical histories, and family histories."", ""examine patients to obtain information about functional status of areas, such as vision, physical strength, coordination, reflexes, sensations, language skills, cognitive abilities, and mental status."", ""perform or interpret the outcomes of procedures or diagnostic tests, such as lumbar punctures, electroencephalography, electromyography, and nerve conduction velocity tests."", ""order or interpret results of laboratory analyses of patients' blood or cerebrospinal fluid."", ""diagnose neurological conditions based on interpretation of examination findings, histories, or test results."", ""prescribe or administer medications, such as anti-epileptic drugs, and monitor patients for behavioral and cognitive side effects."", ""identify and treat major neurological system diseases and disorders, such as central nervous system infection, cranio spinal trauma, dementia, and stroke."", ""develop treatment plans based on diagnoses and on evaluation of factors, such as age and general health, or procedural risks and costs."", ""inform patients or families of neurological diagnoses and prognoses, or benefits, risks and costs of various treatment plans."", ""prepare, maintain, or review records that include patients' histories, neurological examination findings, treatment plans, or outcomes."", ""communicate with other health care professionals regarding patients' conditions and care."", ""counsel patients or others on the background of neurological disorders including risk factors, or genetic or environmental concerns."", ""interpret the results of neuroimaging studies, such as magnetic resonance imaging (mri), single photon emission computed tomography (spect), and positron emission tomography (pet) scans."", ""determine brain death using accepted tests and procedures."", ""coordinate neurological services with other health care team activities."", ""refer patients to other health care practitioners as necessary."", ""advise other physicians on the treatment of neurological problems."", ""participate in continuing education activities to maintain and expand competence."", ""order supportive care services, such as physical therapy, specialized nursing care, and social services."", ""provide training to medical students or staff members.""]"
29-1218.00,Obstetricians and Gynecologists,"Provide medical care related to pregnancy or childbirth. Diagnose, treat, and help prevent diseases of women, particularly those affecting the reproductive system. May also provide general care to women. May perform both medical and gynecological surgery functions.","[""reading comprehension"", ""active listening"", ""writing"", ""speaking"", ""critical thinking"", ""active learning"", ""monitoring"", ""complex problem solving"", ""judgment and decision making""]","[""treat diseases of female organs."", ""care for and treat women during prenatal, natal, and postnatal periods."", ""analyze records, reports, test results, or examination information to diagnose medical condition of patient."", ""perform cesarean sections or other surgical procedures as needed to preserve patients' health and deliver babies safely."", ""collect, record, and maintain patient information, such as medical histories, reports, or examination results."", ""explain procedures and discuss test results or prescribed treatments with patients."", ""prescribe or administer therapy, medication, and other specialized medical care to treat or prevent illness, disease, or injury."", ""monitor patients' conditions and progress and reevaluate treatments as necessary."", ""consult with or provide consulting services to other physicians."", ""refer patient to medical specialist or other practitioner when necessary."", ""direct and coordinate activities of nurses, students, assistants, specialists, therapists, and other medical staff."", ""advise patients and community members concerning diet, activity, hygiene, and disease prevention.""]"
29-1221.00,"Pediatricians, General","Diagnose, treat, and help prevent diseases and injuries in children. May refer patients to specialists for further diagnosis or treatment, as needed.","[""reading comprehension"", ""active listening"", ""writing"", ""speaking"", ""science"", ""critical thinking"", ""active learning"", ""monitoring"", ""social perceptiveness"", ""complex problem solving"", ""judgment and decision making""]","[""prescribe or administer treatment, therapy, medication, vaccination, and other specialized medical care to treat or prevent illness, disease, or injury in infants and children."", ""examine children regularly to assess their growth and development."", ""treat children who have minor illnesses, acute and chronic health problems, and growth and development concerns."", ""examine patients or order, perform, and interpret diagnostic tests to obtain information on medical condition and determine diagnosis."", ""advise patients, parents or guardians, and community members concerning diet, activity, hygiene, and disease prevention."", ""explain procedures and discuss test results or prescribed treatments with patients and parents or guardians."", ""collect, record, and maintain patient information, such as medical history, reports, or examination results."", ""monitor patients' conditions and progress and reevaluate treatments as necessary."", ""direct and coordinate activities of nurses, students, assistants, specialists, therapists, and other medical staff."", ""plan and execute medical care programs to aid in the mental and physical growth and development of children and adolescents."", ""refer patient to medical specialist or other practitioner when necessary.""]"
29-1222.00,"Physicians, Pathologists","Diagnose diseases and conduct lab tests using organs, body tissues, and fluids. Includes medical examiners.","[""reading comprehension"", ""active listening"", ""writing"", ""science"", ""critical thinking"", ""active learning"", ""complex problem solving""]","[""examine microscopic samples to identify diseases or other abnormalities."", ""diagnose diseases or study medical conditions, using techniques such as gross pathology, histology, cytology, cytopathology, clinical chemistry, immunology, flow cytometry, or molecular biology."", ""write pathology reports summarizing analyses, results, and conclusions."", ""communicate pathologic findings to surgeons or other physicians."", ""identify the etiology, pathogenesis, morphological change, and clinical significance of diseases."", ""read current literature, talk with colleagues, or participate in professional organizations or conferences to keep abreast of developments in pathology."", ""consult with physicians about ordering and interpreting tests or providing treatments."", ""analyze and interpret results from tests, such as microbial or parasite tests, urine analyses, hormonal assays, fine needle aspirations (fnas), and polymerase chain reactions (pcrs)."", ""review cases by analyzing autopsies, laboratory findings, or case investigation reports.""]"
29-1223.00,Psychiatrists,"Diagnose, treat, and help prevent mental disorders.","[""reading comprehension"", ""active listening"", ""writing"", ""speaking"", ""critical thinking"", ""active learning"", ""monitoring"", ""social perceptiveness"", ""judgment and decision making""]","[""prescribe, direct, or administer psychotherapeutic treatments or medications to treat mental, emotional, or behavioral disorders."", ""gather and maintain patient information and records, including social or medical history obtained from patients, relatives, or other professionals."", ""design individualized care plans, using a variety of treatments."", ""collaborate with physicians, psychologists, social workers, psychiatric nurses, or other professionals to discuss treatment plans and progress."", ""analyze and evaluate patient data or test findings to diagnose nature or extent of mental disorder."", ""examine or conduct laboratory or diagnostic tests on patients to provide information on general physical condition or mental disorder."", ""counsel outpatients or other patients during office visits."", ""advise or inform guardians, relatives, or significant others of patients' conditions or treatment.""]"
29-1224.00,Radiologists,"Diagnose and treat diseases and injuries using medical imaging techniques, such as x rays, magnetic resonance imaging (MRI), nuclear medicine, and ultrasounds. May perform minimally invasive medical procedures and tests.","[""reading comprehension"", ""active listening"", ""writing"", ""speaking"", ""critical thinking"", ""monitoring"", ""social perceptiveness"", ""complex problem solving"", ""judgment and decision making""]","[""prepare comprehensive interpretive reports of findings."", ""perform or interpret the outcomes of diagnostic imaging procedures including magnetic resonance imaging (mri), computer tomography (ct), positron emission tomography (pet), nuclear cardiology treadmill studies, mammography, or ultrasound."", ""document the performance, interpretation, or outcomes of all procedures performed."", ""communicate examination results or diagnostic information to referring physicians, patients, or families."", ""obtain patients' histories from electronic records, patient interviews, dictated reports, or by communicating with referring clinicians."", ""review or transmit images and information using picture archiving or communications systems."", ""confer with medical professionals regarding image-based diagnoses."", ""recognize or treat complications during and after procedures, including blood pressure problems, pain, oversedation, or bleeding."", ""develop or monitor procedures to ensure adequate quality control of images."", ""provide counseling to radiologic patients to explain the processes, risks, benefits, or alternative treatments."", ""establish or enforce standards for protection of patients or personnel."", ""coordinate radiological services with other medical activities."", ""instruct radiologic staff in desired techniques, positions, or projections."", ""participate in continuing education activities to maintain and develop expertise."", ""participate in quality improvement activities including discussions of areas where risk of error is high.""]"
29-1229.01,Allergists and Immunologists,"Diagnose, treat, and help prevent allergic diseases and disease processes affecting the immune system.","[""reading comprehension"", ""active listening"", ""writing"", ""speaking"", ""critical thinking"", ""active learning"", ""monitoring"", ""complex problem solving"", ""judgment and decision making""]","[""diagnose or treat allergic or immunologic conditions."", ""educate patients about diagnoses, prognoses, or treatments."", ""order or perform diagnostic tests such as skin pricks and intradermal, patch, or delayed hypersensitivity tests."", ""prescribe medication such as antihistamines, antibiotics, and nasal, oral, topical, or inhaled glucocorticosteroids."", ""interpret diagnostic test results to make appropriate differential diagnoses."", ""document patients' medical histories."", ""develop individualized treatment plans for patients, considering patient preferences, clinical data, or the risks and benefits of therapies."", ""provide therapies, such as allergen immunotherapy or immunoglobin therapy, to treat immune conditions."", ""conduct physical examinations of patients."", ""assess the risks and benefits of therapies for allergic and immunologic disorders."", ""coordinate the care of patients with other health care professionals or support staff."", ""perform allergen provocation tests such as nasal, conjunctival, bronchial, oral, food, or medication challenges."", ""engage in self-directed learning and continuing education activities.""]"
29-1229.02,Hospitalists,"Provide inpatient care predominantly in settings such as medical wards, acute care units, intensive care units, rehabilitation centers, or emergency rooms. Manage and coordinate patient care throughout treatment.","[""reading comprehension"", ""active listening"", ""speaking"", ""critical thinking"", ""active learning"", ""monitoring"", ""social perceptiveness"", ""service orientation"", ""complex problem solving"", ""judgment and decision making""]","[""diagnose, treat, or provide continuous care to hospital inpatients."", ""prescribe medications or treatment regimens to hospital inpatients."", ""order or interpret the results of tests such as laboratory tests and radiographs (x-rays)."", ""admit patients for hospital stays."", ""conduct discharge planning and discharge patients."", ""write patient discharge summaries and send them to primary care physicians."", ""refer patients to medical specialists, social services, or other professionals as appropriate."", ""direct, coordinate, or supervise the patient care activities of nursing or support staff."", ""attend inpatient consultations in areas of specialty."", ""communicate with patients' primary care physicians upon admission, when treatment plans change, or at discharge to maintain continuity and quality of care."", ""participate in continuing education activities to maintain or enhance knowledge and skills."", ""direct or support quality improvement projects or safety programs.""]"
29-1229.03,Urologists,"Diagnose, treat, and help prevent benign and malignant medical and surgical disorders of the genitourinary system and the renal glands.","[""reading comprehension"", ""active listening"", ""writing"", ""speaking"", ""critical thinking"", ""complex problem solving"", ""judgment and decision making""]","[""diagnose or treat diseases or disorders of genitourinary organs and tracts including erectile dysfunction (ed), infertility, incontinence, bladder cancer, prostate cancer, urethral stones, or premature ejaculation."", ""examine patients using equipment, such as radiograph (x-ray) machines or fluoroscopes, to determine the nature and extent of disorder or injury."", ""order and interpret the results of diagnostic tests, such as prostate specific antigen (psa) screening, to detect prostate cancer."", ""document or review patients' histories."", ""prescribe or administer antibiotics, antiseptics, or compresses to treat infection or injury."", ""treat urologic disorders using alternatives to traditional surgery such as extracorporeal shock wave lithotripsy, laparoscopy, or laser techniques."", ""provide urology consultation to physicians or other health care professionals."", ""treat lower urinary tract dysfunctions using equipment such as diathermy machines, catheters, cystoscopes, or radium emanation tubes."", ""direct the work of nurses, residents, or other staff to provide patient care."", ""perform abdominal, pelvic, or retroperitoneal surgeries."", ""prescribe medications to treat patients with erectile dysfunction (ed), infertility, or ejaculation problems."", ""refer patients to specialists when condition exceeds experience, expertise, or scope of practice."", ""teach or train medical and clinical staff.""]"
29-1229.04,Physical Medicine and Rehabilitation Physicians,"Diagnose and treat disorders requiring physiotherapy to provide physical, mental, and occupational rehabilitation.","[""reading comprehension"", ""active listening"", ""speaking"", ""critical thinking"", ""social perceptiveness""]","[""document examination results, treatment plans, and patients' outcomes."", ""examine patients to assess mobility, strength, communication, or cognition."", ""assess characteristics of patients' pain, such as intensity, location, or duration, using standardized clinical measures."", ""provide inpatient or outpatient medical management of neuromuscular disorders, musculoskeletal trauma, acute and chronic pain, deformity or amputation, cardiac or pulmonary disease, or other disabling conditions."", ""monitor effectiveness of pain management interventions, such as medication or spinal injections."", ""develop comprehensive plans for immediate and long-term rehabilitation, including therapeutic exercise, speech and occupational therapy, counseling, cognitive retraining, patient, family or caregiver education, or community reintegration."", ""coordinate physical medicine and rehabilitation services with other medical activities."", ""perform electrodiagnosis, including electromyography, nerve conduction studies, or somatosensory evoked potentials of neuromuscular disorders or damage."", ""prescribe physical therapy to relax the muscles and improve strength."", ""consult or coordinate with other rehabilitative professionals, including physical and occupational therapists, rehabilitation nurses, speech pathologists, neuropsychologists, behavioral psychologists, social workers, or medical technicians."", ""prescribe therapy services, such as electrotherapy, ultrasonography, heat or cold therapy, hydrotherapy, debridement, short-wave or microwave diathermy, and infrared or ultraviolet radiation, to enhance rehabilitation."", ""instruct interns and residents in the diagnosis and treatment of temporary or permanent physically disabling conditions."", ""diagnose or treat performance-related conditions, such as sports injuries or repetitive-motion injuries.""]"
29-1229.05,Preventive Medicine Physicians,"Apply knowledge of general preventive medicine and public health issues to promote health care to groups or individuals, and aid in the prevention or reduction of risk of disease, injury, disability, or death. May practice population-based medicine or diagnose and treat patients in the context of clinical health promotion and disease prevention.","[""reading comprehension"", ""active listening"", ""writing"", ""speaking"", ""critical thinking"", ""active learning"", ""monitoring"", ""social perceptiveness"", ""coordination"", ""complex problem solving"", ""judgment and decision making""]","[""direct or manage prevention programs in specialty areas such as aerospace, occupational, infectious disease, and environmental medicine."", ""document or review comprehensive patients' histories with an emphasis on occupation or environmental risks."", ""identify groups at risk for specific preventable diseases or injuries."", ""perform epidemiological investigations of acute and chronic diseases."", ""supervise or coordinate the work of physicians, nurses, statisticians, or other professional staff members."", ""design or use surveillance tools, such as screening, lab reports, and vital records, to identify health risks."", ""direct public health education programs dealing with topics such as preventable diseases, injuries, nutrition, food service sanitation, water supply safety, sewage and waste disposal, insect control, and immunizations."", ""evaluate the effectiveness of prescribed risk reduction measures or other interventions."", ""provide information about potential health hazards and possible interventions to the media, the public, other health care professionals, or local, state, and federal health authorities."", ""teach or train medical staff regarding preventive medicine issues.""]"
29-1229.06,Sports Medicine Physicians,"Diagnose, treat, and help prevent injuries that occur during sporting events, athletic training, and physical activities.","[""reading comprehension"", ""active listening"", ""speaking"", ""critical thinking"", ""monitoring"", ""judgment and decision making""]","[""diagnose or treat disorders of the musculoskeletal system."", ""order and interpret the results of laboratory tests and diagnostic imaging procedures."", ""advise against injured athletes returning to games or competition if resuming activity could lead to further injury."", ""record athletes' medical care information, and maintain medical records."", ""record athletes' medical histories, and perform physical examinations."", ""examine and evaluate athletes prior to participation in sports activities to determine level of physical fitness or predisposition to injuries."", ""coordinate sports care activities with other experts, including specialty physicians and surgeons, athletic trainers, physical therapists, or coaches."", ""provide education and counseling on illness and injury prevention."", ""participate in continuing education activities to improve and maintain knowledge and skills."", ""advise athletes, trainers, or coaches to alter or cease sports practices that are potentially harmful."", ""inform coaches, trainers, or other interested parties regarding the medical conditions of athletes."", ""examine, evaluate and treat athletes who have been injured or who have medical problems such as exercise-induced asthma."", ""supervise the rehabilitation of injured athletes.""]"
29-1241.00,"Ophthalmologists, Except Pediatric",Diagnose and perform surgery to treat and help prevent disorders and diseases of the eye. May also provide vision services for treatment including glasses and contacts.,"[""reading comprehension"", ""active listening"", ""writing"", ""speaking"", ""critical thinking"", ""active learning"", ""monitoring"", ""social perceptiveness"", ""complex problem solving"", ""judgment and decision making""]","[""perform comprehensive examinations of the visual system to determine the nature or extent of ocular disorders."", ""diagnose or treat injuries, disorders, or diseases of the eye and eye structures including the cornea, sclera, conjunctiva, or eyelids."", ""provide or direct the provision of postoperative care."", ""develop or implement plans and procedures for ophthalmologic services."", ""prescribe or administer topical or systemic medications to treat ophthalmic conditions and to manage pain."", ""develop treatment plans based on patients' histories and goals, the nature and severity of disorders, and treatment risks and benefits."", ""perform ophthalmic surgeries such as cataract, glaucoma, refractive, corneal, vitro-retinal, eye muscle, or oculoplastic surgeries."", ""educate patients about maintenance and promotion of healthy vision."", ""document or evaluate patients' medical histories."", ""perform, order, or interpret the results of diagnostic or clinical tests."", ""provide ophthalmic consultation to other medical professionals."", ""refer patients for more specialized treatments when conditions exceed the experience, expertise, or scope of practice of practitioner."", ""perform laser surgeries to alter, remove, reshape, or replace ocular tissue."", ""collaborate with multidisciplinary teams of health professionals to provide optimal patient care."", ""prescribe corrective lenses such as glasses or contact lenses."", ""prescribe ophthalmologic treatments or therapies such as chemotherapy, cryotherapy, or low vision therapy.""]"
29-1299.01,Naturopathic Physicians,"Diagnose, treat, and help prevent diseases using a system of practice that is based on the natural healing capacity of individuals. May use physiological, psychological or mechanical methods. May also use natural medicines, prescription or legend drugs, foods, herbs, or other natural remedies.","[""reading comprehension"", ""active listening"", ""writing"", ""speaking"", ""critical thinking"", ""social perceptiveness"", ""judgment and decision making""]","[""document patients' histories, including identifying data, chief complaints, illnesses, previous medical or family histories, or psychosocial characteristics."", ""educate patients about health care management."", ""advise patients about therapeutic exercise and nutritional medicine regimens."", ""conduct physical examinations and physiological function tests for diagnostic purposes."", ""administer, dispense, or prescribe natural medicines, such as food or botanical extracts, herbs, dietary supplements, vitamins, nutraceuticals, and amino acids."", ""interview patients to document symptoms and health histories."", ""diagnose health conditions, based on patients' symptoms and health histories, laboratory and diagnostic radiology test results, or other physiological measurements, such as electrocardiograms and electroencephalographs."", ""administer treatments or therapies, such as homeopathy, hydrotherapy, oriental or ayurvedic medicine, electrotherapy, and diathermy, using physical agents including air, heat, cold, water, sound, or ultraviolet light to catalyze the body to heal itself."", ""consult with other health professionals to provide optimal patient care, referring patients to traditional health care professionals as necessary."", ""order diagnostic imaging procedures such as radiographs (x-rays), ultrasounds, mammograms, and bone densitometry tests, or refer patients to other health professionals for these procedures."", ""maintain professional development through activities such as postgraduate education, continuing education, preceptorships, and residency programs."", ""obtain medical records from previous physicians or other health care providers for the purpose of patient evaluation.""]"
29-1299.02,Orthoptists,Diagnose and treat visual system disorders such as binocular vision and eye movement impairments.,"[""active listening"", ""critical thinking""]","[""examine patients with problems related to ocular motility, binocular vision, amblyopia, or strabismus."", ""evaluate, diagnose, or treat disorders of the visual system with an emphasis on binocular vision or abnormal eye movements."", ""provide instructions to patients or family members concerning diagnoses or treatment plans."", ""perform diagnostic tests or measurements, such as motor testing, visual acuity testing, lensometry, retinoscopy, and color vision testing."", ""provide nonsurgical interventions, including corrective lenses, patches, drops, fusion exercises, or stereograms, to treat conditions such as strabismus, heterophoria, and convergence insufficiency."", ""develop nonsurgical treatment plans for patients with conditions such as strabismus, nystagmus, and other visual disorders."", ""interpret clinical or diagnostic test results."", ""develop or use special test and communication techniques to facilitate diagnosis and treatment of children or patients with disabilities."", ""provide training related to clinical methods or orthoptics to students, resident physicians, or other health professionals."", ""refer patients to ophthalmic surgeons or other physicians."", ""prepare diagnostic or treatment reports for other medical practitioners or therapists.""]"
29-2036.00,Medical Dosimetrists,"Generate radiation treatment plans, develop radiation dose calculations, communicate and supervise the treatment plan implementation, and consult with members of radiation oncology team.","[""reading comprehension"", ""active listening"", ""critical thinking""]","[""design the arrangement of radiation fields to reduce exposure to critical patient structures, such as organs, using computers, manuals, and guides."", ""plan the use of beam modifying devices, such as compensators, shields, and wedge filters, to ensure safe and effective delivery of radiation treatment."", ""identify and outline bodily structures, using imaging procedures, such as x-ray, magnetic resonance imaging, computed tomography, or positron emission tomography."", ""calculate the delivery of radiation treatment, such as the amount or extent of radiation per session, based on the prescribed course of radiation therapy."", ""calculate, or verify calculations of, prescribed radiation doses."", ""develop radiation treatment plans in consultation with members of the radiation oncology team."", ""supervise or perform simulations for tumor localizations, using imaging methods such as magnetic resonance imaging, computed tomography, or positron emission tomography scans."", ""create and transfer reference images and localization markers for treatment delivery, using image-guided radiation therapy."", ""record patient information, such as radiation doses administered, in patient records."", ""advise oncology team members on use of beam modifying or immobilization devices in radiation treatment plans.""]"
29-2052.00,Pharmacy Technicians,"Prepare medications under the direction of a pharmacist. May measure, mix, count out, label, and record amounts and dosages of medications according to prescription orders.","[""active listening""]","[""receive written prescription or refill requests and verify that information is complete and accurate."", ""enter prescription information into computer databases."", ""establish or maintain patient profiles, including lists of medications taken by individual patients."", ""maintain proper storage and security conditions for drugs."", ""receive and store incoming supplies, verify quantities against invoices, check for outdated medications in current inventory, and inform supervisors of stock needs and shortages."", ""answer telephones, responding to questions or requests."", ""assist customers by answering simple questions, locating items, or referring them to the pharmacist for medication information."", ""operate cash registers to accept payment from customers."", ""price and file prescriptions that have been filled."", ""mix pharmaceutical preparations, according to written prescriptions."", ""order, label, and count stock of medications, chemicals, or supplies and enter inventory data into computer."", ""clean and help maintain equipment or work areas and sterilize glassware, according to prescribed methods."", ""prepack bulk medicines, fill bottles with prescribed medications, and type and affix labels.""]"
29-2053.00,Psychiatric Technicians,"Care for individuals with mental or emotional conditions or disabilities, following the instructions of physicians or other health practitioners. Monitor patients' physical and emotional well-being and report to medical staff. May participate in rehabilitation and treatment programs, help with personal hygiene, and administer oral or injectable medications.","[""active listening"", ""monitoring"", ""social perceptiveness""]","[""provide nursing, psychiatric, or personal care to patients with cognitive, intellectual, or developmental disabilities."", ""encourage patients to develop work skills and to participate in social, recreational, or other therapeutic activities that enhance interpersonal skills or develop social relationships."", ""restrain violent, potentially violent, or suicidal patients by verbal or physical means as required."", ""lead prescribed individual or group therapy sessions as part of specific therapeutic procedures."", ""monitor patients' physical and emotional well-being and report unusual behavior or physical ailments to medical staff."", ""take and record measures of patients' physical condition, using devices such as thermometers or blood pressure gauges."", ""observe and influence patients' behavior, communicating and interacting with them and teaching, counseling, or befriending them."", ""aid patients in performing tasks, such as bathing or keeping beds, clothing, or living areas clean."", ""collaborate with or assist doctors, psychologists, or rehabilitation therapists in working with patients with cognitive, intellectual, or developmental disabilities to treat, rehabilitate, and return patients to the community."", ""develop or teach strategies to promote client wellness and independence.""]"
29-2061.00,Licensed Practical and Licensed Vocational Nurses,"Care for ill, injured, or convalescing patients or persons with disabilities in hospitals, nursing homes, clinics, private homes, group homes, and similar institutions. May work under the supervision of a registered nurse. Licensing required.","[""social perceptiveness"", ""coordination"", ""service orientation""]","[""observe patients, charting and reporting changes in patients' conditions, such as adverse reactions to medication or treatment, and taking any necessary action."", ""measure and record patients' vital signs, such as height, weight, temperature, blood pressure, pulse, or respiration."", ""administer prescribed medications or start intravenous fluids, noting times and amounts on patients' charts."", ""provide basic patient care or treatments, such as taking temperatures or blood pressures, dressing wounds, treating bedsores, giving enemas or douches, rubbing with alcohol, massaging, or performing catheterizations."", ""answer patients' calls and determine how to assist them."", ""supervise nurses' aides or assistants."", ""evaluate nursing intervention outcomes, conferring with other healthcare team members as necessary."", ""work as part of a healthcare team to assess patient needs, plan and modify care, and implement interventions."", ""record food and fluid intake and output."", ""assemble and use equipment, such as catheters, tracheotomy tubes, or oxygen suppliers."", ""collect samples, such as blood, urine, or sputum from patients, and perform routine laboratory tests on samples."", ""prepare or examine food trays for conformance to prescribed diet."", ""help patients with bathing, dressing, maintaining personal hygiene, moving in bed, or standing and walking.""]"
29-2081.00,"Opticians, Dispensing","Design, measure, fit, and adapt lenses and frames for client according to written optical prescription or specification. Assist client with inserting, removing, and caring for contact lenses. Assist client with selecting frames. Measure customer for size of eyeglasses and coordinate frames with facial and eye measurements and optical prescription. Prepare work order for optical laboratory containing instructions for grinding and mounting lenses in frames. Verify exactness of finished lens spectacles. Adjust frame and lens position to fit client. May shape or reshape frames. Includes contact lens opticians.","[""speaking""]","[""measure clients' bridge and eye size, temple length, vertex distance, pupillary distance, and optical centers of eyes, using measuring devices."", ""verify that finished lenses are ground to specifications."", ""evaluate prescriptions in conjunction with clients' vocational and avocational visual requirements."", ""recommend specific lenses, lens coatings, and frames to suit client needs."", ""assist clients in selecting frames according to style and color, and ensure that frames are coordinated with facial and eye measurements and optical prescriptions."", ""maintain records of customer prescriptions, work orders, and payments."", ""heat, shape, or bend plastic or metal frames to adjust eyeglasses to fit clients, using pliers and hands."", ""show customers how to insert, remove, and care for their contact lenses."", ""determine clients' current lens prescriptions, when necessary, using lensometers or lens analyzers and clients' eyeglasses."", ""prepare work orders and instructions for grinding lenses and fabricating eyeglasses."", ""obtain a customer's previous record, or verify a prescription with the examining optometrist or ophthalmologist."", ""sell goods such as contact lenses, spectacles, sunglasses, and goods related to eyes, in general."", ""fabricate lenses to meet prescription specifications."", ""perform administrative duties, such as tracking inventory and sales, submitting patient insurance information, and performing simple bookkeeping."", ""assemble eyeglasses by cutting and edging lenses, and fitting the lenses into frames."", ""instruct clients in how to wear and care for eyeglasses."", ""supervise the training of student opticians."", ""order and purchase frames and lenses.""]"
29-2091.00,Orthotists and Prosthetists,"Design, measure, fit, and adapt orthopedic braces, appliances or prostheses, such as limbs or facial parts for patients with disabling conditions.","[""reading comprehension"", ""active listening"", ""writing"", ""speaking"", ""critical thinking""]","[""fit, test, and evaluate devices on patients, and make adjustments for proper fit, function, and comfort."", ""instruct patients in the use and care of orthoses and prostheses."", ""maintain patients' records."", ""examine, interview, and measure patients to determine their appliance needs and to identify factors that could affect appliance fit."", ""select materials and components to be used, based on device design."", ""design orthopedic and prosthetic devices, based on physicians' prescriptions and examination and measurement of patients."", ""repair, rebuild, and modify prosthetic and orthopedic appliances."", ""construct and fabricate appliances, or supervise others constructing the appliances."", ""make and modify plaster casts of areas to be fitted with prostheses or orthoses to guide the device construction process."", ""confer with physicians to formulate specifications and prescriptions for orthopedic or prosthetic devices.""]"
29-2099.01,Neurodiagnostic Technologists,"Conduct electroneurodiagnostic (END) tests such as electroencephalograms, evoked potentials, polysomnograms, or electronystagmograms. May perform nerve conduction studies.","[""active listening""]","[""indicate artifacts or interferences derived from sources outside of the brain, such as poor electrode contact or patient movement, on electroneurodiagnostic recordings."", ""monitor patients during tests or surgeries, using electroencephalographs (eeg), evoked potential (ep) instruments, or video recording equipment."", ""conduct tests or studies such as electroencephalography (eeg), polysomnography (psg), nerve conduction studies (ncs), electromyography (emg), and intraoperative monitoring (iom)."", ""collect patients' medical information needed to customize tests."", ""explain testing procedures to patients, answering questions or reassuring patients, as needed."", ""set up, program, or record montages or electrical combinations when testing peripheral nerve, spinal cord, subcortical, or cortical responses."", ""summarize technical data to assist physicians to diagnose brain, sleep, or nervous system disorders."", ""conduct tests to determine cerebral death, the absence of brain activity, or the probability of recovery from a coma."", ""attach electrodes to patients, using adhesives."", ""measure patients' body parts and mark locations where electrodes are to be placed."", ""submit reports to physicians summarizing test results."", ""calibrate, troubleshoot, or repair equipment and correct malfunctions, as needed."", ""adjust equipment to optimize viewing of the nervous system."", ""measure visual, auditory, or somatosensory evoked potentials (eps) to determine responses to stimuli."", ""assist in training technicians, medical students, residents, or other staff members.""]"
29-2099.08,Patient Representatives,"Assist patients in obtaining services, understanding policies and making health care decisions.","[""active listening"", ""social perceptiveness"", ""service orientation""]","[""coordinate communication between patients, family members, medical staff, administrative staff, or regulatory agencies."", ""interview patients or their representatives to identify problems relating to care."", ""refer patients to appropriate health care services or resources."", ""maintain knowledge of community services and resources available to patients."", ""explain policies, procedures, or services to patients using medical or administrative knowledge.""]"
29-9091.00,Athletic Trainers,"Evaluate and treat musculoskeletal injuries or illnesses. Provide preventive, therapeutic, emergency, and rehabilitative care.","[""active listening""]","[""conduct an initial assessment of an athlete's injury or illness to provide emergency or continued care and to determine whether they should be referred to physicians for definitive diagnosis and treatment."", ""assess and report the progress of recovering athletes to coaches or physicians."", ""care for athletic injuries, using physical therapy equipment, techniques, or medication."", ""evaluate athletes' readiness to play and provide participation clearances when necessary and warranted."", ""perform general administrative tasks, such as keeping records or writing reports."", ""clean and sanitize athletic training rooms."", ""instruct coaches, athletes, parents, medical personnel, or community members in the care and prevention of athletic injuries."", ""apply protective or injury preventive devices, such as tape, bandages, or braces, to body parts, such as ankles, fingers, or wrists."", ""collaborate with physicians to develop and implement comprehensive rehabilitation programs for athletic injuries."", ""travel with athletic teams to be available at sporting events.""]"
29-9092.00,Genetic Counselors,"Assess individual or family risk for a variety of inherited conditions, such as genetic disorders and birth defects. Provide information to other healthcare providers or to individuals and families concerned with the risk of inherited conditions. Advise individuals and families to support informed decisionmaking and coping methods for those at risk. May help conduct research related to genetic conditions or genetic counseling.","[""reading comprehension"", ""active listening"", ""complex problem solving""]","[""interpret laboratory results and communicate findings to patients or physicians."", ""discuss testing options and the associated risks, benefits and limitations with patients and families to assist them in making informed decisions."", ""analyze genetic information to identify patients or families at risk for specific disorders or syndromes."", ""provide counseling to patient and family members by providing information, education, or reassurance."", ""write detailed consultation reports to provide information on complex genetic concepts to patients or referring physicians."", ""provide genetic counseling in specified areas of clinical genetics, such as obstetrics, pediatrics, oncology and neurology."", ""determine or coordinate treatment plans by requesting laboratory services, reviewing genetics or counseling literature, and considering histories or diagnostic data."", ""interview patients or review medical records to obtain comprehensive patient or family medical histories, and document findings."", ""assess patients' psychological or emotional needs, such as those relating to stress, fear of test results, financial issues, and marital conflicts to make referral recommendations or assist patients in managing test outcomes."", ""provide patients with information about the inheritance of conditions such as cardiovascular disease, alzheimer's disease, diabetes, and various forms of cancer."", ""read current literature, talk with colleagues, or participate in professional organizations or conferences to keep abreast of developments in genetics."", ""prepare or provide genetics-related educational materials to patients or medical personnel."", ""explain diagnostic procedures such as chorionic villus sampling (cvs), ultrasound, fetal blood sampling, and amniocentesis.""]"
29-9093.00,Surgical Assistants,"Assist in operations, under the supervision of surgeons. May, in accordance with state laws, help surgeons to make incisions and close surgical sites, manipulate or remove tissues, implant surgical devices or drains, suction the surgical site, place catheters, clamp or cauterize vessels or tissue, and apply dressings to surgical site.","[""active listening""]","[""verify the identity of patient or operative site."", ""monitor and maintain aseptic technique throughout procedures."", ""cover patients with surgical drapes to create and maintain a sterile operative field."", ""coordinate or participate in the positioning of patients, using body stabilizing equipment or protective padding to provide appropriate exposure for the procedure or to protect against nerve damage or circulation impairment."", ""maintain an unobstructed operative field, using surgical retractors, sponges, or suctioning and irrigating equipment."", ""prepare and apply sterile wound dressings."", ""apply sutures, staples, clips, or other materials to close skin, facia, or subcutaneous wound layers."", ""discuss with surgeon the nature of the surgical procedure, including operative consent, methods of operative exposure, diagnostic or laboratory data, or patient-advanced directives or other needs."", ""determine availability of necessary equipment or supplies for operative procedures."", ""clamp, ligate, or cauterize blood vessels to control bleeding during surgical entry, using hemostatic clamps, suture ligatures, or electrocautery equipment."", ""assess skin integrity or other body conditions upon completion of the procedure to determine if damage has occurred from body positioning."", ""assist with patient resuscitation during cardiac arrest or other life-threatening events."", ""obtain or inspect sterile or non-sterile surgical equipment, instruments, or supplies."", ""operate sterilizing devices."", ""pass instruments or supplies to surgeon during procedure."", ""monitor patient intra-operative status, including patient position, vital signs, or volume and color of blood."", ""assist in the insertion, positioning, or suturing of closed-wound drainage systems."", ""assist members of surgical team with gowning or gloving."", ""gather, arrange, or assemble instruments or supplies."", ""coordinate with anesthesia personnel to maintain patient temperature.""]"
29-9099.01,Midwives,Provide prenatal care and childbirth assistance.,"[""critical thinking"", ""monitoring"", ""social perceptiveness""]","[""monitor maternal condition during labor by checking vital signs, monitoring uterine contractions, or performing physical examinations."", ""identify tubal and ectopic pregnancies and refer patients for treatments."", ""provide necessary medical care for infants at birth, including emergency care such as resuscitation."", ""conduct ongoing prenatal health assessments, tracking changes in physical and emotional health."", ""monitor fetal growth and well-being through heartbeat detection, body measurement, and palpation."", ""establish and follow emergency or contingency plans for mothers and newborns."", ""identify, monitor, or treat pregnancy-related problems such as hypertension, gestational diabetes, pre-term labor, or retarded fetal growth."", ""obtain complete health and medical histories from patients including medical, surgical, reproductive, or mental health histories."", ""evaluate patients' laboratory and medical records, requesting assistance from other practitioners when necessary."", ""maintain documentation of all patients' contacts, reviewing and updating records as necessary."", ""assess the status of post-date pregnancies to determine treatments and interventions."", ""set up or monitor the administration of oxygen or medications."", ""suture perineal lacerations."", ""perform post-partum health assessments of mothers and babies at regular intervals."", ""test patients' hemoglobin, hematocrit, and blood glucose levels."", ""counsel women regarding the nutritional requirements of pregnancy."", ""provide information about the physical and emotional processes involved in the pregnancy, labor, birth, and postpartum periods."", ""refer patients to specialists for procedures such as ultrasounds or biophysical profiles."", ""assist maternal patients to find physical positions that will facilitate childbirth."", ""assess birthing environments to ensure cleanliness, safety, and the availability of appropriate supplies."", ""incorporate research findings into practice as appropriate."", ""estimate patients' due dates and re-evaluate as necessary based on examination results."", ""provide comfort and relaxation measures for mothers in labor through interventions such as massage, breathing techniques, hydrotherapy, or music."", ""provide, or refer patients to other providers for, education or counseling on topics such as genetic testing, newborn care, contraception, or breastfeeding."", ""provide patients with contraceptive and family planning information."", ""collect specimens for use in laboratory tests."", ""inform patients of how to prepare and supply birth sites."", ""respond to breech birth presentations by applying methods such as exercises or external version."", ""perform annual gynecologic exams, including pap smears and breast exams.""]"
31-1122.00,Personal Care Aides,"Provide personalized assistance to individuals with disabilities or illness who require help with personal care and activities of daily living support (e.g., feeding, bathing, dressing, grooming, toileting, and ambulation). May also provide help with tasks such as preparing meals, doing light housekeeping, and doing laundry. Work is performed in various settings depending on the needs of the care recipient and may include locations such as their home, place of work, out in the community, or at a daytime nonresidential facility.","[""service orientation""]","[""prepare and maintain records of client progress and services performed, reporting changes in client condition to manager or supervisor."", ""administer bedside or personal care, such as ambulation or personal hygiene assistance."", ""perform healthcare-related tasks, such as monitoring vital signs and medication, under the direction of registered nurses or physiotherapists."", ""participate in case reviews, consulting with the team caring for the client, to evaluate the client's needs and plan for continuing services."", ""instruct or advise clients on issues, such as household cleanliness, utilities, hygiene, nutrition, or infant care."", ""care for individuals or families during periods of incapacitation, family disruption, or convalescence, providing companionship, personal care, or help in adjusting to new lifestyles."", ""perform housekeeping duties, such as cooking, cleaning, washing clothes or dishes, or running errands."", ""provide clients with communication assistance, typing their correspondence or obtaining information for them.""]"
31-1131.00,Nursing Assistants,"Provide or assist with basic care or support under the direction of onsite licensed nursing staff. Perform duties such as monitoring of health status, feeding, bathing, dressing, grooming, toileting, or ambulation of patients in a health or nursing facility. May include medication administration and other health-related tasks. Includes nursing care attendants, nursing aides, and nursing attendants.","[""service orientation""]","[""turn or reposition bedridden patients."", ""answer patient call signals, signal lights, bells, or intercom systems to determine patients' needs."", ""feed patients or assist patients to eat or drink."", ""measure and record food and liquid intake or urinary and fecal output, reporting changes to medical or nursing staff."", ""provide physical support to assist patients to perform daily living activities, such as getting out of bed, bathing, dressing, using the toilet, standing, walking, or exercising."", ""document or otherwise report observations of patient behavior, complaints, or physical symptoms to nurses."", ""remind patients to take medications or nutritional supplements."", ""review patients' dietary restrictions, food allergies, and preferences to ensure patient receives appropriate diet."", ""undress, wash, and dress patients who are unable to do so for themselves."", ""observe or examine patients to detect symptoms that may require medical attention, such as bruises, open wounds, or blood in urine."", ""lift or assist others to lift patients to move them on or off beds, examination tables, surgical tables, or stretchers."", ""supply, collect, or empty bedpans."", ""communicate with patients to ascertain feelings or need for assistance or social and emotional support."", ""record vital signs, such as temperature, blood pressure, pulse, or respiration rate, as directed by medical or nursing staff."", ""gather information from caregivers, nurses, or physicians about patient condition, treatment plans, or appropriate activities."", ""wash, groom, shave, or drape patients to prepare them for surgery, treatment, or examination."", ""prepare or serve food trays."", ""change bed linens or make beds."", ""exercise patients who are comatose, paralyzed, or have restricted mobility."", ""restock patient rooms with personal hygiene items, such as towels, washcloths, soap, or toilet paper."", ""clean and sanitize patient rooms, bathrooms, examination rooms, or other patient areas."", ""assist nurses or physicians in the operation of medical equipment or provision of patient care."", ""record height or weight of patients.""]"
31-2021.00,Physical Therapist Assistants,"Assist physical therapists in providing physical therapy treatments and procedures. May, in accordance with state laws, assist in the development of treatment plans, carry out routine functions, document the progress of treatment, and modify specific treatments in accordance with patient status and within the scope of treatment plans established by a physical therapist. Generally requires formal training.","[""active listening""]","[""instruct, motivate, safeguard, and assist patients as they practice exercises or functional activities."", ""document patient information, such as notes on their progress."", ""observe patients during treatments to compile and evaluate data on their responses and progress and provide results to physical therapist in person or through progress notes."", ""instruct patients in proper body mechanics and in ways to improve functional mobility, such as aquatic exercise."", ""secure patients into or onto therapy equipment."", ""confer with physical therapy staff or others to discuss and evaluate patient information for planning, modifying, or coordinating treatment."", ""administer active or passive manual therapeutic exercises, therapeutic massage, aquatic physical therapy, or heat, light, sound, or electrical modality treatments, such as ultrasound."", ""transport patients to and from treatment areas, lifting and transferring them according to positioning requirements."", ""clean work area and check and store equipment after treatment."", ""communicate with or instruct caregivers or family members on patient therapeutic activities or treatment plans."", ""measure patients' range-of-joint motion, body parts, or vital signs to determine effects of treatments or for patient evaluations."", ""train patients in the use of orthopedic braces, prostheses, or supportive devices."", ""monitor operation of equipment and record use of equipment and administration of treatment.""]"
31-9092.00,Medical Assistants,"Perform administrative and certain clinical duties under the direction of a physician. Administrative duties may include scheduling appointments, maintaining medical records, billing, and coding information for insurance purposes. Clinical duties may include taking and recording vital signs and medical histories, preparing patients for examination, drawing blood, and administering medications as directed by physician.","[""social perceptiveness""]","[""interview patients to obtain medical information and measure their vital signs, weight, and height."", ""clean and sterilize instruments and dispose of contaminated supplies."", ""record patients' medical history, vital statistics, or information such as test results in medical records."", ""explain treatment procedures, medications, diets, or physicians' instructions to patients."", ""prepare treatment rooms for patient examinations, keeping the rooms neat and clean."", ""collect blood, tissue, or other laboratory specimens, log the specimens, and prepare them for testing."", ""show patients to examination rooms and prepare them for the physician."", ""help physicians examine and treat patients, handing them instruments or materials or performing such tasks as giving injections or removing sutures."", ""perform routine laboratory tests and sample analyses."", ""greet and log in patients arriving at office or clinic."", ""perform general office duties, such as answering telephones, taking dictation, or completing insurance forms."", ""prepare and administer medications as directed by a physician."", ""authorize drug refills and provide prescription information to pharmacies."", ""change dressings on wounds."", ""schedule appointments for patients."", ""inventory and order medical, lab, or office supplies or equipment."", ""contact medical facilities or departments to schedule patients for tests or admission.""]"
31-9094.00,Medical Transcriptionists,"Transcribe medical reports recorded by physicians and other healthcare practitioners using various electronic devices, covering office visits, emergency room visits, diagnostic imaging studies, operations, chart reviews, and final summaries. Transcribe dictated reports and translate abbreviations into fully understandable form. Edit as necessary and return reports in either printed or electronic form for review and signature, or correction.","[""reading comprehension"", ""active listening""]","[""return dictated reports in printed or electronic form for physician's review, signature, and corrections and for inclusion in patients' medical records."", ""produce medical reports, correspondence, records, patient-care information, statistics, medical research, and administrative material."", ""identify mistakes in reports and check with doctors to obtain the correct information."", ""review and edit transcribed reports or dictated material for spelling, grammar, clarity, consistency, and proper medical terminology."", ""transcribe dictation for a variety of medical reports, such as patient histories, physical examinations, emergency room visits, operations, chart reviews, consultation, or discharge summaries."", ""distinguish between homonyms and recognize inconsistencies and mistakes in medical terms, referring to dictionaries, drug references, and other sources on anatomy, physiology, and medicine."", ""set up and maintain medical files and databases, including records such as x-ray, lab, and procedure reports, medical histories, diagnostic workups, admission and discharge summaries, and clinical resumes."", ""translate medical jargon and abbreviations into their expanded forms to ensure the accuracy of patient and health care facility records."", ""perform data entry and data retrieval services, providing data for inclusion in medical records and for transmission to physicians."", ""take dictation using shorthand, a stenotype machine, or headsets and transcribing machines."", ""perform a variety of clerical and office tasks, such as handling incoming and outgoing mail, completing and submitting insurance claims, typing, filing, or operating office machines."", ""decide which information should be included or excluded in reports."", ""receive and screen telephone calls and visitors.""]"
31-9099.01,Speech-Language Pathology Assistants,"Assist speech-language pathologists in the assessment and treatment of speech, language, voice, and fluency disorders. Implement speech and language programs or activities as planned and directed by speech-language pathologists. Monitor the use of alternative communication devices and systems.","[""active listening""]","[""document clients' progress toward meeting established treatment objectives."", ""implement treatment plans or protocols as directed by speech-language pathologists."", ""collect and compile data to document clients' performance or assess program quality."", ""perform support duties, such as preparing materials, keeping records, maintaining supplies, and scheduling activities."", ""assist speech-language pathologists in the remediation or development of speech and language skills."", ""select or prepare speech-language instructional materials.""]"
33-1011.00,First-Line Supervisors of Correctional Officers,Directly supervise and coordinate activities of correctional officers and jailers.,"[""active listening"", ""critical thinking"", ""monitoring"", ""social perceptiveness"", ""coordination""]","[""take, receive, or check periodic inmate counts."", ""maintain order, discipline, and security within assigned areas in accordance with relevant rules, regulations, policies, and laws."", ""maintain knowledge of, comply with, and enforce all institutional policies, rules, procedures, and regulations."", ""respond to emergencies, such as escapes."", ""supervise and direct the work of correctional officers to ensure the safe custody, discipline, and welfare of inmates."", ""supervise or perform searches of inmates or their quarters to locate contraband items."", ""monitor behavior of subordinates to ensure alert, courteous, and professional behavior toward inmates, parolees, fellow employees, visitors, and the public."", ""restrain, secure, or control offenders, using chemical agents, firearms, or other weapons of force as necessary."", ""carry injured offenders or employees to safety and provide emergency first aid when necessary."", ""complete administrative paperwork or supervise the preparation or maintenance of records, forms, or reports."", ""supervise activities, such as searches, shakedowns, riot control, or institutional tours."", ""conduct roll calls of correctional officers."", ""instruct employees or provide on-the-job training."", ""resolve problems between inmates."", ""set up employee work schedules."", ""examine incoming or outgoing mail to ensure conformance with regulations."", ""transfer or transport offenders on foot or by driving vehicles, such as trailers, vans, or buses."", ""review offender information to identify issues that require special attention."", ""develop work or security procedures."", ""convey correctional officers' or inmates' complaints to superiors.""]"
33-1012.00,First-Line Supervisors of Police and Detectives,Directly supervise and coordinate activities of members of police force.,"[""reading comprehension"", ""active listening"", ""speaking"", ""critical thinking"", ""monitoring"", ""social perceptiveness"", ""management of personnel resources""]","[""supervise and coordinate the investigation of criminal cases, offering guidance and expertise to investigators, and ensuring that procedures are conducted in accordance with laws and regulations."", ""prepare work schedules and assign duties to subordinates."", ""direct collection, preparation, and handling of evidence and personal property of prisoners."", ""investigate and resolve personnel problems within organization and charges of misconduct against staff."", ""explain police operations to subordinates to assist them in performing their job duties."", ""maintain logs, prepare reports, and direct the preparation, handling, and maintenance of departmental records."", ""inform personnel of changes in regulations and policies, implications of new or amended laws, and new techniques of police work."", ""train staff in proper police work procedures."", ""discipline staff for violation of department rules and regulations."", ""monitor and evaluate the job performance of subordinates, and authorize promotions and transfers."", ""review contents of written orders to ensure adherence to legal requirements.""]"
33-1021.00,First-Line Supervisors of Firefighting and Prevention Workers,Directly supervise and coordinate activities of workers engaged in firefighting and fire prevention and control.,"[""active listening""]","[""assign firefighters to jobs at strategic locations to facilitate rescue of persons and maximize application of extinguishing agents."", ""provide emergency medical services as required, and perform light to heavy rescue functions at emergencies."", ""assess nature and extent of fire, condition of building, danger to adjacent buildings, and water supply status to determine crew or company requirements."", ""communicate fire details to superiors, subordinates, or interagency dispatch centers, using two-way radios."", ""serve as a working leader of an engine, hand, helicopter, or prescribed fire crew of three or more firefighters."", ""instruct and drill fire department personnel in assigned duties, including firefighting, medical care, hazardous materials response, fire prevention, and related subjects."", ""maintain fire suppression equipment in good condition, checking equipment periodically to ensure that it is ready for use."", ""evaluate the performance of assigned firefighting personnel."", ""direct the training of firefighters, assigning of instructors to training classes, and providing of supervisors with reports on training progress and status."", ""perform maintenance and minor repairs on firefighting equipment, including vehicles, and write and submit proposals to modify, replace, and repair equipment."", ""schedule employee work assignments and set work priorities."", ""monitor fire suppression expenditures to ensure that they are necessary and reasonable."", ""participate in creating fire safety guidelines and evacuation schemes for nonresidential buildings.""]"
33-2022.00,Forest Fire Inspectors and Prevention Specialists,"Enforce fire regulations, inspect forest for fire hazards, and recommend forest fire prevention or control measures. May report forest fires and weather conditions.","[""critical thinking""]","[""relay messages about emergencies, accidents, locations of crew and personnel, and fire hazard conditions."", ""conduct wildland firefighting training."", ""estimate sizes and characteristics of fires, and report findings to base camps by radio or telephone."", ""direct crews working on firelines during forest fires."", ""locate forest fires on area maps, using azimuth sighters and known landmarks."", ""extinguish smaller fires with portable extinguishers, shovels, and axes."", ""patrol assigned areas, looking for forest fires, hazardous conditions, and weather phenomena."", ""compile and report meteorological data, such as temperature, relative humidity, wind direction and velocity, and types of cloud formations.""]"
33-3011.00,Bailiffs,Maintain order in courts of law.,"[""social perceptiveness""]","[""screen persons entering courthouse using magnetometers, x-ray machines, and other devices to collect and retain unauthorized firearms and other contraband."", ""escort prisoners to and from courthouse and maintain custody of prisoners during court proceedings."", ""maintain order in courtroom during trial and guard jury from outside contact."", ""provide security by patrolling interior and exterior of courthouse and escorting judges and other court employees."", ""guard lodging of sequestered jury."", ""enforce courtroom rules of behavior and warn persons not to smoke or disturb court procedure."", ""arrest persons in court when arrest warrants have been issued."", ""report need for police or medical assistance to sheriff's office."", ""check courtroom for security and cleanliness and assure availability of sundry supplies, such as notepads, for use by judge, jurors, and attorneys."", ""stop people from entering courtroom while judge charges jury."", ""screen, control, and handle evidence and exhibits during court proceedings.""]"
33-3012.00,Correctional Officers and Jailers,"Guard inmates in penal or rehabilitative institutions in accordance with established regulations and procedures. May guard prisoners in transit between jail, courtroom, prison, or other point. Includes deputy sheriffs and police who spend the majority of their time guarding prisoners in correctional institutions.","[""active listening"", ""monitoring"", ""social perceptiveness""]","[""conduct head counts to ensure that each prisoner is present."", ""inspect conditions of locks, window bars, grills, doors, and gates at correctional facilities to ensure security and help prevent escapes."", ""monitor conduct of prisoners in housing unit, or during work or recreational activities, according to established policies, regulations, and procedures, to prevent escape or violence."", ""search prisoners and vehicles and conduct shakedowns of cells for valuables and contraband, such as weapons or drugs."", ""guard facility entrances to screen visitors."", ""record information, such as prisoner identification, charges, and incidents of inmate disturbance, keeping daily logs of prisoner activities."", ""inspect mail for the presence of contraband."", ""maintain records of prisoners' identification and charges."", ""use weapons, handcuffs, and physical force to maintain discipline and order among prisoners."", ""use nondisciplinary tools and equipment, such as a computer."", ""conduct fire, safety, and sanitation inspections."", ""take prisoners into custody and escort to locations within and outside of facility, such as visiting room, courtroom, or airport."", ""participate in required job training."", ""serve meals, distribute commissary items, and dispense prescribed medication to prisoners."", ""settle disputes between inmates."", ""provide to supervisors oral and written reports of the quality and quantity of work performed by inmates, inmate disturbances and rule violations, and unusual occurrences."", ""drive passenger vehicles and trucks used to transport inmates to other institutions, courtrooms, hospitals, and work sites.""]"
33-3021.00,Detectives and Criminal Investigators,"Conduct investigations related to suspected violations of federal, state, or local laws to prevent or solve crimes.","[""active listening"", ""speaking"", ""critical thinking""]","[""check victims for signs of life, such as breathing and pulse."", ""obtain facts or statements from complainants, witnesses, and accused persons and record interviews, using recording device."", ""secure deceased body and obtain evidence from it, preventing bystanders from tampering with it prior to medical examiner's arrival."", ""record progress of investigation, maintain informational files on suspects, and submit reports to commanding officer or magistrate to authorize warrants."", ""prepare reports that detail investigation findings."", ""prepare charges or responses to charges, or information for court cases, according to formalized procedures."", ""preserve, process, and analyze items of evidence obtained from crime scenes and suspects, placing them in proper containers and destroying evidence no longer needed."", ""obtain summary of incident from officer in charge at crime scene, taking care to avoid disturbing evidence."", ""note, mark, and photograph location of objects found, such as footprints, tire tracks, bullets and bloodstains, and take measurements of the scene."", ""examine records and governmental agency files to find identifying data about suspects."", ""secure persons at scene, keeping witnesses from conversing or leaving the scene before investigators arrive."", ""provide information to lab personnel concerning the source of an item of evidence and tests to be performed."", ""analyze completed police reports to determine what additional information and investigative work is needed."", ""examine records to locate links in chains of evidence or information."", ""search for and collect evidence, such as fingerprints, using investigative equipment."", ""prepare and serve search and arrest warrants."", ""question individuals or observe persons and establishments to confirm information given to patrol officers."", ""determine scope, timing, and direction of investigations."", ""obtain and verify evidence by interviewing and observing suspects and witnesses or by analyzing records."", ""participate or assist in raids and arrests."", ""organize scene search, assigning specific tasks and areas of search to individual officers and obtaining adequate lighting as necessary."", ""summon medical help for injured individuals and alert medical personnel to take statements from them."", ""notify command of situation and request assistance."", ""block or rope off scene and check perimeter to ensure that entire scene is secured."", ""identify case issues and evidence needed, based on analysis of charges, complaints, or allegations of law violations."", ""notify, or request notification of, medical examiner or district attorney representative."", ""collaborate with other offices and agencies to exchange information and coordinate activities."", ""maintain surveillance of establishments to obtain identifying information on suspects."", ""testify before grand juries concerning criminal activity investigations.""]"
33-3021.06,Intelligence Analysts,"Gather, analyze, or evaluate information from a variety of sources, such as law enforcement databases, surveillance, intelligence networks or geographic information systems. Use intelligence data to anticipate and prevent organized crime activities, such as terrorism.","[""reading comprehension"", ""active listening"", ""writing"", ""speaking"", ""critical thinking""]","[""validate known intelligence with data from other sources."", ""gather, analyze, correlate, or evaluate information from a variety of resources, such as law enforcement databases."", ""evaluate records of communications, such as telephone calls, to plot activity and determine the size and location of criminal groups and members."", ""gather intelligence information by field observation, confidential information sources, or public records."", ""analyze intelligence data to identify patterns and trends in criminal activity."", ""prepare comprehensive written reports, presentations, maps, or charts, based on research, collection, and analysis of intelligence data."", ""collaborate with representatives from other government and intelligence organizations to share information or coordinate intelligence activities."", ""link or chart suspects to criminal organizations or events to determine activities and interrelationships."", ""establish criminal profiles to aid in connecting criminal organizations with their members."", ""identify gaps in information."", ""design, use, or maintain databases and software applications, such as geographic information systems (gis) mapping and artificial intelligence tools."", ""predict future gang, organized crime, or terrorist activity, using analyses of intelligence data.""]"
33-3051.04,Customs and Border Protection Officers,"Investigate and inspect persons, common carriers, goods, and merchandise, arriving in or departing from the United States or between states to detect violations of immigration and customs laws and regulations.","[""active listening"", ""speaking"", ""critical thinking""]","[""examine immigration applications, visas, and passports and interview persons to determine eligibility for admission, residence, and travel in the u.s."", ""detain persons found to be in violation of customs or immigration laws and arrange for legal action, such as deportation."", ""inspect cargo, baggage, and personal articles entering or leaving u.s. for compliance with revenue laws and u.s. customs regulations."", ""locate and seize contraband, undeclared merchandise, and vehicles, aircraft, or boats that contain such merchandise."", ""interpret and explain laws and regulations to travelers, prospective immigrants, shippers, and manufacturers."", ""institute civil and criminal prosecutions and cooperate with other law enforcement agencies in the investigation and prosecution of those in violation of immigration or customs laws."", ""testify regarding decisions at immigration appeals or in federal court."", ""record and report job-related activities, findings, transactions, violations, discrepancies, and decisions."", ""determine duty and taxes to be paid on goods.""]"
33-3052.00,Transit and Railroad Police,"Protect and police railroad and transit property, employees, or passengers.","[""active listening"", ""speaking""]","[""prepare reports documenting investigation activities and results."", ""monitor transit areas and conduct security checks to protect railroad properties, patrons, and employees."", ""apprehend or remove trespassers or thieves from railroad property or coordinate with law enforcement agencies in apprehensions and removals."", ""direct security activities at derailments, fires, floods, or strikes involving railroad property."", ""patrol railroad yards, cars, stations, or other facilities to protect company property or shipments and to maintain order."", ""investigate or direct investigations of freight theft, suspicious damage or loss of passengers' valuables, or other crimes on railroad property.""]"
33-9021.00,Private Detectives and Investigators,"Gather, analyze, compile, and report information regarding individuals or organizations to clients, or detect occurrences of unlawful acts or infractions of rules in private establishment.","[""active listening"", ""speaking""]","[""write reports or case summaries to document investigations."", ""conduct private investigations on a paid basis."", ""search computer databases, credit reports, public records, tax or legal filings, or other resources to locate persons or to compile information for investigations."", ""conduct personal background investigations, such as pre-employment checks, to obtain information about an individual's character, financial status, or personal history."", ""expose fraudulent insurance claims or stolen funds."", ""obtain and analyze information on suspects, crimes, or disturbances to solve cases, to identify criminal activity, or to gather information for court cases."", ""testify at hearings or court trials to present evidence."", ""question persons to obtain evidence for cases of divorce, child custody, or missing persons or information about individuals' character or financial status."", ""observe and document activities of individuals to detect unlawful acts or to obtain evidence for cases, using binoculars and still or video cameras.""]"
33-9031.00,Gambling Surveillance Officers and Gambling Investigators,"Observe gambling operation for irregular activities such as cheating or theft by either employees or patrons. Investigate potential threats to gambling assets such as money, chips, and gambling equipment. Act as oversight and security agent for management and customers.","[""monitoring""]","[""monitor establishment activities to ensure adherence to all state gaming regulations and company policies and procedures."", ""observe casino or casino hotel operations for irregular activities, such as cheating or theft by employees or patrons, using audio and video equipment and one-way mirrors."", ""report all violations and suspicious behaviors to supervisors, verbally or in writing."", ""develop and maintain log of surveillance observations."", ""inspect and monitor audio or video surveillance equipment to ensure it is working appropriately."", ""review video surveillance footage."", ""act as oversight or security agents for management or customers."", ""supervise or train surveillance observers.""]"
35-1011.00,Chefs and Head Cooks,"Direct and may participate in the preparation, seasoning, and cooking of salads, soups, fish, meats, vegetables, desserts, or other foods. May plan and price menu items, order supplies, and keep records and accounts.","[""coordination""]","[""monitor sanitation practices to ensure that employees follow standards and regulations."", ""check the quality of raw or cooked food products to ensure that standards are met."", ""determine production schedules and staff requirements necessary to ensure timely delivery of services."", ""check the quantity and quality of received products."", ""supervise or coordinate activities of cooks or workers engaged in food preparation."", ""determine how food should be presented and create decorative food displays."", ""analyze recipes to assign prices to menu items, based on food, labor, and overhead costs."", ""instruct cooks or other workers in the preparation, cooking, garnishing, or presentation of food."", ""prepare and cook foods of all types, either on a regular basis or for special guests or functions."", ""recruit and hire staff, such as cooks and other kitchen workers."", ""order or requisition food or other supplies needed to ensure efficient operation."", ""coordinate planning, budgeting, or purchasing for all the food operations within establishments such as clubs, hotels, or restaurant chains."", ""inspect supplies, equipment, or work areas to ensure conformance to established standards."", ""estimate amounts and costs of required supplies, such as food and ingredients."", ""record production or operational data on specified forms."", ""plan, direct, or supervise food preparation or cooking activities of multiple kitchens or restaurants in an establishment such as a restaurant chain, hospital, or hotel."", ""arrange for equipment purchases or repairs."", ""collaborate with other personnel to plan and develop recipes or menus, taking into account such factors as seasonal availability of ingredients or the likely number of customers.""]"
37-1012.00,"First-Line Supervisors of Landscaping, Lawn Service, and Groundskeeping Workers","Directly supervise and coordinate activities of workers engaged in landscaping or groundskeeping activities. Work may involve reviewing contracts to ascertain service, machine, and workforce requirements; answering inquiries from potential customers regarding methods, material, and price ranges; and preparing estimates according to labor, material, and machine costs.","[""monitoring"", ""time management""]","[""establish and enforce operating procedures and work standards that will ensure adequate performance and personnel safety."", ""schedule work for crews, depending on work priorities, crew or equipment availability, or weather conditions."", ""tour grounds, such as parks, botanical gardens, cemeteries, or golf courses, to inspect conditions of plants and soil."", ""monitor project activities to ensure that instructions are followed, deadlines are met, and schedules are maintained."", ""direct activities of workers who perform duties, such as landscaping, cultivating lawns, or pruning trees and shrubs."", ""inspect completed work to ensure conformance to specifications, standards, and contract requirements."", ""plant or maintain vegetation through activities such as mulching, fertilizing, watering, mowing, or pruning.""]"
39-4031.00,"Morticians, Undertakers, and Funeral Arrangers","Perform various tasks to arrange and direct individual funeral services, such as coordinating transportation of body to mortuary, interviewing family or other authorized person to arrange details, selecting pallbearers, aiding with the selection of officials for religious rites, and providing transportation for mourners.","[""active listening"", ""social perceptiveness""]","[""oversee the preparation and care of the remains of people who have died."", ""obtain information needed to complete legal documents, such as death certificates or burial permits."", ""perform embalming duties, as necessary."", ""consult with families or friends of the deceased to arrange funeral details, such as obituary notice wording, casket selection, or plans for services."", ""remove deceased remains from place of death."", ""contact cemeteries to schedule the opening and closing of graves."", ""plan, schedule, or coordinate funerals, burials, or cremations, arranging details such as floral delivery or the time and place of services."", ""close caskets and lead funeral corteges to churches or burial sites."", ""provide information on funeral service options, products, or merchandise, and maintain a casket display area."", ""offer counsel and comfort to bereaved families or friends."", ""direct preparations and shipment of bodies for out-of-state burial."", ""discuss and negotiate prearranged funerals with clients."", ""maintain financial records, order merchandise, or prepare accounts."", ""provide or arrange transportation between sites for the remains, mourners, pallbearers, clergy, or flowers."", ""arrange for clergy members to perform needed services."", ""plan placement of caskets at funeral sites or place or adjust lights, fixtures, or floral displays.""]"
39-6012.00,Concierges,"Assist patrons at hotel, apartment, or office building with personal services. May take messages; arrange or give advice on transportation, business services, or entertainment; or monitor guest requests for housekeeping and maintenance.","[""active listening"", ""speaking"", ""social perceptiveness"", ""service orientation""]","[""provide directions to guests."", ""make reservations for patrons, such as for dinner, spa treatments, or golf tee times, and obtain tickets to special events."", ""provide information about local features, such as shopping, dining, nightlife, or recreational destinations."", ""make travel arrangements for sightseeing or other tours."", ""provide business services for guests, such as sending or receiving faxes or shipping packages."", ""arrange childcare services for guests."", ""pick up and deliver items or run errands for guests."", ""order flowers for guests.""]"
39-7012.00,Travel Guides,"Plan, organize, and conduct long-distance travel, tours, and expeditions for individuals and groups.","[""speaking"", ""service orientation""]","[""arrange for tour or expedition details such as accommodations, transportation, equipment, and the availability of medical personnel."", ""plan tour itineraries, applying knowledge of travel routes and destination sites."", ""resolve any problems with itineraries, service, or accommodations."", ""attend to special needs of tour participants."", ""sell travel packages."", ""evaluate services received on the tour, and report findings to tour organizers.""]"
39-9031.00,Exercise Trainers and Group Fitness Instructors,"Instruct or coach groups or individuals in exercise activities for the primary purpose of personal fitness. Demonstrate techniques and form, observe participants, and explain to them corrective measures necessary to improve their skills. Develop and implement individualized approaches to exercise.","[""instructing""]","[""observe participants and inform them of corrective measures necessary for skill improvement."", ""evaluate individuals' abilities, needs, and physical conditions, and develop suitable training programs to meet any special requirements."", ""plan routines, choose appropriate music, and choose different movements for each set of muscles, depending on participants' capabilities and limitations."", ""offer alternatives during classes to accommodate different levels of fitness."", ""teach proper breathing techniques used during physical exertion."", ""monitor participants' progress and adapt programs as needed."", ""explain and enforce safety rules and regulations governing sports, recreational activities, and the use of exercise equipment."", ""instruct participants in maintaining exertion levels to maximize benefits from exercise routines."", ""teach and demonstrate use of gymnastic and training equipment, such as trampolines and weights.""]"
39-9032.00,Recreation Workers,"Conduct recreation activities with groups in public, private, or volunteer agencies or recreation facilities. Organize and promote activities, such as arts and crafts, sports, games, music, dramatics, social recreation, camping, and hobbies, taking into account the needs and interests of individual members.","[""active listening"", ""speaking"", ""social perceptiveness"", ""coordination"", ""service orientation""]","[""enforce rules and regulations of recreational facilities to maintain discipline and ensure safety."", ""organize, lead, and promote interest in recreational activities, such as arts, crafts, sports, games, camping, and hobbies."", ""assess the needs and interests of individuals and groups and plan activities accordingly, given the available equipment or facilities."", ""manage the daily operations of recreational facilities."", ""administer first aid according to prescribed procedures and notify emergency medical personnel when necessary."", ""complete and maintain time and attendance forms and inventory lists."", ""explain principles, techniques, and safety procedures to participants in recreational activities and demonstrate use of materials and equipment."", ""direct special activities or events, such as aquatics, gymnastics, or performing arts.""]"
39-9041.00,Residential Advisors,"Coordinate activities in resident facilities in secondary school and college dormitories, group homes, or similar establishments. Order supplies and determine need for maintenance, repairs, and furnishings. May maintain household records and assign rooms. May assist residents with problem solving or refer them to counseling resources.","[""social perceptiveness""]","[""communicate with other staff to resolve problems with individual students."", ""observe students to detect and report unusual behavior."", ""supervise, train, and evaluate residence hall staff, including resident assistants, participants in work-study programs, and other student workers."", ""provide emergency first aid and summon medical assistance when necessary."", ""make regular rounds to ensure that residents and areas are safe and secure."", ""mediate interpersonal problems between residents."", ""enforce rules and regulations to ensure the smooth and orderly operation of dormitory programs."", ""determine the need for facility maintenance and repair, and notify appropriate personnel."", ""collaborate with counselors to develop counseling programs that address the needs of individual students."", ""develop and coordinate educational programs for residents.""]"
41-1012.00,First-Line Supervisors of Non-Retail Sales Workers,"Directly supervise and coordinate activities of sales workers other than retail sales workers. May perform duties such as budgeting, accounting, and personnel work, in addition to supervisory duties.","[""active listening"", ""speaking"", ""monitoring"", ""management of personnel resources""]","[""monitor sales staff performance to ensure that goals are met."", ""provide staff with assistance in performing difficult or complicated duties.""]"
41-2022.00,Parts Salespersons,Sell spare and replacement parts and equipment in repair shop or parts store.,"[""active listening"", ""speaking""]","[""receive payment or obtain credit authorization."", ""assist customers, such as responding to customer complaints and updating them about back-ordered parts."", ""fill customer orders from stock, and place orders when requested items are out of stock."", ""receive and fill telephone orders for parts."", ""locate and label parts, and maintain inventory of stock."", ""prepare sales slips or sales contracts."", ""read catalogs, microfiche viewers, or computer displays to determine replacement part stock numbers and prices."", ""determine replacement parts required, according to inspections of old parts, customer requests, or customers' descriptions of malfunctions."", ""examine returned parts for defects, and exchange defective parts or refund money."", ""manage shipments by researching shipping methods or costs and tracking packages."", ""mark and store parts in stockrooms, according to prearranged systems."", ""maintain and clean work and inventory areas."", ""place new merchandise on display."", ""advise customers on substitution or modification of parts when identical replacements are not available.""]"
41-3011.00,Advertising Sales Agents,"Sell or solicit advertising space, time, or media in publications, signage, TV, radio, or Internet establishments or public spaces.","[""speaking"", ""persuasion""]","[""prepare and deliver sales presentations to new and existing customers to sell new advertising programs and to protect and increase existing advertising."", ""maintain assigned account bases while developing new accounts."", ""provide clients with estimates of the costs of advertising products or services."", ""locate and contact potential clients to offer advertising services."", ""explain to customers how specific types of advertising will help promote their products or services in the most effective way possible."", ""obtain and study information about clients' products, needs, problems, advertising history, and business practices to offer effective sales presentations and appropriate product assistance."", ""prepare promotional plans, sales literature, media kits, and sales contracts, using computer."", ""process all correspondence and paperwork related to accounts."", ""draw up contracts for advertising work, and collect payments due."", ""deliver advertising or illustration proofs to customers for approval."", ""inform customers of available options for advertisement artwork, and provide samples."", ""recommend appropriate sizes and formats for advertising, depending on medium used."", ""write copy as part of layout."", ""determine advertising medium to be used, and prepare sample advertisements within the selected medium for presentation to customers."", ""gather all relevant material for bid processes, and coordinate bidding and contract approval.""]"
41-3021.00,Insurance Sales Agents,"Sell life, property, casualty, health, automotive, or other types of insurance. May refer clients to independent brokers, work as an independent broker, or be employed by an insurance company.","[""reading comprehension""]","[""customize insurance programs to suit individual customers, often covering a variety of risks."", ""sell various types of insurance policies to businesses and individuals on behalf of insurance companies, including automobile, fire, life, property, medical and dental insurance, or specialized policies, such as marine, farm/crop, and medical malpractice."", ""explain features, advantages, and disadvantages of various policies to promote sale of insurance plans."", ""perform administrative tasks, such as maintaining records and handling policy renewals."", ""seek out new clients and develop clientele by networking to find new customers and generate lists of prospective clients."", ""call on policyholders to deliver and explain policy, to analyze insurance program and suggest additions or changes, or to change beneficiaries."", ""confer with clients to obtain and provide information when claims are made on a policy."", ""interview prospective clients to obtain data about their financial resources and needs, the physical condition of the person or property to be insured, and to discuss any existing coverage."", ""contact underwriter and submit forms to obtain binder coverage."", ""select company that offers type of coverage requested by client to underwrite policy.""]"
41-3041.00,Travel Agents,"Plan and sell transportation and accommodations for customers. Determine destination, modes of transportation, travel dates, costs, and accommodations required. May also describe, plan, and arrange itineraries and sell tour packages. May assist in resolving clients' travel problems.","[""reading comprehension"", ""active listening"", ""speaking"", ""service orientation""]","[""collect payment for transportation and accommodations from customer."", ""plan, describe, arrange, and sell itinerary tour packages and promotional travel incentives offered by various travel carriers."", ""converse with customer to determine destination, mode of transportation, travel dates, financial considerations, and accommodations required."", ""compute cost of travel and accommodations, using calculator, computer, carrier tariff books, and hotel rate books, or quote package tour's costs."", ""record and maintain information on clients, vendors, and travel packages."", ""book transportation and hotel reservations, using computer or telephone."", ""print or request transportation carrier tickets, using computer printer system or system link to travel carrier."", ""provide customer with brochures and publications containing travel information, such as local customs, points of interest, or foreign country regulations.""]"
41-4011.00,"Sales Representatives, Wholesale and Manufacturing, Technical and Scientific Products","Sell goods for wholesalers or manufacturers where technical or scientific knowledge is required in such areas as biology, engineering, chemistry, and electronics, normally obtained from at least 2 years of postsecondary education.","[""active listening"", ""speaking"", ""persuasion"", ""negotiation""]","[""negotiate prices or terms of sales or service agreements."", ""prepare and submit sales contracts for orders."", ""visit establishments to evaluate needs or to promote product or service sales."", ""maintain customer records, using automated systems."", ""answer customers' questions about products, prices, availability, or credit terms."", ""quote prices, credit terms, or other bid specifications."", ""contact new or existing customers to discuss how specific products or services can meet their needs."", ""emphasize product features, based on analyses of customers' needs and on technical knowledge of product capabilities and limitations."", ""compute customer's installation or production costs and estimate savings from new services, products, or equipment.""]"
41-4011.07,Solar Sales Representatives and Assessors,"Contact new or existing customers to determine their solar equipment needs, suggest systems or equipment, or estimate costs.","[""speaking""]","[""prepare proposals, quotes, contracts, or presentations for potential solar customers."", ""select solar energy products, systems, or services for customers based on electrical energy requirements, site conditions, price, or other factors."", ""provide customers with information, such as quotes, orders, sales, shipping, warranties, credit, funding options, incentives, or tax rebates."", ""gather information from prospective customers to identify their solar energy needs."", ""calculate potential solar resources or solar array production for a particular site considering issues such as climate, shading, and roof orientation."", ""generate solar energy customer leads to develop new accounts."", ""provide technical information about solar power, solar systems, equipment, and services to potential customers or dealers."", ""assess sites to determine suitability for solar equipment, using equipment such as tape measures, compasses, and computer software."", ""take quote requests or orders from dealers or customers."", ""prepare or review detailed design drawings, specifications, or lists related to solar installations."", ""create customized energy management packages to satisfy customer needs.""]"
41-4012.00,"Sales Representatives, Wholesale and Manufacturing, Except Technical and Scientific Products",Sell goods for wholesalers or manufacturers to businesses or groups of individuals. Work requires substantial knowledge of items sold.,"[""active listening"", ""speaking""]","[""answer customers' questions about products, prices, availability, product uses, and credit terms."", ""recommend products to customers, based on customers' needs and interests."", ""estimate or quote prices, credit or contract terms, warranties, and delivery dates."", ""consult with clients after sales or contract signings to resolve problems and to provide ongoing support."", ""prepare sales contracts and order forms."", ""provide customers with product samples and catalogs."", ""monitor market conditions, product innovations, and competitors' products, prices, and sales."", ""perform administrative duties, such as preparing sales budgets and reports, keeping sales records, and filing expense account reports.""]"
41-9021.00,Real Estate Brokers,"Operate real estate office, or work for commercial real estate firm, overseeing real estate transactions. Other duties usually include selling real estate or renting properties and arranging loans.","[""speaking""]","[""sell, for a fee, real estate owned by others."", ""obtain agreements from property owners to place properties for sale with real estate firms."", ""act as an intermediary in negotiations between buyers and sellers over property prices and settlement details and during the closing of sales."", ""generate lists of properties for sale, their locations, descriptions, and available financing options, using computers."", ""manage or operate real estate offices, handling associated business details."", ""compare a property with similar properties that have recently sold to determine its competitive market price."", ""maintain knowledge of real estate law, local economies, fair housing laws, types of available mortgages, financing options, and government programs."", ""monitor fulfillment of purchase contract terms to ensure that they are handled in a timely manner.""]"
41-9022.00,Real Estate Sales Agents,"Rent, buy, or sell property for clients. Perform duties such as study property listings, interview prospective clients, accompany clients to property site, discuss conditions of sale, and draw up real estate contracts. Includes agents who represent buyer.","[""active listening"", ""speaking""]","[""prepare documents such as representation contracts, purchase agreements, closing statements, deeds, and leases."", ""present purchase offers to sellers for consideration."", ""act as an intermediary in negotiations between buyers and sellers, generally representing one or the other."", ""generate lists of properties that are compatible with buyers' needs and financial resources."", ""confer with escrow companies, lenders, home inspectors, and pest control operators to ensure that terms and conditions of purchase agreements are met before closing dates."", ""promote sales of properties through advertisements, open houses, and participation in multiple listing services."", ""compare a property with similar properties that have recently sold to determine its competitive market price."", ""coordinate property closings, overseeing signing of documents and disbursement of funds."", ""interview clients to determine what kinds of properties they are seeking."", ""contact previous clients for prospecting of referral business."", ""review property listings, trade journals, and relevant literature, and attend conventions, seminars, and staff and association meetings, to remain knowledgeable about real estate markets."", ""answer clients' questions regarding construction work, financing, maintenance, repairs, and appraisals."", ""coordinate appointments to show homes to prospective buyers."", ""contact property owners and advertise services to solicit property sales listings."", ""advise sellers on how to make homes more appealing to potential buyers."", ""advise clients on market conditions, prices, mortgages, legal requirements, and related matters."", ""display commercial, industrial, agricultural, and residential properties to clients and explain their features."", ""accompany buyers during visits to and inspections of property, advising them on the suitability and value of the homes they are visiting.""]"
41-9031.00,Sales Engineers,"Sell business goods or services, the selling of which requires a technical background equivalent to a baccalaureate degree in engineering.","[""reading comprehension"", ""active listening"", ""speaking"", ""critical thinking"", ""social perceptiveness"", ""persuasion"", ""judgment and decision making""]","[""develop, present, or respond to proposals for specific customer requirements, including request for proposal responses and industry-specific solutions."", ""collaborate with sales teams to understand customer requirements, to promote the sale of company products, and to provide sales support."", ""create sales or service contracts for products or services."", ""visit prospective buyers at commercial, industrial, or other establishments to show samples or catalogs, and to inform them about product pricing, availability, and advantages."", ""keep informed on industry news and trends, products, services, competitors, relevant information about legacy, existing, and emerging technologies, and the latest product-line developments."", ""identify resale opportunities and support them to achieve sales plans.""]"
41-9041.00,Telemarketers,Solicit donations or orders for goods or services over the telephone.,"[""active listening"", ""speaking"", ""persuasion""]","[""contact businesses or private individuals by telephone to solicit sales for goods or services, or to request donations for charitable causes."", ""obtain customer information such as name, address, and payment method, and enter orders into computers."", ""explain products or services and prices, and answer questions from customers."", ""record names, addresses, purchases, and reactions of prospects contacted."", ""maintain records of contacts, accounts, and orders."", ""answer telephone calls from potential customers who have been solicited through advertisements."", ""deliver prepared sales talks, reading from scripts that describe products or services, to persuade potential customers to purchase a product or service or to make a donation."", ""telephone or write letters to respond to correspondence from customers or to follow up initial sales contacts.""]"
41-9091.00,"Door-to-Door Sales Workers, News and Street Vendors, and Related Workers",Sell goods or services door-to-door or on the street.,"[""speaking"", ""persuasion""]","[""explain products or services and prices and demonstrate use of products."", ""develop prospect lists."", ""deliver merchandise and collect payment."", ""write and record orders for merchandise or enter orders into computers."", ""arrange buying parties and solicit sponsorship of such parties to sell merchandise."", ""answer questions about product features and benefits.""]"
43-1011.00,First-Line Supervisors of Office and Administrative Support Workers,Directly supervise and coordinate the activities of clerical and administrative support workers.,"[""reading comprehension"", ""active listening"", ""speaking"", ""monitoring"", ""social perceptiveness"", ""coordination""]","[""supervise the work of office, administrative, or customer service employees to ensure adherence to quality standards, deadlines, and proper procedures, correcting errors or problems."", ""resolve customer complaints or answer customers' questions regarding policies and procedures."", ""provide employees with guidance in handling difficult or complex problems or in resolving escalated complaints or disputes."", ""review records or reports pertaining to activities such as production, payroll, or shipping to verify details, monitor work activities, or evaluate performance."", ""discuss job performance problems with employees to identify causes and issues and to work on resolving problems."", ""prepare and issue work schedules, deadlines, and duty assignments for office or administrative staff."", ""recruit, interview, and select employees."", ""interpret and communicate work procedures and company policies to staff."", ""evaluate employees' job performance and conformance to regulations and recommend appropriate personnel action.""]"
43-2011.00,"Switchboard Operators, Including Answering Service","Operate telephone business systems equipment or switchboards to relay incoming, outgoing, and interoffice calls. May supply information to callers and record messages.","[""active listening""]","[""operate communication systems, such as telephone, switchboard, intercom, two-way radio, or public address."", ""answer incoming calls, greeting callers, providing information, transferring calls or taking messages as necessary."", ""greet visitors, log them in and out of the facility, assign them security badges, and contact employee escorts."", ""monitor emergency and code alarms, make emergency announcements, or route emergency calls to the appropriate location."", ""record messages, suggesting rewording for clarity or conciseness."", ""page individuals to inform them of telephone calls, using paging or interoffice communication equipment."", ""relay or route written or verbal messages."", ""perform various cash handling tasks, such as collecting payments, making bank deposits, or managing petty cash."", ""place telephone calls or arrange conference calls as instructed.""]"
43-2021.00,Telephone Operators,"Provide information by accessing alphabetical, geographical, or other directories. Assist customers with special billing requests, such as charges to a third party and credits or refunds for incorrectly dialed numbers or bad connections. May handle emergency calls and assist children or people with physical disabilities to make telephone calls.","[""active listening"", ""speaking""]","[""observe signal lights on switchboards, and dial or press buttons to make connections."", ""operate telephone switchboards and systems to advance and complete connections, including those for local, long distance, pay telephone, mobile, person-to-person, and emergency calls."", ""listen to customer requests, referring to alphabetical or geographical directories to answer questions and provide telephone information."", ""update directory information."", ""suggest and check alternate spellings, locations, or listing formats to customers lacking details or complete information."", ""perform clerical duties such as typing, proofreading, and sorting mail."", ""offer special assistance to persons such as those who are unable to dial or who are in emergency situations.""]"
43-3061.00,Procurement Clerks,Compile information and records to draw up purchase orders for procurement of materials and services.,"[""reading comprehension"", ""speaking""]","[""track the status of requisitions, contracts, and orders."", ""perform buying duties when necessary."", ""prepare purchase orders and send copies to suppliers and to departments originating requests."", ""calculate costs of orders, and charge or forward invoices to appropriate accounts."", ""compare prices, specifications, and delivery dates to determine the best bid among potential suppliers."", ""approve and pay bills."", ""maintain knowledge of all organizational and governmental rules affecting purchases, and provide information about these rules to organization staff members and to vendors."", ""determine if inventory quantities are sufficient for needs, ordering more materials when necessary."", ""check shipments when they arrive to ensure that orders have been filled correctly and that goods meet specifications."", ""contact suppliers to schedule or expedite deliveries and to resolve shortages, missed or late deliveries, and other problems."", ""prepare, maintain, and review purchasing files, reports and price lists."", ""review requisition orders to verify accuracy, terminology, and specifications."", ""respond to customer and supplier inquiries about order status, changes, or cancellations."", ""monitor in-house inventory movement and complete inventory transfer forms for bookkeeping purposes.""]"
43-4021.00,Correspondence Clerks,"Compose letters or electronic correspondence in reply to requests for merchandise, damage claims, credit and other information, delinquent accounts, incorrect billings, or unsatisfactory services. Duties may include gathering data to formulate reply and preparing correspondence.","[""writing""]","[""maintain files and control records to show correspondence activities.""]"
43-4051.00,Customer Service Representatives,"Interact with customers to provide basic or scripted information in response to routine inquiries about products and services. May handle and resolve general complaints. Excludes individuals whose duties are primarily installation, sales, repair, and technical support.","[""active listening"", ""service orientation""]","[""confer with customers by telephone or in person to provide information about products or services, take or enter orders, cancel accounts, or obtain details of complaints."", ""keep records of customer interactions or transactions, recording details of inquiries, complaints, or comments, as well as actions taken."", ""check to ensure that appropriate changes were made to resolve customers' problems."", ""contact customers to respond to inquiries or to notify them of claim investigation results or any planned adjustments."", ""determine charges for services requested, collect deposits or payments, or arrange for billing."", ""complete contract forms, prepare change of address records, or issue service discontinuance orders, using computers."", ""refer unresolved customer grievances to designated departments for further investigation.""]"
43-4061.00,"Eligibility Interviewers, Government Programs","Determine eligibility of persons applying to receive assistance from government programs and agency resources, such as welfare, unemployment benefits, social security, and public housing.","[""active listening"", ""speaking""]","[""compute and authorize amounts of assistance for programs, such as grants, monetary payments, and food stamps."", ""keep records of assigned cases, and prepare required reports."", ""compile, record, and evaluate personal and financial data to verify completeness and accuracy, and to determine eligibility status."", ""interview and investigate applicants for public assistance to gather information pertinent to their applications."", ""interview benefits recipients at specified intervals to certify their eligibility for continuing benefits."", ""interpret and explain information such as eligibility requirements, application details, payment methods, and applicants' legal rights."", ""initiate procedures to grant, modify, deny, or terminate assistance, or refer applicants to other agencies for assistance."", ""check with employers or other references to verify answers and obtain further information."", ""answer applicants' questions about benefits and claim procedures.""]"
43-4111.00,"Interviewers, Except Eligibility and Loan","Interview persons by telephone, mail, in person, or by other means for the purpose of completing forms, applications, or questionnaires. Ask specific questions, record answers, and assist persons with completing form. May sort, classify, and file forms.","[""active listening""]","[""ask questions in accordance with instructions to obtain various specified information, such as person's name, address, age, religious preference, or state of residency."", ""identify and report problems in obtaining valid data."", ""ensure payment for services by verifying benefits with the person's insurance provider or working out financing options."", ""perform office duties, such as telemarketing or customer service inquiries, maintaining staff records, billing patients, or receiving payments."", ""review data obtained from interview for completeness and accuracy."", ""compile, record, and code results or data from interview or survey, using computer or specified form."", ""perform patient services, such as answering the telephone or assisting patients with financial or medical questions."", ""assist individuals in filling out applications or questionnaires.""]"
43-4131.00,Loan Interviewers and Clerks,"Interview loan applicants to elicit information; investigate applicants' backgrounds and verify references; prepare loan request papers; and forward findings, reports, and documents to appraisal department. Review loan papers to ensure completeness, and complete transactions between loan establishment, borrowers, and sellers upon approval of loan.","[""active listening"", ""speaking""]","[""verify and examine information and accuracy of loan application and closing documents."", ""assemble and compile documents for loan closings, such as title abstracts, insurance forms, loan forms, and tax receipts."", ""record applications for loan and credit, loan information, and disbursements of funds, using computers."", ""submit loan applications with recommendation for underwriting approval."", ""contact customers by mail, telephone, or in person concerning acceptance or rejection of applications."", ""file and maintain loan records."", ""contact credit bureaus, employers, and other sources to check applicants' credit and personal references."", ""check value of customer collateral to be held as loan security."", ""interview loan applicants to obtain personal and financial data and to assist in completing applications."", ""prepare and type loan applications, closing documents, legal documents, letters, forms, government notices, and checks, using computers."", ""review customer accounts to determine whether payments are made on time and that other loan terms are being followed."", ""calculate, review, and correct errors on interest, principal, payment, and closing costs, using computers or calculators."", ""answer questions and advise customers regarding loans and transactions."", ""present loan and repayment schedules to customers.""]"
43-4141.00,New Accounts Clerks,Interview persons desiring to open accounts in financial institutions. Explain account services available to prospective customers and assist them in preparing applications.,"[""active listening"", ""speaking""]","[""perform teller duties as required."", ""compile information about new accounts, enter account information into computers, and file related forms or other documents."", ""collect and record customer deposits and fees and issue receipts, using computers."", ""inform customers of procedures for applying for services, such as atm cards, direct deposit of checks, and certificates of deposit."", ""answer customers' questions and explain available services, such as deposit accounts, bonds, and securities."", ""interview customers to obtain information needed for opening accounts or renting safe-deposit boxes."", ""refer customers to appropriate bank personnel to meet their financial needs."", ""investigate and correct errors upon customers' request, according to customer and bank records."", ""execute wire transfers of funds."", ""issue initial and replacement safe-deposit keys to customers, and admit customers to vaults.""]"
43-4151.00,Order Clerks,"Receive and process incoming orders for materials, merchandise, classified ads, or services such as repairs, installations, or rental of facilities. Generally receives orders via mail, phone, fax, or other electronic means. Duties include informing customers of receipt, prices, shipping dates, and delays; preparing contracts; and handling complaints.","[""active listening""]","[""review orders for completeness according to reporting procedures and forward incomplete orders for further processing."", ""obtain customers' names, addresses, and billing information, product numbers, and specifications of items to be purchased, and enter this information on order forms."", ""recommend merchandise or services that will meet customers' needs."", ""inspect outgoing work for compliance with customers' specifications."", ""receive and respond to customer complaints."", ""check inventory records to determine availability of requested merchandise."", ""verify customer and order information for correctness, checking it against previously obtained information as necessary."", ""compute total charges for merchandise or services and shipping charges.""]"
43-4161.00,"Human Resources Assistants, Except Payroll and Timekeeping","Compile and keep personnel records. Record data for each employee, such as address, weekly earnings, absences, amount of sales or production, supervisory reports, and date of and reason for termination. May prepare reports for employment records, file employment records, or search employee files and furnish information to authorized persons.","[""reading comprehension"", ""active listening""]","[""process, verify, and maintain personnel related documentation, including staffing, recruitment, training, grievances, performance evaluations, classifications, and employee leaves of absence."", ""record data for each employee, including such information as addresses, weekly earnings, absences, amount of sales or production, supervisory reports on performance, and dates of and reasons for terminations."", ""explain company personnel policies, benefits, and procedures to employees or job applicants.""]"
43-4181.00,Reservation and Transportation Ticket Agents and Travel Clerks,"Make and confirm reservations for transportation or lodging, or sell transportation tickets. May check baggage and direct passengers to designated concourse, pier, or track; deliver tickets and contact individuals and groups to inform them of package tours; or provide tourists with travel or transportation information.","[""active listening"", ""speaking"", ""service orientation""]","[""examine passenger documentation to determine destinations and to assign boarding passes."", ""trace lost, delayed, or misdirected baggage for customers."", ""check baggage and cargo and direct passengers to designated locations for loading."", ""provide boarding or disembarking assistance to passengers needing special assistance."", ""confer with customers to determine their service requirements and travel preferences."", ""announce arrival and departure information, using public address systems."", ""determine whether space is available on travel dates requested by customers, assigning requested spaces when available."", ""assemble and issue required documentation, such as tickets, travel insurance policies, or itineraries."", ""maintain computerized inventories of available passenger space and provide information on space reserved or available."", ""inform clients of essential travel information, such as travel times, transportation connections, or medical and visa requirements."", ""answer inquiries regarding information, such as schedules, accommodations, procedures, or policies."", ""plan routes, itineraries, and accommodation details, and compute fares and fees, using schedules, rate books, and computers."", ""make and confirm reservations for transportation and accommodations, using telephones, faxes, mail, and computers.""]"
43-5031.00,Public Safety Telecommunicators,"Operate telephone, radio, or other communication systems to receive and communicate requests for emergency assistance at 9-1-1 public safety answering points and emergency operations centers. Take information from the public and other sources regarding crimes, threats, disturbances, acts of terrorism, fires, medical emergencies, and other public safety matters. May coordinate and provide information to law enforcement and emergency response personnel. May access sensitive databases and other information sources as needed. May provide additional instructions to callers based on knowledge of and certification in law enforcement, fire, or emergency medical procedures.","[""active listening"", ""speaking""]","[""provide emergency medical instructions to callers."", ""question callers to determine their locations and the nature of their problems to determine type of response needed."", ""determine response requirements and relative priorities of situations, and dispatch units in accordance with established procedures."", ""receive incoming telephone or alarm system calls regarding emergency and non-emergency police and fire service, emergency ambulance service, information, and after-hours calls for departments within a city."", ""relay information and messages to and from emergency sites, to law enforcement agencies, and to all other individuals or groups requiring notification."", ""record details of calls, dispatches, and messages."", ""monitor various radio frequencies, such as those used by public works departments, school security, and civil defense, to stay apprised of developing situations."", ""read and effectively interpret small-scale maps and information from a computer screen to determine locations and provide directions."", ""maintain access to, and security of, highly sensitive materials."", ""enter, update, and retrieve information from teletype networks and computerized data systems regarding such things as wanted persons, stolen property, vehicle registration, and stolen vehicles."", ""scan status charts and computer screens, and contact emergency response field units to determine emergency units available for dispatch."", ""answer routine inquiries, and refer calls not requiring dispatches to appropriate departments and agencies."", ""learn material and pass required tests for certification."", ""observe alarm registers and scan maps to determine whether a specific emergency is in the dispatch service area."", ""maintain files of information relating to emergency calls, such as personnel rosters and emergency call-out and pager files."", ""test and adjust communication and alarm systems, and report malfunctions to maintenance units.""]"
43-5032.00,"Dispatchers, Except Police, Fire, and Ambulance","Schedule and dispatch workers, work crews, equipment, or service vehicles for conveyance of materials, freight, or passengers, or for normal installation, service, or emergency repairs rendered outside the place of business. Duties may include using radio, telephone, or computer to transmit assignments and compiling statistics and reports on work progress.","[""active listening"", ""speaking""]","[""schedule or dispatch workers, work crews, equipment, or service vehicles to appropriate locations, according to customer requests, specifications, or needs, using radios or telephones."", ""prepare daily work and run schedules."", ""confer with customers or supervising personnel to address questions, problems, or requests for service or equipment."", ""relay work orders, messages, or information to or from work crews, supervisors, or field inspectors, using telephones or two-way radios."", ""receive or prepare work orders."", ""record and maintain files or records of customer requests, work or services performed, charges, expenses, inventory, or other dispatch information."", ""arrange for necessary repairs to restore service and schedules."", ""monitor personnel or equipment locations and utilization to coordinate service and schedules."", ""determine types or amounts of equipment, vehicles, materials, or personnel required, according to work orders or specifications.""]"
43-6011.00,Executive Secretaries and Executive Administrative Assistants,"Provide high-level administrative support by conducting research, preparing statistical reports, and handling information requests, as well as performing routine administrative functions such as preparing correspondence, receiving visitors, arranging conference calls, and scheduling meetings. May also train and supervise lower-level clerical staff.","[""reading comprehension"", ""active listening""]","[""manage and maintain executives' schedules."", ""make travel arrangements for executives."", ""prepare invoices, reports, memos, letters, financial statements, and other documents, using word processing, spreadsheet, database, or presentation software."", ""coordinate and direct office services, such as records, departmental finances, budget preparation, personnel issues, and housekeeping, to aid executives."", ""answer phone calls and direct calls to appropriate parties or take messages."", ""prepare responses to correspondence containing routine inquiries."", ""open, sort, and distribute incoming correspondence, including faxes and email."", ""greet visitors and determine whether they should be given access to specific individuals.""]"
43-6012.00,Legal Secretaries and Administrative Assistants,"Perform secretarial duties using legal terminology, procedures, and documents. Prepare legal papers and correspondence, such as summonses, complaints, motions, and subpoenas. May also assist with legal research.","[""reading comprehension"", ""active listening""]","[""organize and maintain law libraries, documents, and case files."", ""mail, fax, or arrange for delivery of legal correspondence to clients, witnesses, and court officials."", ""prepare and distribute invoices to bill clients or pay account expenses."", ""prepare, proofread, or process legal documents, such as summonses, subpoenas, complaints, appeals, motions, or pretrial agreements."", ""make photocopies of correspondence, documents, and other printed matter."", ""assist attorneys in collecting information such as employment, medical, and other records."", ""complete various forms, such as accident reports, trial and courtroom requests, and applications for clients."", ""receive and place telephone calls."", ""schedule and make appointments.""]"
43-6013.00,Medical Secretaries and Administrative Assistants,"Perform secretarial duties using specific knowledge of medical terminology and hospital, clinic, or laboratory procedures. Duties may include scheduling appointments, billing patients, and compiling and recording medical charts, reports, and correspondence.","[""speaking""]","[""answer telephones and direct calls to appropriate staff."", ""schedule and confirm patient diagnostic appointments, surgeries, or medical consultations."", ""complete insurance or other claim forms."", ""greet visitors, ascertain purpose of visit, and direct them to appropriate staff."", ""transmit correspondence or medical records by mail, e-mail, or fax."", ""maintain medical records, technical library, or correspondence files."", ""receive and route messages or documents, such as laboratory results, to appropriate staff."", ""interview patients to complete documents, case histories, or forms, such as intake or insurance forms."", ""operate office equipment, such as voice mail messaging systems, and use word processing, spreadsheet, or other software applications to prepare reports, invoices, financial statements, letters, case histories, or medical records."", ""perform bookkeeping duties, such as credits or collections, preparing and sending financial statements or bills, and keeping financial records.""]"
43-6014.00,"Secretaries and Administrative Assistants, Except Legal, Medical, and Executive","Perform routine administrative functions such as drafting correspondence, scheduling appointments, organizing and maintaining paper and electronic files, or providing information to callers.","[""active listening"", ""speaking""]","[""answer telephones and give information to callers, take messages, or transfer calls to appropriate individuals."", ""greet visitors or callers and handle their inquiries or direct them to the appropriate persons according to their needs."", ""create, maintain, and enter information into databases."", ""use computers for various applications, such as database management or word processing."", ""operate office equipment, such as fax machines, copiers, or phone systems and arrange for repairs when equipment malfunctions."", ""set up and manage paper or electronic filing systems, recording information, updating paperwork, or maintaining documents, such as attendance records, correspondence, or other material.""]"
43-9081.00,Proofreaders and Copy Markers,"Read transcript or proof type setup to detect and mark for correction any grammatical, typographical, or compositional errors. Excludes workers whose primary duty is editing copy. Includes proofreaders of braille.","[""reading comprehension""]","[""mark copy to indicate and correct errors in type, arrangement, grammar, punctuation, or spelling, using standard printers' marks."", ""read corrected copies or proofs to ensure that all corrections have been made."", ""correct or record omissions, errors, or inconsistencies found."", ""compare information or figures on one record against same data on other records, or with original copy, to detect errors."", ""route proofs with marked corrections to authors, editors, typists, or typesetters for correction or reprinting."", ""consult reference books or secure aid of readers to check references with rules of grammar and composition.""]"
43-9111.00,Statistical Assistants,Compile and compute data according to statistical formulas for use in statistical studies. May perform actuarial computations and compile charts and graphs for use by actuaries. Includes actuarial clerks.,"[""mathematics""]","[""compute and analyze data, using statistical formulas and computers or calculators."", ""check source data to verify completeness and accuracy."", ""enter data into computers for use in analyses or reports."", ""compile reports, charts, or graphs that describe and interpret findings of analyses."", ""participate in the publication of data or information."", ""file data and related information, and maintain and update databases."", ""organize paperwork, such as survey forms or reports, for distribution or analysis."", ""code data prior to computer entry, using lists of codes."", ""compile statistics from source materials, such as production or sales records, quality-control or test records, time sheets, or survey sheets.""]"
45-2011.00,Agricultural Inspectors,"Inspect agricultural commodities, processing equipment, and facilities, and fish and logging operations, to ensure compliance with regulations and laws governing health, quality, and safety.","[""quality control analysis""]","[""inspect food products and processing procedures to determine whether products are safe to eat."", ""interpret and enforce government acts and regulations and explain required standards to agricultural workers.""]"
45-4022.00,Logging Equipment Operators,"Drive logging tractor or wheeled vehicle equipped with one or more accessories, such as bulldozer blade, frontal shear, grapple, logging arch, cable winches, hoisting rack, or crane boom, to fell tree; to skid, load, unload, or stack logs; or to pull stumps or clear brush. Includes operating stand-alone logging machines, such as log chippers.","[""operation and control""]","[""inspect equipment for safety prior to use, and perform necessary basic maintenance tasks."", ""control hydraulic tractors equipped with tree clamps and booms to lift, swing, and bunch sheared trees."", ""grade logs according to characteristics such as knot size and straightness, and according to established industry or company standards."", ""drive straight or articulated tractors equipped with accessories such as bulldozer blades, grapples, logging arches, cable winches, and crane booms to skid, load, unload, or stack logs, pull stumps, or clear brush.""]"
47-2072.00,Pile Driver Operators,"Operate pile drivers mounted on skids, barges, crawler treads, or locomotive cranes to drive pilings for retaining walls, bulkheads, and foundations of structures such as buildings, bridges, and piers.","[""operations monitoring"", ""operation and control""]","[""move hand and foot levers of hoisting equipment to position piling leads, hoist piling into leads, and position hammers over pilings."", ""move levers and turn valves to activate power hammers, or to raise and lower drophammers that drive piles to required depths."", ""drive pilings to provide support for buildings or other structures, using heavy equipment with a pile driver head."", ""conduct pre-operational checks on equipment to ensure proper functioning."", ""clean, lubricate, and refill equipment.""]"
47-2073.00,Operating Engineers and Other Construction Equipment Operators,"Operate one or several types of power construction equipment, such as motor graders, bulldozers, scrapers, compressors, pumps, derricks, shovels, tractors, or front-end loaders to excavate, move, and grade earth, erect structures, or pour concrete or other hard surface pavement. May repair and maintain equipment in addition to other duties.","[""operation and control""]","[""learn and follow safety regulations."", ""take actions to avoid potential hazards or obstructions, such as utility lines, other equipment, other workers, or falling objects."", ""start engines, move throttles, switches, or levers, or depress pedals to operate machines, such as bulldozers, trench excavators, road graders, or backhoes."", ""coordinate machine actions with other activities, positioning or moving loads in response to hand or audio signals from crew members."", ""align machines, cutterheads, or depth gauge makers with reference stakes and guidelines or ground or position equipment, following hand signals of other workers."", ""locate underground services, such as pipes or wires, prior to beginning work."", ""signal operators to guide movement of tractor-drawn machines."", ""repair and maintain equipment, making emergency adjustments or assisting with major repairs as necessary."", ""load and move dirt, rocks, equipment, or other materials, using trucks, crawler tractors, power cranes, shovels, graders, or related equipment."", ""drive and maneuver equipment equipped with blades in successive passes over working areas to remove topsoil, vegetation, or rocks or to distribute and level earth or terrain."", ""operate tractors or bulldozers to perform such tasks as clearing land, mixing sludge, trimming backfills, or building roadways or parking lots."", ""monitor operations to ensure that health and safety standards are met."", ""connect hydraulic hoses, belts, mechanical linkages, or power takeoff shafts to tractors."", ""select and fasten bulldozer blades or other attachments to tractors, using hitches.""]"
47-2111.00,Electricians,"Install, maintain, and repair electrical wiring, equipment, and fixtures. Ensure that work is in accordance with relevant codes. May install or service street lights, intercom systems, or electrical control systems.","[""troubleshooting""]","[""prepare sketches or follow blueprints to determine the location of wiring or equipment and to ensure conformance to building and safety codes."", ""place conduit, pipes, or tubing, inside designated partitions, walls, or other concealed areas, and pull insulated wires or cables through the conduit to complete circuits between boxes."", ""work from ladders, scaffolds, or roofs to install, maintain, or repair electrical wiring, equipment, or fixtures."", ""use a variety of tools or equipment, such as power construction equipment, measuring devices, power tools, and testing equipment, such as oscilloscopes, ammeters, or test lamps."", ""assemble, install, test, or maintain electrical or electronic wiring, equipment, appliances, apparatus, or fixtures, using hand tools or power tools."", ""connect wires to circuit breakers, transformers, or other components."", ""maintain current electrician's license or identification card to meet governmental regulations."", ""plan layout and installation of electrical wiring, equipment, or fixtures, based on job specifications and local codes."", ""direct or train workers to install, maintain, or repair electrical wiring, equipment, or fixtures."", ""test electrical systems or continuity of circuits in electrical wiring, equipment, or fixtures, using testing devices, such as ohmmeters, voltmeters, or oscilloscopes, to ensure compatibility and safety of system."", ""diagnose malfunctioning systems, apparatus, or components, using test equipment and hand tools to locate the cause of a breakdown and correct the problem.""]"
47-2152.04,Solar Thermal Installers and Technicians,"Install or repair solar energy systems designed to collect, store, and circulate solar-heated water for residential, commercial or industrial use.","[""installation""]","[""test operation or functionality of mechanical, plumbing, electrical, and control systems."", ""apply weather seal, such as pipe flashings and sealants, to roof penetrations and structural devices."", ""install solar collector mounting devices on tile, asphalt, shingle, or built-up gravel roofs, using appropriate materials and penetration methods."", ""install copper or plastic plumbing using pipes, fittings, pipe cutters, acetylene torches, solder, wire brushes, sand cloths, flux, plastic pipe cleaners, or plastic glue."", ""identify plumbing, electrical, environmental, or safety hazards associated with solar thermal installations."", ""demonstrate start-up, shut-down, maintenance, diagnostic, and safety procedures to thermal system owners."", ""install circulating pumps using pipe, fittings, soldering equipment, electrical supplies, and hand tools."", ""install flat-plat, evacuated glass, or concentrating solar collectors on mounting devices, using brackets or struts."", ""install solar thermal system controllers and sensors."", ""fill water tanks and check tanks, pipes, and fittings for leaks."", ""design active direct or indirect, passive direct or indirect, or pool solar systems."", ""determine locations for installing solar subsystem components, including piping, water heaters, valves, and ancillary equipment."", ""perform routine maintenance or repairs to restore solar thermal systems to baseline operating conditions."", ""install heat exchangers and heat exchanger fluids according to installation manuals and schematics."", ""apply operation or identification tags or labels to system components, as required."", ""connect water heaters and storage tanks to power and water sources."", ""cut, miter, and glue piping insulation to insulate plumbing pipes and fittings."", ""install plumbing, such as dip tubes, port fittings, drain tank valves, pressure temperature relief valves, or tanks, according to manufacturer specifications and building codes."", ""install monitoring system components, such as flow meters, temperature gauges, and pressure gauges, according to system design and manufacturer specifications."", ""assess collector sites to ensure structural integrity of potential mounting surfaces or the best orientation and tilt for solar collectors.""]"
47-4011.00,Construction and Building Inspectors,"Inspect structures using engineering skills to determine structural soundness and compliance with specifications, building codes, and other regulations. Inspections may be general in nature or may be limited to a specific area, such as electrical systems or plumbing.","[""reading comprehension""]","[""approve building plans that meet required specifications."", ""review and interpret plans, blueprints, site layouts, specifications, or construction methods to ensure compliance to legal requirements and safety regulations."", ""issue permits for construction, relocation, demolition, or occupancy."", ""inspect bridges, dams, highways, buildings, wiring, plumbing, electrical circuits, sewers, heating systems, or foundations during and after construction for structural quality, general safety, or conformance to specifications and codes."", ""monitor installation of plumbing, wiring, equipment, or appliances to ensure that installation is performed properly and is in compliance with applicable regulations."", ""inspect and monitor construction sites to ensure adherence to safety standards, building codes, or specifications."", ""confer with owners, violators, or authorities to explain regulations or recommend remedial actions.""]"
47-4021.00,Elevator and Escalator Installers and Repairers,"Assemble, install, repair, or maintain electric or hydraulic freight or passenger elevators, escalators, or dumbwaiters.","[""equipment maintenance"", ""troubleshooting"", ""repairing""]","[""inspect wiring connections, control panel hookups, door installations, and alignments and clearances of cars and hoistways to ensure that equipment will operate properly."", ""assemble, install, repair, and maintain elevators, escalators, moving sidewalks, and dumbwaiters, using hand and power tools, and testing devices such as test lamps, ammeters, and voltmeters."", ""disassemble defective units, and repair or replace parts such as locks, gears, cables, and electric wiring."", ""check that safety regulations and building codes are met, and complete service reports verifying conformance to standards."", ""locate malfunctions in brakes, motors, switches, and signal and control systems, using test equipment."", ""adjust safety controls, counterweights, door mechanisms, and components such as valves, ratchets, seals, and brake linings."", ""read and interpret blueprints to determine the layout of system components, frameworks, and foundations, and to select installation equipment."", ""connect car frames to counterweights, using steel cables."", ""maintain log books that detail all repairs and checks performed."", ""connect electrical wiring to control panels and electric motors."", ""test newly installed equipment to ensure that it meets specifications, such as stopping at floors for set amounts of time."", ""participate in additional training to keep skills up to date."", ""operate elevators to determine power demands, and test power consumption to detect overload factors."", ""install electrical wires and controls by attaching conduit along shaft walls from floor to floor and pulling plastic-covered wires through the conduit.""]"
47-5011.00,"Derrick Operators, Oil and Gas",Rig derrick equipment and operate pumps to circulate mud or fluid through drill hole.,"[""operations monitoring""]","[""inspect derricks, or order their inspection, prior to being raised or lowered."", ""inspect derricks for flaws, and clean and oil derricks to maintain proper working conditions."", ""control the viscosity and weight of the drilling fluid."", ""repair pumps, mud tanks, and related equipment."", ""set and bolt crown blocks to posts at tops of derricks."", ""listen to mud pumps and check regularly for vibration and other problems to ensure that rig pumps and drilling mud systems are working properly."", ""start pumps that circulate mud through drill pipes and boreholes to cool drill bits and flush out drill cuttings."", ""position and align derrick elements, using harnesses and platform climbing devices."", ""supervise crew members, and provide assistance in training them."", ""guide lengths of pipe into and out of elevators."", ""prepare mud reports, and instruct crews about the handling of any chemical additives.""]"
47-5013.00,"Service Unit Operators, Oil and Gas","Operate equipment to increase oil flow from producing wells or to remove stuck pipe, casing, tools, or other obstructions from drilling wells. Includes fishing-tool technicians.","[""operations monitoring""]","[""maintain and perform safety inspections on equipment and tools."", ""operate controls that raise derricks or level rigs."", ""listen to engines, rotary chains, or other equipment to detect faulty operations or unusual well conditions."", ""prepare reports of services rendered, tools used, or time required, for billing purposes."", ""install pressure-control devices onto wellheads."", ""confer with others to gather information regarding pipe or tool sizes or borehole conditions in wells."", ""operate pumps that circulate water, oil, or other fluids through wells to remove sand or other materials obstructing the free flow of oil."", ""drive truck-mounted units to well sites."", ""interpret instrument readings to ascertain the depth of obstruction.""]"
47-5022.00,"Excavating and Loading Machine and Dragline Operators, Surface Mining","Operate or tend machinery at surface mining site, equipped with scoops, shovels, or buckets to excavate and load loose materials.","[""operation and control""]","[""move levers, depress foot pedals, and turn dials to operate power machinery, such as power shovels, stripping shovels, scraper loaders, or backhoes."", ""set up or inspect equipment prior to operation."", ""become familiar with digging plans, machine capabilities and limitations, and efficient and safe digging procedures in a given application."", ""observe hand signals, grade stakes, or other markings when operating machines so that work can be performed to specifications."", ""operate machinery to perform activities such as backfilling excavations, vibrating or breaking rock or concrete, or making winter roads."", ""receive written or oral instructions regarding material movement or excavation.""]"
47-5023.00,"Earth Drillers, Except Oil and Gas","Operate a variety of drills such as rotary, churn, and pneumatic to tap subsurface water and salt deposits, to remove core samples during mineral exploration or soil testing, and to facilitate the use of explosives in mining or construction. Includes horizontal and earth boring machine operators.","[""operations monitoring""]","[""operate controls to stabilize machines and to position and align drills."", ""start, stop, and control drilling speed of machines and insertion of casings into holes."", ""regulate air pressure, rotary speed, and downward pressure, according to the type of rock or concrete being drilled."", ""select and attach drill bits and drill rods, adding more rods as hole depths increase, and changing drill bits as needed."", ""drive or guide truck-mounted equipment into position, level and stabilize rigs, and extend telescoping derricks."", ""operate machines to flush earth cuttings or to blow dust from holes."", ""verify depths and alignments of boring positions."", ""perform routine maintenance and upgrade work on machines and equipment, such as replacing parts, building up drill bits, and lubricating machinery."", ""select the appropriate drill for the job, using knowledge of rock or soil conditions."", ""document geological formations encountered during work."", ""drive trucks, tractors, or truck-mounted drills to and from work sites.""]"
49-2092.00,"Electric Motor, Power Tool, and Related Repairers","Repair, maintain, or install electric motors, wiring, or switches.","[""repairing""]","[""inspect and test equipment to locate damage or worn parts and diagnose malfunctions, or read work orders or schematic drawings to determine required repairs."", ""reassemble repaired electric motors to specified requirements and ratings, using hand tools and electrical meters."", ""measure velocity, horsepower, revolutions per minute (rpm), amperage, circuitry, and voltage of units or parts to diagnose problems, using ammeters, voltmeters, wattmeters, and other testing devices."", ""repair and rebuild defective mechanical parts in electric motors, generators, and related equipment, using hand tools and power tools."", ""lift units or parts such as motors or generators, using cranes or chain hoists, or signal crane operators to lift heavy parts or subassemblies."", ""record repairs required, parts used, and labor time."", ""disassemble defective equipment so that repairs can be made, using hand tools."", ""adjust working parts, such as fan belts, contacts, and springs, using hand tools and gauges.""]"
49-3011.00,Aircraft Mechanics and Service Technicians,"Diagnose, adjust, repair, or overhaul aircraft engines and assemblies, such as hydraulic and pneumatic systems.","[""operations monitoring"", ""equipment maintenance"", ""troubleshooting"", ""repairing""]","[""examine and inspect aircraft components, including landing gear, hydraulic systems, and deicers to locate cracks, breaks, leaks, or other problems."", ""conduct routine and special inspections as required by regulations."", ""inspect completed work to certify that maintenance meets standards and that aircraft are ready for operation."", ""read and interpret maintenance manuals, service bulletins, and other specifications to determine the feasibility and method of repairing or replacing malfunctioning or damaged components."", ""maintain repair logs, documenting all preventive and corrective aircraft maintenance."", ""modify aircraft structures, space vehicles, systems, or components, following drawings, schematics, charts, engineering orders, and technical publications."", ""inspect airframes for wear or other defects."", ""measure parts for wear, using precision instruments."", ""obtain fuel and oil samples and check them for contamination."", ""maintain, repair, and rebuild aircraft structures, functional components, and parts, such as wings and fuselage, rigging, hydraulic units, oxygen systems, fuel systems, electrical systems, gaskets, or seals."", ""replace or repair worn, defective, or damaged components, using hand tools, gauges, and testing equipment."", ""read and interpret pilots' descriptions of problems to diagnose causes."", ""test operation of engines and other systems, using test equipment, such as ignition analyzers, compression checkers, distributor timers, or ammeters."", ""measure the tension of control cables."", ""spread plastic film over areas to be repaired to prevent damage to surrounding areas."", ""remove or install aircraft engines, using hoists or forklift trucks."", ""assemble and install electrical, plumbing, mechanical, hydraulic, and structural components and accessories, using hand or power tools."", ""locate and mark dimensions and reference lines on defective or replacement parts, using templates, scribes, compasses, and steel rules."", ""fabricate defective sections or parts, using metal fabricating machines, saws, brakes, shears, and grinders."", ""reassemble engines following repair or inspection and reinstall engines in aircraft."", ""service and maintain aircraft and related apparatus by performing activities such as flushing crankcases, cleaning screens, and or moving parts."", ""clean, refuel, and change oil in line service aircraft."", ""trim and shape replacement body sections to specified sizes and fits and secure sections in place, using adhesives, hand tools, and power tools.""]"
49-3031.00,Bus and Truck Mechanics and Diesel Engine Specialists,"Diagnose, adjust, repair, or overhaul buses and trucks, or maintain and repair any type of diesel engines. Includes mechanics working primarily with automobile or marine diesel engines.","[""troubleshooting"", ""repairing""]","[""use handtools, such as screwdrivers, pliers, wrenches, pressure gauges, or precision instruments, as well as power tools, such as pneumatic wrenches, lathes, welding equipment, or jacks and hoists."", ""inspect brake systems, steering mechanisms, wheel bearings, and other important parts to ensure that they are in proper operating condition."", ""raise trucks, buses, and heavy parts or equipment using hydraulic jacks or hoists."", ""adjust and reline brakes, align wheels, tighten bolts and screws, and reassemble equipment."", ""attach test instruments to equipment, and read dials and gauges to diagnose malfunctions."", ""perform routine maintenance such as changing oil, checking batteries, and lubricating equipment and machinery."", ""examine and adjust protective guards, loose bolts, and specified safety devices."", ""inspect, test, and listen to defective equipment to diagnose malfunctions, using test instruments such as handheld computers, motor analyzers, chassis charts, or pressure gauges."", ""rewire ignition systems, lights, and instrument panels."", ""test drive trucks and buses to diagnose malfunctions or to ensure that they are working properly."", ""diagnose and repair vehicle heating and cooling systems."", ""inspect, repair, and maintain automotive and mechanical equipment and machinery, such as pumps and compressors.""]"
49-3041.00,Farm Equipment Mechanics and Service Technicians,"Diagnose, adjust, repair, or overhaul farm machinery and vehicles, such as tractors, harvesters, dairy equipment, and irrigation systems.","[""equipment maintenance"", ""repairing""]","[""maintain, repair, and overhaul farm machinery and vehicles, such as tractors, harvesters, and irrigation systems."", ""dismantle defective machines for repair, using hand tools."", ""record details of repairs made and parts used."", ""reassemble machines and equipment following repair, testing operation and making adjustments, as necessary."", ""clean and lubricate parts."", ""test and replace electrical components and wiring, using test meters, soldering equipment, and hand tools."", ""tune or overhaul engines."", ""examine and listen to equipment, read inspection reports, and confer with customers to locate and diagnose malfunctions."", ""repair or replace defective parts, using hand tools, milling and woodworking machines, lathes, welding equipment, grinders, or saws.""]"
49-3042.00,"Mobile Heavy Equipment Mechanics, Except Engines","Diagnose, adjust, repair, or overhaul mobile mechanical, hydraulic, and pneumatic equipment, such as cranes, bulldozers, graders, and conveyors, used in construction, logging, and mining.","[""equipment maintenance"", ""troubleshooting"", ""repairing""]","[""repair and replace damaged or worn parts."", ""test mechanical products and equipment after repair or assembly to ensure proper performance and compliance with manufacturers' specifications."", ""operate and inspect machines or heavy equipment to diagnose defects."", ""read and understand operating manuals, blueprints, and technical drawings."", ""dismantle and reassemble heavy equipment using hoists and hand tools."", ""overhaul and test machines or equipment to ensure operating efficiency."", ""adjust, maintain, and repair or replace subassemblies, such as transmissions and crawler heads, using hand tools, jacks, and cranes."", ""repair, rewire, and troubleshoot electrical systems."", ""diagnose faults or malfunctions to determine required repairs, using engine diagnostic equipment such as computerized test equipment and calibration devices."", ""examine parts for damage or excessive wear, using micrometers and gauges."", ""weld or solder broken parts and structural members, using electric or gas welders and soldering tools.""]"
49-3043.00,Rail Car Repairers,"Diagnose, adjust, repair, or overhaul railroad rolling stock, mine cars, or mass transit rail cars.","[""troubleshooting"", ""repairing""]","[""record conditions of cars, and repair and maintenance work performed or to be performed."", ""inspect components such as bearings, seals, gaskets, wheels, and coupler assemblies to determine if repairs are needed."", ""repair or replace defective or worn parts such as bearings, pistons, and gears, using hand tools, torque wrenches, power tools, and welding equipment."", ""inspect the interior and exterior of rail cars coming into rail yards to identify defects and to determine the extent of wear and damage."", ""remove locomotives, car mechanical units, or other components, using pneumatic hoists and jacks, pinch bars, hand tools, and cutting torches.""]"
49-3051.00,Motorboat Mechanics and Service Technicians,Repair and adjust electrical and mechanical equipment of inboard or inboard-outboard boat engines.,"[""repairing""]","[""start motors and monitor performance for signs of malfunctioning, such as smoke, excessive vibration, or misfiring."", ""document inspection and test results and work performed or to be performed."", ""mount motors to boats, and operate boats at various speeds on waterways to conduct operational tests."", ""repair engine mechanical equipment, such as power tilts, bilge pumps, or power take-offs."", ""perform routine engine maintenance on motorboats, such as changing oil and filters."", ""replace parts, such as gears, magneto points, piston rings, or spark plugs, and reassemble engines.""]"
49-9041.00,Industrial Machinery Mechanics,"Repair, install, adjust, or maintain industrial production and processing machinery or refinery and pipeline distribution systems. May also install, dismantle, or move machinery and heavy equipment according to plans.","[""operations monitoring"", ""operation and control"", ""equipment maintenance"", ""troubleshooting"", ""repairing""]","[""repair or maintain the operating condition of industrial production or processing machinery or equipment."", ""repair or replace broken or malfunctioning components of machinery or equipment."", ""clean, lubricate, or adjust parts, equipment, or machinery."", ""disassemble machinery or equipment to remove parts and make repairs."", ""reassemble equipment after completion of inspections, testing, or repairs."", ""examine parts for defects, such as breakage or excessive wear."", ""record repairs and maintenance performed."", ""operate newly repaired machinery or equipment to verify the adequacy of repairs."", ""record parts or materials used and order or requisition new parts or materials, as necessary.""]"
49-9062.00,Medical Equipment Repairers,"Test, adjust, or repair biomedical or electromedical equipment.","[""equipment maintenance"", ""repairing""]","[""test or calibrate components or equipment, following manufacturers' manuals and troubleshooting techniques, using hand tools, power tools, or measuring devices."", ""perform preventive maintenance or service, such as cleaning, lubricating, or adjusting equipment."", ""inspect, test, or troubleshoot malfunctioning medical or related equipment, following manufacturers' specifications and using test and analysis instruments."", ""keep records of maintenance, repair, and required updates of equipment."", ""disassemble malfunctioning equipment and remove, repair, or replace defective parts, such as motors, clutches, or transformers."", ""examine medical equipment or facility's structural environment and check for proper use of equipment to protect patients and staff from electrical or mechanical hazards and to ensure compliance with safety regulations."", ""install medical equipment."", ""test, evaluate, and classify excess or in-use medical equipment and determine serviceability, condition, and disposition, in accordance with regulations."", ""plan and carry out work assignments, using blueprints, schematic drawings, technical manuals, wiring diagrams, or liquid or air flow sheets, following prescribed regulations, directives, or other instructions as required.""]"
49-9081.00,Wind Turbine Service Technicians,"Inspect, diagnose, adjust, or repair wind turbines. Perform maintenance on wind turbine equipment including resolving electrical, mechanical, and hydraulic malfunctions.","[""operations monitoring"", ""equipment maintenance"", ""troubleshooting"", ""repairing""]","[""troubleshoot or repair mechanical, hydraulic, or electrical malfunctions related to variable pitch systems, variable speed control systems, converter systems, or related components."", ""perform routine maintenance on wind turbine equipment, underground transmission systems, wind fields substations, or fiber optic sensing and control systems."", ""diagnose problems involving wind turbine generators or control systems."", ""test electrical components of wind systems with devices, such as voltage testers, multimeters, oscilloscopes, infrared testers, or fiber optic equipment."", ""start or restart wind turbine generator systems to ensure proper operations."", ""climb wind turbine towers to inspect, maintain, or repair equipment."", ""maintain tool and spare parts inventories required for repair, installation, or replacement services."", ""test structures, controls, or mechanical, hydraulic, or electrical systems, according to test plans or in coordination with engineers.""]"
49-9097.00,Signal and Track Switch Repairers,"Install, inspect, test, maintain, or repair electric gate crossings, signals, signal equipment, track switches, section lines, or intercommunications systems within a railroad system.","[""equipment maintenance"", ""troubleshooting"", ""repairing""]","[""inspect and test operation, mechanical parts, and circuitry of gate crossings, signals, and signal equipment such as interlocks and hotbox detectors."", ""inspect electrical units of railroad grade crossing gates and repair loose bolts and defective electrical connections and parts."", ""test and repair track circuits."", ""drive motor vehicles to job sites."", ""install, inspect, maintain, and repair various railroad service equipment on the road or in the shop, including railroad signal systems.""]"
51-4023.00,"Rolling Machine Setters, Operators, and Tenders, Metal and Plastic","Set up, operate, or tend machines to roll steel or plastic forming bends, beads, knurls, rolls, or plate, or to flatten, temper, or reduce gauge of material.","[""operations monitoring"", ""operation and control""]","[""monitor machine cycles and mill operation to detect jamming and to ensure that products conform to specifications."", ""adjust and correct machine set-ups to reduce thicknesses, reshape products, and eliminate product defects."", ""start operation of rolling and milling machines to flatten, temper, form, and reduce sheet metal sections and to produce steel strips."", ""examine, inspect, and measure raw materials and finished products to verify conformance to specifications."", ""read rolling orders, blueprints, and mill schedules to determine setup specifications, work sequences, product dimensions, and installation procedures."", ""manipulate controls and observe dial indicators to monitor, adjust, and regulate speeds of machine mechanisms."", ""set distance points between rolls, guides, meters, and stops, according to specifications."", ""calculate draft space and roll speed for each mill stand to plan rolling sequences and specified dimensions and tempers."", ""install equipment such as guides, guards, gears, cooling equipment, and rolls, using hand tools."", ""position, align, and secure arbors, spindles, coils, mandrels, dies, and slitting knives.""]"
51-4033.00,"Grinding, Lapping, Polishing, and Buffing Machine Tool Setters, Operators, and Tenders, Metal and Plastic","Set up, operate, or tend grinding and related tools that remove excess material or burrs from surfaces, sharpen edges or corners, or buff, hone, or polish metal or plastic work pieces.","[""operations monitoring"", ""operation and control""]","[""inspect or measure finished workpieces to determine conformance to specifications, using measuring instruments, such as gauges or micrometers."", ""measure workpieces and lay out work, using precision measuring devices."", ""observe machine operations to detect any problems, making necessary adjustments to correct problems."", ""move machine controls to index workpieces, and to adjust machines for pre-selected operational settings."", ""study blueprints, work orders, or machining instructions to determine product specifications, tool requirements, and operational sequences."", ""select machine tooling to be used, using knowledge of machine and production requirements."", ""mount and position tools in machine chucks, spindles, or other tool holding devices, using hand tools."", ""activate machine start-up switches to grind, lap, hone, debar, shear, or cut workpieces, according to specifications."", ""set up, operate, or tend grinding and related tools that remove excess material or burrs from surfaces, sharpen edges or corners, or buff, hone, or polish metal or plastic workpieces."", ""set and adjust machine controls according to product specifications, using knowledge of machine operation.""]"
51-4081.00,"Multiple Machine Tool Setters, Operators, and Tenders, Metal and Plastic","Set up, operate, or tend more than one type of cutting or forming machine tool or robot.","[""operations monitoring""]","[""inspect workpieces for defects, and measure workpieces to determine accuracy of machine operation, using rules, templates, or other measuring instruments."", ""position, adjust, and secure stock material or workpieces against stops, on arbors, or in chucks, fixtures, or automatic feeding mechanisms, manually or using hoists."", ""read blueprints or job orders to determine product specifications and tooling instructions and to plan operational sequences."", ""select, install, and adjust alignment of drills, cutters, dies, guides, and holding devices, using templates, measuring instruments, and hand tools."", ""observe machine operation to detect workpiece defects or machine malfunctions, adjusting machines as necessary."", ""set up and operate machines, such as lathes, cutters, shears, borers, millers, grinders, presses, drills, or auxiliary machines, to make metallic and plastic workpieces."", ""change worn machine accessories, such as cutting tools or brushes, using hand tools."", ""set machine stops or guides to specified lengths as indicated by scales, rules, or templates.""]"
51-6091.00,"Extruding and Forming Machine Setters, Operators, and Tenders, Synthetic and Glass Fibers","Set up, operate, or tend machines that extrude and form continuous filaments from synthetic materials, such as liquid polymer, rayon, and fiberglass.","[""operations monitoring""]","[""set up, operate, or tend machines that extrude and form filaments from synthetic materials such as rayon, fiberglass, or liquid polymers."", ""press buttons to stop machines when processes are complete or when malfunctions are detected."", ""notify other workers of defects, and direct them to adjust extruding and forming machines."", ""observe machine operations, control boards, and gauges to detect malfunctions such as clogged bushings and defective binder applicators."", ""load materials into extruding and forming machines, using hand tools, and adjust feed mechanisms to set feed rates.""]"
51-8011.00,Nuclear Power Reactor Operators,"Operate or control nuclear reactors. Move control rods, start and stop equipment, monitor and adjust controls, and record data in logs. Implement emergency procedures when needed. May respond to abnormalities, determine cause, and recommend corrective action.","[""reading comprehension"", ""operations monitoring"", ""operation and control""]","[""operate nuclear power reactors in accordance with policies and procedures to protect workers from radiation and to ensure environmental safety."", ""adjust controls to position rod and to regulate flux level, reactor period, coolant temperature, or rate of power flow, following standard procedures."", ""develop or implement actions such as lockouts, tagouts, or clearances to allow equipment to be safely repaired."", ""respond to system or unit abnormalities, diagnosing the cause, and recommending or taking corrective action."", ""monitor all systems for normal running conditions, performing activities such as checking gauges to assess output or the effects of generator loading on other equipment."", ""monitor or operate boilers, turbines, wells, or auxiliary power plant equipment."", ""record operating data, such as the results of surveillance tests."", ""implement operational procedures, such as those controlling start-up or shut-down activities."", ""note malfunctions of equipment, instruments, or controls and report these conditions to supervisors."", ""participate in nuclear fuel element handling activities, such as preparation, transfer, loading, or unloading."", ""dispatch orders or instructions to personnel through radiotelephone or intercommunication systems to coordinate auxiliary equipment operation."", ""review and edit standard operating procedures.""]"
51-8013.00,Power Plant Operators,"Control, operate, or maintain machinery to generate electric power. Includes auxiliary equipment operators.","[""operations monitoring""]","[""control generator output to match the phase, frequency, or voltage of electricity supplied to panels."", ""take regulatory action, based on readings from charts, meters and gauges, at established intervals."", ""control power generating equipment, including boilers, turbines, generators, or reactors, using control boards or semi-automatic equipment."", ""start or stop generators, auxiliary pumping equipment, turbines, or other power plant equipment as necessary."", ""monitor power plant equipment and indicators to detect evidence of operating problems."", ""operate or maintain distributed power generation equipment, including fuel cells or microturbines, to produce energy on-site for manufacturing or other commercial purposes."", ""open and close valves and switches in sequence to start or shut down auxiliary units."", ""control or maintain auxiliary equipment, such as pumps, fans, compressors, condensers, feedwater heaters, filters, or chlorinators, to supply water, fuel, lubricants, air, or auxiliary power."", ""regulate equipment operations and conditions, such as water levels, based on instrument data or from computers."", ""inspect records or log book entries or communicate with plant personnel to assess equipment operating status."", ""clean, lubricate, or maintain equipment, such as generators, turbines, pumps, or compressors, to prevent failure or deterioration."", ""record and compile operational data by completing and maintaining forms, logs, or reports.""]"
51-8013.03,Biomass Plant Technicians,Control and monitor biomass plant activities and perform maintenance as needed.,"[""operations monitoring""]","[""operate biomass fuel-burning boiler or biomass fuel gasification system equipment in accordance with specifications or instructions."", ""perform tests of water chemistry in boilers."", ""operate high-pressure steam boiler or water chiller equipment for electrical cogeneration operations."", ""operate equipment to heat biomass, using knowledge of controls, combustion, and firing mechanisms."", ""operate equipment to start, stop, or regulate biomass-fueled generators, generator units, boilers, engines, or auxiliary systems."", ""inspect biomass power plant or processing equipment, recording or reporting damage and mechanical problems."", ""record or report operational data, such as readings on meters, instruments, and gauges."", ""operate valves, pumps, engines, or generators to control and adjust production of biofuels or biomass-fueled power."", ""calculate, measure, load, or mix biomass feedstock for power generation."", ""clean work areas to ensure compliance with safety regulations."", ""perform routine maintenance or make minor repairs to mechanical, electrical, or electronic equipment in biomass plants.""]"
51-8021.00,Stationary Engineers and Boiler Operators,"Operate or maintain stationary engines, boilers, or other mechanical equipment to provide utilities for buildings or industrial processes. Operate equipment such as steam engines, generators, motors, turbines, and steam boilers.","[""operations monitoring""]","[""operate or tend stationary engines, boilers, and auxiliary equipment, such as pumps, compressors, or air-conditioning equipment, to supply and maintain steam or heat for buildings, marine vessels, or pneumatic tools."", ""activate valves to maintain required amounts of water in boilers, to adjust supplies of combustion air, and to control the flow of fuel into burners."", ""monitor boiler water, chemical, and fuel levels, and make adjustments to maintain required levels."", ""analyze problems and take appropriate action to ensure continuous and reliable operation of equipment and systems."", ""observe and interpret readings on gauges, meters, and charts registering various aspects of boiler operation to ensure that boilers are operating properly."", ""maintain daily logs of operation, maintenance, and safety activities, including test results, instrument readings, and details of equipment malfunctions and maintenance work."", ""test boiler water quality or arrange for testing and take necessary corrective action, such as adding chemicals to prevent corrosion and harmful deposits."", ""monitor and inspect equipment, computer terminals, switches, valves, gauges, alarms, safety devices, and meters to detect leaks or malfunctions and to ensure that equipment is operating efficiently and safely."", ""switch from automatic to manual controls and isolate equipment mechanically and electrically to allow for safe inspection and repair work."", ""perform or arrange for repairs, such as complete overhauls, replacement of defective valves, gaskets, or bearings, or fabrication of new parts."", ""adjust controls and/or valves on equipment to provide power, and to regulate and set operations of system or industrial processes."", ""clean and lubricate boilers and auxiliary equipment and make minor adjustments as needed, using hand tools."", ""develop operation, safety, and maintenance procedures or assist in their development.""]"
51-8091.00,Chemical Plant and System Operators,Control or operate entire chemical processes or system of machines.,"[""operations monitoring"", ""operation and control""]","[""monitor recording instruments, flowmeters, panel lights, or other indicators and listen for warning signals to verify conformity of process conditions."", ""regulate or shut down equipment during emergency situations, as directed by supervisory personnel."", ""control or operate chemical processes or systems of machines, using panelboards, control boards, or semi-automatic equipment."", ""move control settings to make necessary adjustments on equipment units affecting speeds of chemical reactions, quality, or yields."", ""inspect operating units, such as towers, soap-spray storage tanks, scrubbers, collectors, or driers to ensure that all are functioning and to maintain maximum efficiency."", ""draw samples of products and conduct quality control tests to monitor processing and to ensure that standards are met."", ""record operating data, such as process conditions, test results, or instrument readings."", ""patrol work areas to ensure that solutions in tanks or troughs are not in danger of overflowing."", ""turn valves to regulate flow of products or byproducts through agitator tanks, storage drums, or neutralizer tanks."", ""interpret chemical reactions visible through sight glasses or on television monitors and review laboratory test reports for process adjustments."", ""confer with technical and supervisory personnel to report or resolve conditions affecting safety, efficiency, or product quality."", ""start pumps to wash and rinse reactor vessels, to exhaust gases or vapors, to regulate the flow of oil, steam, air, or perfume to towers, or to add products to converter or blending vessels."", ""notify maintenance, stationary engineering, or other auxiliary personnel to correct equipment malfunctions or to adjust power, steam, water, or air supplies."", ""repair or replace damaged equipment.""]"
51-8092.00,Gas Plant Operators,Distribute or process gas for utility companies and others by controlling compressors to maintain specified pressures on main pipelines.,"[""operations monitoring""]","[""monitor equipment functioning, observe temperature, level, and flow gauges, and perform regular unit checks to ensure that all equipment is operating as it should."", ""distribute or process gas for utility companies or industrial plants, using panel boards, control boards, and semi-automatic equipment."", ""control operation of compressors, scrubbers, evaporators, and refrigeration equipment to liquefy, compress, or regasify natural gas."", ""control equipment to regulate flow and pressure of gas to feedlines of boilers, furnaces, and related steam-generating or heating equipment."", ""record, review, and compile operations records, test results, and gauge readings such as temperatures, pressures, concentrations, and flows."", ""determine causes of abnormal pressure variances, and make corrective recommendations, such as installation of pipes to relieve overloading."", ""adjust temperature, pressure, vacuum, level, flow rate, or transfer of gas to maintain processes at required levels or to correct problems."", ""collaborate with other operators to solve unit problems."", ""monitor transportation and storage of flammable and other potentially dangerous products to ensure that safety guidelines are followed."", ""start and shut down plant equipment."", ""read logsheets to determine product demand and disposition, or to detect malfunctions."", ""contact maintenance crews when necessary."", ""test gas, chemicals, and air during processing to assess factors such as purity and moisture content, and to detect quality problems or gas or chemical leaks."", ""clean, maintain, and repair equipment, using hand tools, or request that repair and maintenance work be performed.""]"
51-8093.00,"Petroleum Pump System Operators, Refinery Operators, and Gaugers","Operate or control petroleum refining or processing units. May specialize in controlling manifold and pumping systems, gauging or testing oil in storage tanks, or regulating the flow of oil into pipelines.","[""operations monitoring""]","[""signal other workers by telephone or radio to operate pumps, open and close valves, and check temperatures."", ""maintain and repair equipment, or report malfunctioning equipment to supervisors so that repairs can be scheduled."", ""monitor process indicators, instruments, gauges, and meters to detect and report any possible problems."", ""start pumps and open valves or use automated equipment to regulate the flow of oil in pipelines and into and out of tanks."", ""operate control panels to coordinate and regulate process variables such as temperature and pressure, and to direct product flow rate, according to process schedules."", ""verify that incoming and outgoing products are moving through the correct meters, and that meters are working properly."", ""patrol units to monitor the amount of oil in storage tanks, and to verify that activities and operations are safe, efficient, and in compliance with regulations."", ""plan movement of products through lines to processing, storage, and shipping units, using knowledge of system interconnections and capacities."", ""control or operate manifold and pumping systems to circulate liquids through a petroleum refinery."", ""operate auxiliary equipment and control multiple processing units during distilling or treating operations, moving controls that regulate valves, pumps, compressors, and auxiliary equipment."", ""collect product samples by turning bleeder valves, or by lowering containers into tanks to obtain oil samples.""]"
51-9161.00,Computer Numerically Controlled Tool Operators,"Operate computer-controlled tools, machines, or robots to machine or process parts, tools, or other work pieces made of metal, plastic, wood, stone, or other materials. May also set up and maintain equipment.","[""operations monitoring"", ""operation and control""]","[""measure dimensions of finished workpieces to ensure conformance to specifications, using precision measuring instruments, templates, and fixtures."", ""set up and operate computer-controlled machines or robots to perform one or more machine functions on metal or plastic workpieces."", ""mount, install, align, and secure tools, attachments, fixtures, and workpieces on machines, using hand tools and precision measuring instruments."", ""review program specifications or blueprints to determine and set machine operations and sequencing, finished workpiece dimensions, or numerical control sequences."", ""stop machines to remove finished workpieces or to change tooling, setup, or workpiece placement, according to required machining sequences."", ""listen to machines during operation to detect sounds such as those made by dull cutting tools or excessive vibration, and adjust machines to compensate for problems."", ""implement changes to machine programs, and enter new specifications, using computers."", ""calculate machine speed and feed ratios and the size and position of cuts."", ""transfer commands from servers to computer numerical control (cnc) modules, using computer network links."", ""remove and replace dull cutting tools."", ""check to ensure that workpieces are properly lubricated and cooled during machine operation."", ""adjust machine feed and speed, change cutting tools, or adjust machine controls when automatic programming is faulty or if machines malfunction."", ""monitor machine operation and control panel displays, and compare readings to specifications to detect malfunctions."", ""maintain machines and remove and replace broken or worn machine tools, using hand tools."", ""insert control instructions into machine control units to start operation."", ""modify cutting programs to account for problems encountered during operation, and save modified programs."", ""write simple programs for computer-controlled machine tools."", ""lift workpieces to machines manually or with hoists or cranes."", ""input initial part dimensions into machine control panels."", ""set up future jobs while machines are operating."", ""confer with supervisors or programmers to resolve machine malfunctions or production errors or to obtain approval to continue production.""]"
51-9162.00,Computer Numerically Controlled Tool Programmers,"Develop programs to control machining or processing of materials by automatic machine tools, equipment, or systems. May also set up, operate, or maintain equipment.","[""programming""]","[""write programs in the language of a machine's controller and store programs on media, such as punch tapes, magnetic tapes, or disks."", ""determine the sequence of machine operations, and select the proper cutting tools needed to machine workpieces into the desired shapes."", ""revise programs or tapes to eliminate errors, and retest programs to check that problems have been solved."", ""analyze job orders, drawings, blueprints, specifications, printed circuit board pattern films, and design data to calculate dimensions, tool selection, machine speeds, and feed rates."", ""write instruction sheets and cutter lists for a machine's controller to guide setup and encode numerical control tapes."", ""observe machines on trial runs or conduct computer simulations to ensure that programs and machinery will function properly and produce items that meet specifications."", ""enter computer commands to store or retrieve parts patterns, graphic displays, or programs that transfer data to other media.""]"
53-1043.00,First-Line Supervisors of Material-Moving Machine and Vehicle Operators,Directly supervise and coordinate activities of material-moving machine and vehicle operators and helpers.,"[""active listening"", ""coordination"", ""time management"", ""management of personnel resources""]","[""enforce safety rules and regulations."", ""interpret transportation or tariff regulations, shipping orders, safety regulations, or company policies and procedures for workers."", ""resolve worker problems or collaborate with employees to assist in problem resolution."", ""confer with customers, supervisors, contractors, or other personnel to exchange information or to resolve problems."", ""plan work assignments and equipment allocations to meet transportation, operations or production goals.""]"
53-2011.00,"Airline Pilots, Copilots, and Flight Engineers","Pilot and navigate the flight of fixed-wing aircraft, usually on scheduled air carrier routes, for the transport of passengers and cargo. Requires Federal Air Transport certificate and rating for specific aircraft type used. Includes regional, national, and international airline pilots and flight instructors of airline pilots.","[""active listening"", ""critical thinking"", ""monitoring"", ""operations monitoring"", ""operation and control"", ""judgment and decision making""]","[""use instrumentation to guide flights when visibility is poor."", ""start engines, operate controls, and pilot airplanes to transport passengers, mail, or freight, adhering to flight plans, regulations, and procedures."", ""work as part of a flight team with other crew members, especially during takeoffs and landings."", ""respond to and report in-flight emergencies and malfunctions."", ""inspect aircraft for defects and malfunctions, according to pre-flight checklists."", ""contact control towers for takeoff clearances, arrival instructions, and other information, using radio equipment."", ""monitor engine operation, fuel consumption, and functioning of aircraft systems during flights."", ""monitor gauges, warning devices, and control panels to verify aircraft performance and to regulate engine speed."", ""steer aircraft along planned routes, using autopilot and flight management computers."", ""check passenger and cargo distributions and fuel amounts to ensure that weight and balance specifications are met."", ""confer with flight dispatchers and weather forecasters to keep abreast of flight conditions."", ""order changes in fuel supplies, loads, routes, or schedules to ensure safety of flights."", ""brief crews about flight details, such as destinations, duties, and responsibilities.""]"
53-2012.00,Commercial Pilots,"Pilot and navigate the flight of fixed-wing aircraft on nonscheduled air carrier routes, or helicopters. Requires Commercial Pilot certificate. Includes charter pilots with similar certification, and air ambulance and air tour pilots. Excludes regional, national, and international airline pilots.","[""critical thinking"", ""monitoring"", ""operations monitoring"", ""operation and control""]","[""check aircraft prior to flights to ensure that the engines, controls, instruments, and other systems are functioning properly."", ""co-pilot aircraft or perform captain's duties, as required."", ""consider airport altitudes, outside temperatures, plane weights, and wind speeds and directions to calculate the speed needed to become airborne."", ""use instrumentation to pilot aircraft when visibility is poor."", ""monitor engine operation, fuel consumption, and functioning of aircraft systems during flights."", ""order changes in fuel supplies, loads, routes, or schedules to ensure safety of flights."", ""contact control towers for takeoff clearances, arrival instructions, and other information, using radio equipment."", ""plan flights according to government and company regulations, using aeronautical charts and navigation instruments."", ""start engines, operate controls, and pilot airplanes to transport passengers, mail, or freight according to flight plans, regulations, and procedures."", ""check baggage or cargo to ensure that it has been loaded correctly."", ""obtain and review data such as load weights, fuel supplies, weather conditions, and flight schedules to determine flight plans and identify needed changes."", ""conduct in-flight tests and evaluations at specified altitudes and in all types of weather to determine the receptivity and other characteristics of equipment and systems."", ""choose routes, altitudes, and speeds that will provide the fastest, safest, and smoothest flights."", ""write specified information in flight records, such as flight times, altitudes flown, and fuel consumption."", ""coordinate flight activities with ground crews and air traffic control, and inform crew members of flight and test procedures."", ""perform minor aircraft maintenance and repair work, or arrange for major maintenance."", ""supervise other crew members."", ""request changes in altitudes or routes as circumstances dictate.""]"
53-2021.00,Air Traffic Controllers,"Control air traffic on and within vicinity of airport, and movement of air traffic between altitude sectors and control centers, according to established procedures and policies. Authorize, regulate, and control commercial airline flights according to government or company regulations to expedite and ensure flight safety.","[""active listening"", ""speaking"", ""critical thinking"", ""monitoring"", ""complex problem solving"", ""judgment and decision making""]","[""inform pilots about nearby planes or potentially hazardous conditions, such as weather, speed and direction of wind, or visibility problems."", ""issue landing and take-off authorizations or instructions."", ""transfer control of departing flights to traffic control centers and accept control of arriving flights."", ""provide flight path changes or directions to emergency landing fields for pilots traveling in bad weather or in emergency situations."", ""alert airport emergency services in cases of emergency or when aircraft are experiencing difficulties."", ""monitor or direct the movement of aircraft within an assigned air space or on the ground at airports to minimize delays and maximize safety."", ""direct pilots to runways when space is available or direct them to maintain a traffic pattern until there is space for them to land."", ""monitor aircraft within a specific airspace, using radar, computer equipment, or visual references."", ""direct ground traffic, including taxiing aircraft, maintenance or baggage vehicles, or airport workers."", ""contact pilots by radio to provide meteorological, navigational, or other information."", ""maintain radio or telephone contact with adjacent control towers, terminal control units, or other area control centers to coordinate aircraft movement."", ""determine the timing or procedures for flight vector changes."", ""initiate or coordinate searches for missing aircraft."", ""provide on-the-job training to new air traffic controllers."", ""check conditions and traffic at different altitudes in response to pilots' requests for altitude changes."", ""relay air traffic information, such as courses, altitudes, or expected arrival times, to control centers."", ""inspect, adjust, or control radio equipment or airport lights."", ""compile information about flights from flight plans, pilot reports, radar, or observations."", ""organize flight plans or traffic management plans to prepare for planes about to enter assigned airspace.""]"
53-2022.00,Airfield Operations Specialists,"Ensure the safe takeoff and landing of commercial and military aircraft. Duties include coordination between air-traffic control and maintenance personnel, dispatching, using airfield landing and navigational aids, implementing airfield safety procedures, monitoring and maintaining flight records, and applying knowledge of weather information.","[""active listening"", ""monitoring""]","[""inspect airfield conditions to ensure compliance with federal regulatory requirements."", ""implement airfield safety procedures to ensure a safe operating environment for personnel and aircraft operation."", ""conduct inspections of the airport property and perimeter to maintain controlled access to airfields."", ""assist in responding to aircraft and medical emergencies."", ""initiate or conduct airport-wide coordination of snow removal on runways and taxiways."", ""manage wildlife on and around airport grounds."", ""coordinate communications between air traffic control and maintenance personnel."", ""perform and supervise airfield management activities, including mobile airfield management functions."", ""plan and coordinate airfield construction."", ""monitor the arrival, parking, refueling, loading, and departure of all aircraft."", ""train operations staff."", ""coordinate with agencies, such as air traffic control, civil engineers, or command posts, to ensure support of airfield management activities.""]"
53-2031.00,Flight Attendants,"Monitor safety of the aircraft cabin. Provide services to airline passengers, explain safety information, serve food and beverages, and respond to emergency incidents.","[""speaking""]","[""verify that first aid kits and other emergency equipment, including fire extinguishers and oxygen bottles, are in working order."", ""announce and demonstrate safety and emergency procedures, such as the use of oxygen masks, seat belts, and life jackets."", ""monitor passenger behavior to identify threats to the safety of the crew and other passengers."", ""walk aisles of planes to verify that passengers have complied with federal regulations prior to takeoffs and landings."", ""direct and assist passengers in emergency procedures, such as evacuating a plane following an emergency landing."", ""prepare passengers and aircraft for landing, following procedures."", ""administer first aid to passengers in distress."", ""determine special assistance needs of passengers, such as small children, the elderly, or persons with disabilities."", ""attend preflight briefings concerning weather, altitudes, routes, emergency procedures, crew coordination, lengths of flights, food and beverage services offered, and numbers of passengers."", ""reassure passengers when situations, such as turbulence, are encountered."", ""check to ensure that food, beverages, blankets, reading material, emergency equipment, and other supplies are aboard and are in adequate supply."", ""prepare reports showing places of departure and destination, passenger ticket numbers, meal and beverage inventories, the conditions of cabin equipment, and any problems encountered by passengers."", ""announce flight delays and descent preparations.""]"
53-4011.00,Locomotive Engineers,"Drive electric, diesel-electric, steam, or gas-turbine-electric locomotives to transport passengers or freight. Interpret train orders, electronic or manual signals, and railroad rules and regulations.","[""operations monitoring"", ""operation and control""]","[""interpret train orders, signals, or railroad rules and regulations that govern the operation of locomotives."", ""confer with conductors or traffic control center personnel via radiophones to issue or receive information concerning stops, delays, or oncoming trains."", ""receive starting signals from conductors and use controls such as throttles or air brakes to drive electric, diesel-electric, steam, or gas turbine-electric locomotives."", ""monitor gauges or meters that measure speed, amperage, battery charge, or air pressure in brake lines or in main reservoirs."", ""observe tracks to detect obstructions."", ""call out train signals to assistants to verify meanings."", ""operate locomotives to transport freight or passengers between stations or to assemble or disassemble trains within rail yards."", ""check to ensure that brake examination tests are conducted at shunting stations."", ""respond to emergency conditions or breakdowns, following applicable safety procedures and rules."", ""inspect locomotives to verify adequate fuel, sand, water, or other supplies before each run or to check for mechanical problems."", ""inspect locomotives after runs to detect damaged or defective equipment."", ""prepare reports regarding any problems encountered, such as accidents, signaling problems, unscheduled stops, or delays."", ""check to ensure that documentation, such as procedure manuals or logbooks, are in the driver's cab and available for staff use.""]"
53-6051.01,Aviation Inspectors,"Inspect aircraft, maintenance procedures, air navigational aids, air traffic controls, and communications equipment to ensure conformance with Federal safety regulations.","[""critical thinking""]","[""inspect work of aircraft mechanics performing maintenance, modification, or repair and overhaul of aircraft and aircraft mechanical systems to ensure adherence to standards and procedures."", ""examine maintenance records and flight logs to determine if service and maintenance checks and overhauls were performed at prescribed intervals."", ""inspect new, repaired, or modified aircraft to identify damage or defects and to assess airworthiness and conformance to standards, using checklists, hand tools, and test instruments."", ""approve or deny issuance of certificates of airworthiness."", ""prepare and maintain detailed repair, inspection, investigation, and certification records and reports."", ""examine landing gear, tires, and exteriors of fuselage, wings, and engines for evidence of damage or corrosion and the need for repairs."", ""recommend replacement, repair, or modification of aircraft equipment."", ""start aircraft and observe gauges, meters, and other instruments to detect evidence of malfunctions."", ""examine aircraft access plates and doors for security.""]"
53-7011.00,Conveyor Operators and Tenders,"Control or tend conveyors or conveyor systems that move materials or products to and from stockpiles, processing stations, departments, or vehicles. May control speed and routing of materials or products.","[""operations monitoring"", ""operation and control""]","[""inform supervisors of equipment malfunctions that need to be addressed."", ""observe conveyor operations and monitor lights, dials, and gauges to maintain specified operating levels and to detect equipment malfunctions."", ""record production data such as weights, types, quantities, and storage locations of materials, as well as equipment performance problems and downtime."", ""load, unload, or adjust materials or products on conveyors by hand, by using lifts, hoists, and scoops, or by opening gates, chutes, or hoppers."", ""stop equipment or machinery and clear jams, using poles, bars, and hand tools, or remove damaged materials from conveyors."", ""distribute materials, supplies, and equipment to work stations, using lifts and trucks.""]"
53-7071.00,Gas Compressor and Gas Pumping Station Operators,"Operate steam-, gas-, electric motor-, or internal combustion-engine driven compressors. Transmit, compress, or recover gases, such as butane, nitrogen, hydrogen, and natural gas.","[""operations monitoring""]","[""monitor meters and pressure gauges to determine consumption rate variations, temperatures, and pressures."", ""respond to problems by adjusting control room equipment or instructing other personnel to adjust equipment at problem locations or in other control areas."", ""record instrument readings and operational changes in operating logs."", ""adjust valves and equipment to obtain specified performance."", ""move controls and turn valves to start compressor engines, pumps, and auxiliary equipment."", ""operate power-driven pumps that transfer liquids, semi-liquids, gases, or powdered materials."", ""submit daily reports on facility operations.""]"
53-7073.00,Wellhead Pumpers,Operate power pumps and auxiliary equipment to produce flow of oil or gas from wells in oil field.,"[""operations monitoring""]","[""monitor pumps and flow lines for gas and fluid leaks."", ""gauge oil and gas production."", ""start compressor engines and divert oil from storage tanks into compressor units and auxiliary equipment to recover natural gas from oil."", ""monitor control panels during pumping operations to ensure that materials are being pumped at the correct pressure, density, rate, and concentration."", ""operate engines and pumps to shut off wells according to production schedules, and to switch flow of oil into storage tanks.""]"
